Copyright 1986-2022 Xilinx, Inc. All Rights Reserved. Copyright 2022-2026 Advanced Micro Devices, Inc. All Rights Reserved.
------------------------------------------------------------------------------------------------------------------------------------------------------------------------------------------------------------------------------------------------------------
| Tool Version : Vivado v.2026.1 (win64) Build 6511674 Tue Jun 16 11:02:23 MDT 2026
| Date         : Thu Oct  8 19:25:33 2026
| Host         : MostlyEtc running 64-bit major release  (build 9200)
| Command      : report_timing_summary -max_paths 10 -routable_nets -report_unconstrained -file design_1_wrapper_timing_summary_routed.rpt -pb design_1_wrapper_timing_summary_routed.pb -rpx design_1_wrapper_timing_summary_routed.rpx -warn_on_violation
| Design       : design_1_wrapper
| Device       : 7z010-clg400
| Speed File   : -1  PRODUCTION 1.12 2019-11-22
| Design State : Routed
------------------------------------------------------------------------------------------------------------------------------------------------------------------------------------------------------------------------------------------------------------

Timing Summary Report

------------------------------------------------------------------------------------------------
| Timer Settings
| --------------
------------------------------------------------------------------------------------------------

  Enable Multi Corner Analysis               :  Yes
  Enable Pessimism Removal                   :  Yes
  Pessimism Removal Resolution               :  Nearest Common Node
  Enable Input Delay Default Clock           :  No
  Enable Preset / Clear Arcs                 :  No
  Disable Flight Delays                      :  No
  Ignore I/O Paths                           :  No
  Timing Early Launch at Borrowing Latches   :  No
  Borrow Time for Max Delay Exceptions       :  Yes
  Merge Timing Exceptions                    :  Yes
  Inter-SLR Compensation                     :  Conservative

  Corner  Analyze    Analyze    
  Name    Max Paths  Min Paths  
  ------  ---------  ---------  
  Slow    Yes        Yes        
  Fast    Yes        Yes        


------------------------------------------------------------------------------------------------
| Report Methodology
| ------------------
------------------------------------------------------------------------------------------------

Rule       Severity  Description                                           Violations  
---------  --------  ----------------------------------------------------  ----------  
TIMING-9   Warning   Unknown CDC Logic                                     1           
TIMING-28  Warning   Auto-derived clock referenced by a timing constraint  1           

Note: This report is based on the most recent report_methodology run and may not be up-to-date. Run report_methodology on the current design for the latest report.



check_timing report

Table of Contents
-----------------
1. checking no_clock (0)
2. checking constant_clock (0)
3. checking pulse_width_clock (0)
4. checking unconstrained_internal_endpoints (0)
5. checking no_input_delay (1)
6. checking no_output_delay (4)
7. checking multiple_clock (0)
8. checking generated_clocks (0)
9. checking loops (0)
10. checking partial_input_delay (0)
11. checking partial_output_delay (0)
12. checking latch_loops (0)

1. checking no_clock (0)
------------------------
 There are 0 register/latch pins with no clock.


2. checking constant_clock (0)
------------------------------
 There are 0 register/latch pins with constant_clock.


3. checking pulse_width_clock (0)
---------------------------------
 There are 0 register/latch pins which need pulse_width check


4. checking unconstrained_internal_endpoints (0)
------------------------------------------------
 There are 0 pins that are not constrained for maximum delay.

 There are 0 pins that are not constrained for maximum delay due to constant clock.


5. checking no_input_delay (1)
------------------------------
 There is 1 input port with no input delay specified. (HIGH)

 There are 0 input ports with no input delay but user has a false path constraint.


6. checking no_output_delay (4)
-------------------------------
 There are 4 ports with no output delay specified. (HIGH)

 There are 0 ports with no output delay but user has a false path constraint

 There are 0 ports with no output delay but with a timing clock defined on it or propagating through it


7. checking multiple_clock (0)
------------------------------
 There are 0 register/latch pins with multiple clocks.


8. checking generated_clocks (0)
--------------------------------
 There are 0 generated clocks that are not connected to a clock source.


9. checking loops (0)
---------------------
 There are 0 combinational loops in the design.


10. checking partial_input_delay (0)
------------------------------------
 There are 0 input ports with partial input delay specified.


11. checking partial_output_delay (0)
-------------------------------------
 There are 0 ports with partial output delay specified.


12. checking latch_loops (0)
----------------------------
 There are 0 combinational latch loops in the design through latch input



------------------------------------------------------------------------------------------------
| Design Timing Summary
| ---------------------
------------------------------------------------------------------------------------------------

    WNS(ns)      TNS(ns)  TNS Failing Endpoints  TNS Total Endpoints      WHS(ns)      THS(ns)  THS Failing Endpoints  THS Total Endpoints     WPWS(ns)     TPWS(ns)  TPWS Failing Endpoints  TPWS Total Endpoints  
    -------      -------  ---------------------  -------------------      -------      -------  ---------------------  -------------------     --------     --------  ----------------------  --------------------  
     13.450        0.000                      0                 3075        0.056        0.000                      0                 3075        2.000        0.000                       0                  1063  


All user specified timing constraints are met.


------------------------------------------------------------------------------------------------
| Clock Summary
| -------------
------------------------------------------------------------------------------------------------

Clock                            Waveform(ns)         Period(ns)      Frequency(MHz)
-----                            ------------         ----------      --------------
clk_fpga_0                       {0.000 10.000}       20.000          50.000          
sys_clock                        {0.000 4.000}        8.000           125.000         
  clk_out1_design_1_clk_wiz_0_0  {0.000 40.690}       81.380          12.288          
  clkfbout_design_1_clk_wiz_0_0  {0.000 28.000}       56.000          17.857          


------------------------------------------------------------------------------------------------
| Intra Clock Table
| -----------------
------------------------------------------------------------------------------------------------

Clock                                WNS(ns)      TNS(ns)  TNS Failing Endpoints  TNS Total Endpoints      WHS(ns)      THS(ns)  THS Failing Endpoints  THS Total Endpoints     WPWS(ns)     TPWS(ns)  TPWS Failing Endpoints  TPWS Total Endpoints  
-----                                -------      -------  ---------------------  -------------------      -------      -------  ---------------------  -------------------     --------     --------  ----------------------  --------------------  
clk_fpga_0                            13.450        0.000                      0                 1984        0.088        0.000                      0                 1984        9.020        0.000                       0                   761  
sys_clock                                                                                                                                                                          2.000        0.000                       0                     1  
  clk_out1_design_1_clk_wiz_0_0       63.066        0.000                      0                 1091        0.056        0.000                      0                 1091       40.190        0.000                       0                   298  
  clkfbout_design_1_clk_wiz_0_0                                                                                                                                                   44.000        0.000                       0                     3  


------------------------------------------------------------------------------------------------
| Inter Clock Table
| -----------------
------------------------------------------------------------------------------------------------

From Clock    To Clock          WNS(ns)      TNS(ns)  TNS Failing Endpoints  TNS Total Endpoints      WHS(ns)      THS(ns)  THS Failing Endpoints  THS Total Endpoints  
----------    --------          -------      -------  ---------------------  -------------------      -------      -------  ---------------------  -------------------  


------------------------------------------------------------------------------------------------
| Other Path Groups Table
| -----------------------
------------------------------------------------------------------------------------------------

Path Group    From Clock    To Clock          WNS(ns)      TNS(ns)  TNS Failing Endpoints  TNS Total Endpoints      WHS(ns)      THS(ns)  THS Failing Endpoints  THS Total Endpoints  
----------    ----------    --------          -------      -------  ---------------------  -------------------      -------      -------  ---------------------  -------------------  


------------------------------------------------------------------------------------------------
| User Ignored Path Table
| -----------------------
------------------------------------------------------------------------------------------------

Path Group                     From Clock                     To Clock                     
----------                     ----------                     --------                     
(none)                                                        clk_fpga_0                     
(none)                         clk_fpga_0                     clk_fpga_0                     
(none)                         clk_fpga_0                     clk_out1_design_1_clk_wiz_0_0  


------------------------------------------------------------------------------------------------
| Unconstrained Path Table
| ------------------------
------------------------------------------------------------------------------------------------

Path Group                     From Clock                     To Clock                     
----------                     ----------                     --------                     
(none)                         clk_out1_design_1_clk_wiz_0_0                                 
(none)                                                        clk_out1_design_1_clk_wiz_0_0  


------------------------------------------------------------------------------------------------
| Timing Details
| --------------
------------------------------------------------------------------------------------------------


---------------------------------------------------------------------------------------------------
From Clock:  clk_fpga_0
  To Clock:  clk_fpga_0

Setup :            0  Failing Endpoints,  Worst Slack       13.450ns,  Total Violation        0.000ns
Hold  :            0  Failing Endpoints,  Worst Slack        0.088ns,  Total Violation        0.000ns
PW    :            0  Failing Endpoints,  Worst Slack        9.020ns,  Total Violation        0.000ns
---------------------------------------------------------------------------------------------------


Max Delay Paths
--------------------------------------------------------------------------------------
Slack (MET) :             13.450ns  (required time - arrival time)
  Source:                 design_1_i/axi_smc/inst/sc_ul/inst/gen_axi_full_nxm.sasd_inst/gen_read.r_m_dwsize_mux/dout_i1_reg[1]/C
                            (rising edge-triggered cell FDRE clocked by clk_fpga_0  {rise@0.000ns fall@10.000ns period=20.000ns})
  Destination:            design_1_i/axi_smc/inst/sc_ul/inst/gen_axi_full_nxm.sasd_inst/gen_read.ar_addr_reg[4]/D
                            (rising edge-triggered cell FDRE clocked by clk_fpga_0  {rise@0.000ns fall@10.000ns period=20.000ns})
  Path Group:             clk_fpga_0
  Path Type:              Setup (Max at Slow Process Corner)
  Requirement:            20.000ns  (clk_fpga_0 rise@20.000ns - clk_fpga_0 rise@0.000ns)
  Data Path Delay:        6.208ns  (logic 2.620ns (42.202%)  route 3.588ns (57.798%))
  Logic Levels:           8  (CARRY4=4 LUT2=1 LUT5=1 LUT6=2)
  Clock Path Skew:        -0.069ns (DCD - SCD + CPR)
    Destination Clock Delay (DCD):    2.733ns = ( 22.733 - 20.000 ) 
    Source Clock Delay      (SCD):    3.033ns
    Clock Pessimism Removal (CPR):    0.230ns
  Clock Uncertainty:      0.302ns  ((TSJ^2 + TIJ^2)^1/2 + DJ) / 2 + PE
    Total System Jitter     (TSJ):    0.071ns
    Total Input Jitter      (TIJ):    0.600ns
    Discrete Jitter          (DJ):    0.000ns
    Phase Error              (PE):    0.000ns

    Location             Delay type                Incr(ns)  Path(ns)    Netlist Resource(s)
  -------------------------------------------------------------------    -------------------
                         (clock clk_fpga_0 rise edge)
                                                      0.000     0.000 r  <hidden>
    PS7_X0Y0             PS7                          0.000     0.000 r  design_1_i/processing_system7_0/inst/PS7_i/FCLKCLK[0]
                         net (fo=1, routed)           1.207     1.207    design_1_i/processing_system7_0/inst/FCLK_CLK_unbuffered[0]
    BUFGCTRL_X0Y0        BUFG (Prop_bufg_I_O)         0.101     1.308 r  design_1_i/processing_system7_0/inst/buffer_fclk_clk_0.FCLK_CLK_0_BUFG/O
                         net (fo=761, routed)         1.725     3.033    design_1_i/axi_smc/inst/sc_ul/inst/gen_axi_full_nxm.sasd_inst/gen_read.r_m_dwsize_mux/aclk
    SLICE_X5Y38          FDRE                                         r  design_1_i/axi_smc/inst/sc_ul/inst/gen_axi_full_nxm.sasd_inst/gen_read.r_m_dwsize_mux/dout_i1_reg[1]/C
  -------------------------------------------------------------------    -------------------
    SLICE_X5Y38          FDRE (Prop_fdre_C_Q)         0.456     3.489 f  design_1_i/axi_smc/inst/sc_ul/inst/gen_axi_full_nxm.sasd_inst/gen_read.r_m_dwsize_mux/dout_i1_reg[1]/Q
                         net (fo=42, routed)          1.157     4.646    design_1_i/axi_smc/inst/sc_ul/inst/gen_axi_full_nxm.sasd_inst/gen_read.r_m_dwsize_mux/m_rdwsize[0]
    SLICE_X0Y35          LUT2 (Prop_lut2_I1_O)        0.124     4.770 r  design_1_i/axi_smc/inst/sc_ul/inst/gen_axi_full_nxm.sasd_inst/gen_read.r_m_dwsize_mux/gen_read.ar_addr[2]_i_8/O
                         net (fo=1, routed)           0.000     4.770    design_1_i/axi_smc/inst/sc_ul/inst/gen_axi_full_nxm.sasd_inst/gen_read.r_m_dwsize_mux/gen_read.ar_addr[2]_i_8_n_0
    SLICE_X0Y35          CARRY4 (Prop_carry4_S[1]_CO[3])
                                                      0.533     5.303 r  design_1_i/axi_smc/inst/sc_ul/inst/gen_axi_full_nxm.sasd_inst/gen_read.r_m_dwsize_mux/gen_read.ar_addr_reg[2]_i_4/CO[3]
                         net (fo=1, routed)           0.000     5.303    design_1_i/axi_smc/inst/sc_ul/inst/gen_axi_full_nxm.sasd_inst/gen_read.r_m_dwsize_mux/gen_read.ar_addr_reg[2]_i_4_n_0
    SLICE_X0Y36          CARRY4 (Prop_carry4_CI_CO[3])
                                                      0.117     5.420 r  design_1_i/axi_smc/inst/sc_ul/inst/gen_axi_full_nxm.sasd_inst/gen_read.r_m_dwsize_mux/gen_read.ar_addr_reg[11]_i_3/CO[3]
                         net (fo=1, routed)           0.000     5.420    design_1_i/axi_smc/inst/sc_ul/inst/gen_axi_full_nxm.sasd_inst/gen_read.r_m_dwsize_mux/gen_read.ar_addr_reg[11]_i_3_n_0
    SLICE_X0Y37          CARRY4 (Prop_carry4_CI_O[2])
                                                      0.239     5.659 r  design_1_i/axi_smc/inst/sc_ul/inst/gen_axi_full_nxm.sasd_inst/gen_read.r_m_dwsize_mux/gen_read.ar_addr_reg[11]_i_2/O[2]
                         net (fo=2, routed)           0.818     6.477    design_1_i/axi_smc/inst/sc_ul/inst/gen_axi_full_nxm.sasd_inst/gen_read.r_m_dwsize_mux/gen_read.ar_addr_reg[11][2]
    SLICE_X1Y36          LUT6 (Prop_lut6_I0_O)        0.301     6.778 r  design_1_i/axi_smc/inst/sc_ul/inst/gen_axi_full_nxm.sasd_inst/gen_read.r_m_dwsize_mux/gen_read.ar_addr[3]_i_11/O
                         net (fo=1, routed)           0.000     6.778    design_1_i/axi_smc/inst/sc_ul/inst/gen_axi_full_nxm.sasd_inst/gen_read.r_m_dwsize_mux/gen_read.ar_addr[3]_i_11_n_0
    SLICE_X1Y36          CARRY4 (Prop_carry4_S[3]_CO[3])
                                                      0.401     7.179 r  design_1_i/axi_smc/inst/sc_ul/inst/gen_axi_full_nxm.sasd_inst/gen_read.r_m_dwsize_mux/gen_read.ar_addr_reg[3]_i_8/CO[3]
                         net (fo=10, routed)          0.929     8.108    design_1_i/axi_smc/inst/sc_ul/inst/gen_axi_full_nxm.sasd_inst/gen_read.arctrl_mux/CO[0]
    SLICE_X1Y37          LUT5 (Prop_lut5_I3_O)        0.117     8.225 r  design_1_i/axi_smc/inst/sc_ul/inst/gen_axi_full_nxm.sasd_inst/gen_read.arctrl_mux/gen_read.ar_addr[3]_i_6/O
                         net (fo=11, routed)          0.684     8.909    design_1_i/axi_smc/inst/sc_ul/inst/gen_axi_full_nxm.sasd_inst/gen_read.arctrl_mux/gen_read.ar_addr[3]_i_6_n_0
    SLICE_X1Y34          LUT6 (Prop_lut6_I4_O)        0.332     9.241 r  design_1_i/axi_smc/inst/sc_ul/inst/gen_axi_full_nxm.sasd_inst/gen_read.arctrl_mux/gen_read.ar_addr[4]_i_1/O
                         net (fo=1, routed)           0.000     9.241    design_1_i/axi_smc/inst/sc_ul/inst/gen_axi_full_nxm.sasd_inst/gen_read.arctrl_mux_n_37
    SLICE_X1Y34          FDRE                                         r  design_1_i/axi_smc/inst/sc_ul/inst/gen_axi_full_nxm.sasd_inst/gen_read.ar_addr_reg[4]/D
  -------------------------------------------------------------------    -------------------

                         (clock clk_fpga_0 rise edge)
                                                     20.000    20.000 r  <hidden>
    PS7_X0Y0             PS7                          0.000    20.000 r  design_1_i/processing_system7_0/inst/PS7_i/FCLKCLK[0]
                         net (fo=1, routed)           1.101    21.101    design_1_i/processing_system7_0/inst/FCLK_CLK_unbuffered[0]
    BUFGCTRL_X0Y0        BUFG (Prop_bufg_I_O)         0.091    21.192 r  design_1_i/processing_system7_0/inst/buffer_fclk_clk_0.FCLK_CLK_0_BUFG/O
                         net (fo=761, routed)         1.541    22.734    design_1_i/axi_smc/inst/sc_ul/inst/gen_axi_full_nxm.sasd_inst/aclk
    SLICE_X1Y34          FDRE                                         r  design_1_i/axi_smc/inst/sc_ul/inst/gen_axi_full_nxm.sasd_inst/gen_read.ar_addr_reg[4]/C
                         clock pessimism              0.230    22.964    <hidden>
                         clock uncertainty           -0.302    22.662    <hidden>
    SLICE_X1Y34          FDRE (Setup_fdre_C_D)        0.029    22.691    design_1_i/axi_smc/inst/sc_ul/inst/gen_axi_full_nxm.sasd_inst/gen_read.ar_addr_reg[4]
  -------------------------------------------------------------------
                         required time                         22.691    <hidden>
                         arrival time                          -9.241    <hidden>
  -------------------------------------------------------------------
                         slack                                 13.450    <hidden>

Slack (MET) :             13.494ns  (required time - arrival time)
  Source:                 design_1_i/axi_smc/inst/sc_ul/inst/gen_axi_full_nxm.sasd_inst/gen_read.r_m_dwsize_mux/dout_i1_reg[1]/C
                            (rising edge-triggered cell FDRE clocked by clk_fpga_0  {rise@0.000ns fall@10.000ns period=20.000ns})
  Destination:            design_1_i/axi_smc/inst/sc_ul/inst/gen_axi_full_nxm.sasd_inst/gen_read.ar_addr_reg[6]/D
                            (rising edge-triggered cell FDRE clocked by clk_fpga_0  {rise@0.000ns fall@10.000ns period=20.000ns})
  Path Group:             clk_fpga_0
  Path Type:              Setup (Max at Slow Process Corner)
  Requirement:            20.000ns  (clk_fpga_0 rise@20.000ns - clk_fpga_0 rise@0.000ns)
  Data Path Delay:        6.208ns  (logic 2.620ns (42.201%)  route 3.588ns (57.799%))
  Logic Levels:           8  (CARRY4=4 LUT2=1 LUT5=2 LUT6=1)
  Clock Path Skew:        -0.027ns (DCD - SCD + CPR)
    Destination Clock Delay (DCD):    2.738ns = ( 22.739 - 20.000 ) 
    Source Clock Delay      (SCD):    3.033ns
    Clock Pessimism Removal (CPR):    0.267ns
  Clock Uncertainty:      0.302ns  ((TSJ^2 + TIJ^2)^1/2 + DJ) / 2 + PE
    Total System Jitter     (TSJ):    0.071ns
    Total Input Jitter      (TIJ):    0.600ns
    Discrete Jitter          (DJ):    0.000ns
    Phase Error              (PE):    0.000ns

    Location             Delay type                Incr(ns)  Path(ns)    Netlist Resource(s)
  -------------------------------------------------------------------    -------------------
                         (clock clk_fpga_0 rise edge)
                                                      0.000     0.000 r  <hidden>
    PS7_X0Y0             PS7                          0.000     0.000 r  design_1_i/processing_system7_0/inst/PS7_i/FCLKCLK[0]
                         net (fo=1, routed)           1.207     1.207    design_1_i/processing_system7_0/inst/FCLK_CLK_unbuffered[0]
    BUFGCTRL_X0Y0        BUFG (Prop_bufg_I_O)         0.101     1.308 r  design_1_i/processing_system7_0/inst/buffer_fclk_clk_0.FCLK_CLK_0_BUFG/O
                         net (fo=761, routed)         1.725     3.033    design_1_i/axi_smc/inst/sc_ul/inst/gen_axi_full_nxm.sasd_inst/gen_read.r_m_dwsize_mux/aclk
    SLICE_X5Y38          FDRE                                         r  design_1_i/axi_smc/inst/sc_ul/inst/gen_axi_full_nxm.sasd_inst/gen_read.r_m_dwsize_mux/dout_i1_reg[1]/C
  -------------------------------------------------------------------    -------------------
    SLICE_X5Y38          FDRE (Prop_fdre_C_Q)         0.456     3.489 f  design_1_i/axi_smc/inst/sc_ul/inst/gen_axi_full_nxm.sasd_inst/gen_read.r_m_dwsize_mux/dout_i1_reg[1]/Q
                         net (fo=42, routed)          1.157     4.646    design_1_i/axi_smc/inst/sc_ul/inst/gen_axi_full_nxm.sasd_inst/gen_read.r_m_dwsize_mux/m_rdwsize[0]
    SLICE_X0Y35          LUT2 (Prop_lut2_I1_O)        0.124     4.770 r  design_1_i/axi_smc/inst/sc_ul/inst/gen_axi_full_nxm.sasd_inst/gen_read.r_m_dwsize_mux/gen_read.ar_addr[2]_i_8/O
                         net (fo=1, routed)           0.000     4.770    design_1_i/axi_smc/inst/sc_ul/inst/gen_axi_full_nxm.sasd_inst/gen_read.r_m_dwsize_mux/gen_read.ar_addr[2]_i_8_n_0
    SLICE_X0Y35          CARRY4 (Prop_carry4_S[1]_CO[3])
                                                      0.533     5.303 r  design_1_i/axi_smc/inst/sc_ul/inst/gen_axi_full_nxm.sasd_inst/gen_read.r_m_dwsize_mux/gen_read.ar_addr_reg[2]_i_4/CO[3]
                         net (fo=1, routed)           0.000     5.303    design_1_i/axi_smc/inst/sc_ul/inst/gen_axi_full_nxm.sasd_inst/gen_read.r_m_dwsize_mux/gen_read.ar_addr_reg[2]_i_4_n_0
    SLICE_X0Y36          CARRY4 (Prop_carry4_CI_CO[3])
                                                      0.117     5.420 r  design_1_i/axi_smc/inst/sc_ul/inst/gen_axi_full_nxm.sasd_inst/gen_read.r_m_dwsize_mux/gen_read.ar_addr_reg[11]_i_3/CO[3]
                         net (fo=1, routed)           0.000     5.420    design_1_i/axi_smc/inst/sc_ul/inst/gen_axi_full_nxm.sasd_inst/gen_read.r_m_dwsize_mux/gen_read.ar_addr_reg[11]_i_3_n_0
    SLICE_X0Y37          CARRY4 (Prop_carry4_CI_O[2])
                                                      0.239     5.659 r  design_1_i/axi_smc/inst/sc_ul/inst/gen_axi_full_nxm.sasd_inst/gen_read.r_m_dwsize_mux/gen_read.ar_addr_reg[11]_i_2/O[2]
                         net (fo=2, routed)           0.818     6.477    design_1_i/axi_smc/inst/sc_ul/inst/gen_axi_full_nxm.sasd_inst/gen_read.r_m_dwsize_mux/gen_read.ar_addr_reg[11][2]
    SLICE_X1Y36          LUT6 (Prop_lut6_I0_O)        0.301     6.778 r  design_1_i/axi_smc/inst/sc_ul/inst/gen_axi_full_nxm.sasd_inst/gen_read.r_m_dwsize_mux/gen_read.ar_addr[3]_i_11/O
                         net (fo=1, routed)           0.000     6.778    design_1_i/axi_smc/inst/sc_ul/inst/gen_axi_full_nxm.sasd_inst/gen_read.r_m_dwsize_mux/gen_read.ar_addr[3]_i_11_n_0
    SLICE_X1Y36          CARRY4 (Prop_carry4_S[3]_CO[3])
                                                      0.401     7.179 r  design_1_i/axi_smc/inst/sc_ul/inst/gen_axi_full_nxm.sasd_inst/gen_read.r_m_dwsize_mux/gen_read.ar_addr_reg[3]_i_8/CO[3]
                         net (fo=10, routed)          0.929     8.108    design_1_i/axi_smc/inst/sc_ul/inst/gen_axi_full_nxm.sasd_inst/gen_read.arctrl_mux/CO[0]
    SLICE_X1Y37          LUT5 (Prop_lut5_I3_O)        0.117     8.225 r  design_1_i/axi_smc/inst/sc_ul/inst/gen_axi_full_nxm.sasd_inst/gen_read.arctrl_mux/gen_read.ar_addr[3]_i_6/O
                         net (fo=11, routed)          0.684     8.909    design_1_i/axi_smc/inst/sc_ul/inst/gen_axi_full_nxm.sasd_inst/gen_read.arctrl_mux/gen_read.ar_addr[3]_i_6_n_0
    SLICE_X3Y36          LUT5 (Prop_lut5_I3_O)        0.332     9.241 r  design_1_i/axi_smc/inst/sc_ul/inst/gen_axi_full_nxm.sasd_inst/gen_read.arctrl_mux/gen_read.ar_addr[6]_i_1/O
                         net (fo=1, routed)           0.000     9.241    design_1_i/axi_smc/inst/sc_ul/inst/gen_axi_full_nxm.sasd_inst/gen_read.arctrl_mux_n_35
    SLICE_X3Y36          FDRE                                         r  design_1_i/axi_smc/inst/sc_ul/inst/gen_axi_full_nxm.sasd_inst/gen_read.ar_addr_reg[6]/D
  -------------------------------------------------------------------    -------------------

                         (clock clk_fpga_0 rise edge)
                                                     20.000    20.000 r  <hidden>
    PS7_X0Y0             PS7                          0.000    20.000 r  design_1_i/processing_system7_0/inst/PS7_i/FCLKCLK[0]
                         net (fo=1, routed)           1.101    21.101    design_1_i/processing_system7_0/inst/FCLK_CLK_unbuffered[0]
    BUFGCTRL_X0Y0        BUFG (Prop_bufg_I_O)         0.091    21.192 r  design_1_i/processing_system7_0/inst/buffer_fclk_clk_0.FCLK_CLK_0_BUFG/O
                         net (fo=761, routed)         1.546    22.739    design_1_i/axi_smc/inst/sc_ul/inst/gen_axi_full_nxm.sasd_inst/aclk
    SLICE_X3Y36          FDRE                                         r  design_1_i/axi_smc/inst/sc_ul/inst/gen_axi_full_nxm.sasd_inst/gen_read.ar_addr_reg[6]/C
                         clock pessimism              0.267    23.006    <hidden>
                         clock uncertainty           -0.302    22.704    <hidden>
    SLICE_X3Y36          FDRE (Setup_fdre_C_D)        0.031    22.735    design_1_i/axi_smc/inst/sc_ul/inst/gen_axi_full_nxm.sasd_inst/gen_read.ar_addr_reg[6]
  -------------------------------------------------------------------
                         required time                         22.735    <hidden>
                         arrival time                          -9.241    <hidden>
  -------------------------------------------------------------------
                         slack                                 13.494    <hidden>

Slack (MET) :             13.503ns  (required time - arrival time)
  Source:                 design_1_i/axi_smc/inst/sc_ul/inst/gen_axi_full_nxm.sasd_inst/gen_read.r_m_dwsize_mux/dout_i1_reg[1]/C
                            (rising edge-triggered cell FDRE clocked by clk_fpga_0  {rise@0.000ns fall@10.000ns period=20.000ns})
  Destination:            design_1_i/axi_smc/inst/sc_ul/inst/gen_axi_full_nxm.sasd_inst/gen_read.ar_addr_reg[10]/D
                            (rising edge-triggered cell FDRE clocked by clk_fpga_0  {rise@0.000ns fall@10.000ns period=20.000ns})
  Path Group:             clk_fpga_0
  Path Type:              Setup (Max at Slow Process Corner)
  Requirement:            20.000ns  (clk_fpga_0 rise@20.000ns - clk_fpga_0 rise@0.000ns)
  Data Path Delay:        6.157ns  (logic 2.620ns (42.552%)  route 3.537ns (57.448%))
  Logic Levels:           8  (CARRY4=4 LUT2=1 LUT4=1 LUT5=1 LUT6=1)
  Clock Path Skew:        -0.067ns (DCD - SCD + CPR)
    Destination Clock Delay (DCD):    2.736ns = ( 22.736 - 20.000 ) 
    Source Clock Delay      (SCD):    3.033ns
    Clock Pessimism Removal (CPR):    0.230ns
  Clock Uncertainty:      0.302ns  ((TSJ^2 + TIJ^2)^1/2 + DJ) / 2 + PE
    Total System Jitter     (TSJ):    0.071ns
    Total Input Jitter      (TIJ):    0.600ns
    Discrete Jitter          (DJ):    0.000ns
    Phase Error              (PE):    0.000ns

    Location             Delay type                Incr(ns)  Path(ns)    Netlist Resource(s)
  -------------------------------------------------------------------    -------------------
                         (clock clk_fpga_0 rise edge)
                                                      0.000     0.000 r  <hidden>
    PS7_X0Y0             PS7                          0.000     0.000 r  design_1_i/processing_system7_0/inst/PS7_i/FCLKCLK[0]
                         net (fo=1, routed)           1.207     1.207    design_1_i/processing_system7_0/inst/FCLK_CLK_unbuffered[0]
    BUFGCTRL_X0Y0        BUFG (Prop_bufg_I_O)         0.101     1.308 r  design_1_i/processing_system7_0/inst/buffer_fclk_clk_0.FCLK_CLK_0_BUFG/O
                         net (fo=761, routed)         1.725     3.033    design_1_i/axi_smc/inst/sc_ul/inst/gen_axi_full_nxm.sasd_inst/gen_read.r_m_dwsize_mux/aclk
    SLICE_X5Y38          FDRE                                         r  design_1_i/axi_smc/inst/sc_ul/inst/gen_axi_full_nxm.sasd_inst/gen_read.r_m_dwsize_mux/dout_i1_reg[1]/C
  -------------------------------------------------------------------    -------------------
    SLICE_X5Y38          FDRE (Prop_fdre_C_Q)         0.456     3.489 f  design_1_i/axi_smc/inst/sc_ul/inst/gen_axi_full_nxm.sasd_inst/gen_read.r_m_dwsize_mux/dout_i1_reg[1]/Q
                         net (fo=42, routed)          1.157     4.646    design_1_i/axi_smc/inst/sc_ul/inst/gen_axi_full_nxm.sasd_inst/gen_read.r_m_dwsize_mux/m_rdwsize[0]
    SLICE_X0Y35          LUT2 (Prop_lut2_I1_O)        0.124     4.770 r  design_1_i/axi_smc/inst/sc_ul/inst/gen_axi_full_nxm.sasd_inst/gen_read.r_m_dwsize_mux/gen_read.ar_addr[2]_i_8/O
                         net (fo=1, routed)           0.000     4.770    design_1_i/axi_smc/inst/sc_ul/inst/gen_axi_full_nxm.sasd_inst/gen_read.r_m_dwsize_mux/gen_read.ar_addr[2]_i_8_n_0
    SLICE_X0Y35          CARRY4 (Prop_carry4_S[1]_CO[3])
                                                      0.533     5.303 r  design_1_i/axi_smc/inst/sc_ul/inst/gen_axi_full_nxm.sasd_inst/gen_read.r_m_dwsize_mux/gen_read.ar_addr_reg[2]_i_4/CO[3]
                         net (fo=1, routed)           0.000     5.303    design_1_i/axi_smc/inst/sc_ul/inst/gen_axi_full_nxm.sasd_inst/gen_read.r_m_dwsize_mux/gen_read.ar_addr_reg[2]_i_4_n_0
    SLICE_X0Y36          CARRY4 (Prop_carry4_CI_CO[3])
                                                      0.117     5.420 r  design_1_i/axi_smc/inst/sc_ul/inst/gen_axi_full_nxm.sasd_inst/gen_read.r_m_dwsize_mux/gen_read.ar_addr_reg[11]_i_3/CO[3]
                         net (fo=1, routed)           0.000     5.420    design_1_i/axi_smc/inst/sc_ul/inst/gen_axi_full_nxm.sasd_inst/gen_read.r_m_dwsize_mux/gen_read.ar_addr_reg[11]_i_3_n_0
    SLICE_X0Y37          CARRY4 (Prop_carry4_CI_O[2])
                                                      0.239     5.659 r  design_1_i/axi_smc/inst/sc_ul/inst/gen_axi_full_nxm.sasd_inst/gen_read.r_m_dwsize_mux/gen_read.ar_addr_reg[11]_i_2/O[2]
                         net (fo=2, routed)           0.818     6.477    design_1_i/axi_smc/inst/sc_ul/inst/gen_axi_full_nxm.sasd_inst/gen_read.r_m_dwsize_mux/gen_read.ar_addr_reg[11][2]
    SLICE_X1Y36          LUT6 (Prop_lut6_I0_O)        0.301     6.778 r  design_1_i/axi_smc/inst/sc_ul/inst/gen_axi_full_nxm.sasd_inst/gen_read.r_m_dwsize_mux/gen_read.ar_addr[3]_i_11/O
                         net (fo=1, routed)           0.000     6.778    design_1_i/axi_smc/inst/sc_ul/inst/gen_axi_full_nxm.sasd_inst/gen_read.r_m_dwsize_mux/gen_read.ar_addr[3]_i_11_n_0
    SLICE_X1Y36          CARRY4 (Prop_carry4_S[3]_CO[3])
                                                      0.401     7.179 r  design_1_i/axi_smc/inst/sc_ul/inst/gen_axi_full_nxm.sasd_inst/gen_read.r_m_dwsize_mux/gen_read.ar_addr_reg[3]_i_8/CO[3]
                         net (fo=10, routed)          0.929     8.108    design_1_i/axi_smc/inst/sc_ul/inst/gen_axi_full_nxm.sasd_inst/gen_read.arctrl_mux/CO[0]
    SLICE_X1Y37          LUT5 (Prop_lut5_I3_O)        0.117     8.225 r  design_1_i/axi_smc/inst/sc_ul/inst/gen_axi_full_nxm.sasd_inst/gen_read.arctrl_mux/gen_read.ar_addr[3]_i_6/O
                         net (fo=11, routed)          0.633     8.858    design_1_i/axi_smc/inst/sc_ul/inst/gen_axi_full_nxm.sasd_inst/gen_read.arctrl_mux/gen_read.ar_addr[3]_i_6_n_0
    SLICE_X1Y37          LUT4 (Prop_lut4_I0_O)        0.332     9.190 r  design_1_i/axi_smc/inst/sc_ul/inst/gen_axi_full_nxm.sasd_inst/gen_read.arctrl_mux/gen_read.ar_addr[10]_i_1/O
                         net (fo=1, routed)           0.000     9.190    design_1_i/axi_smc/inst/sc_ul/inst/gen_axi_full_nxm.sasd_inst/gen_read.arctrl_mux_n_31
    SLICE_X1Y37          FDRE                                         r  design_1_i/axi_smc/inst/sc_ul/inst/gen_axi_full_nxm.sasd_inst/gen_read.ar_addr_reg[10]/D
  -------------------------------------------------------------------    -------------------

                         (clock clk_fpga_0 rise edge)
                                                     20.000    20.000 r  <hidden>
    PS7_X0Y0             PS7                          0.000    20.000 r  design_1_i/processing_system7_0/inst/PS7_i/FCLKCLK[0]
                         net (fo=1, routed)           1.101    21.101    design_1_i/processing_system7_0/inst/FCLK_CLK_unbuffered[0]
    BUFGCTRL_X0Y0        BUFG (Prop_bufg_I_O)         0.091    21.192 r  design_1_i/processing_system7_0/inst/buffer_fclk_clk_0.FCLK_CLK_0_BUFG/O
                         net (fo=761, routed)         1.543    22.736    design_1_i/axi_smc/inst/sc_ul/inst/gen_axi_full_nxm.sasd_inst/aclk
    SLICE_X1Y37          FDRE                                         r  design_1_i/axi_smc/inst/sc_ul/inst/gen_axi_full_nxm.sasd_inst/gen_read.ar_addr_reg[10]/C
                         clock pessimism              0.230    22.966    <hidden>
                         clock uncertainty           -0.302    22.664    <hidden>
    SLICE_X1Y37          FDRE (Setup_fdre_C_D)        0.029    22.693    design_1_i/axi_smc/inst/sc_ul/inst/gen_axi_full_nxm.sasd_inst/gen_read.ar_addr_reg[10]
  -------------------------------------------------------------------
                         required time                         22.693    <hidden>
                         arrival time                          -9.190    <hidden>
  -------------------------------------------------------------------
                         slack                                 13.503    <hidden>

Slack (MET) :             13.532ns  (required time - arrival time)
  Source:                 design_1_i/axi_smc/inst/sc_ul/inst/gen_axi_full_nxm.sasd_inst/gen_write.aw_addr_reg[0]/C
                            (rising edge-triggered cell FDRE clocked by clk_fpga_0  {rise@0.000ns fall@10.000ns period=20.000ns})
  Destination:            design_1_i/axi_smc/inst/sc_ul/inst/gen_axi_full_nxm.sasd_inst/gen_write.aw_addr_reg[6]/D
                            (rising edge-triggered cell FDRE clocked by clk_fpga_0  {rise@0.000ns fall@10.000ns period=20.000ns})
  Path Group:             clk_fpga_0
  Path Type:              Setup (Max at Slow Process Corner)
  Requirement:            20.000ns  (clk_fpga_0 rise@20.000ns - clk_fpga_0 rise@0.000ns)
  Data Path Delay:        6.173ns  (logic 2.405ns (38.958%)  route 3.768ns (61.042%))
  Logic Levels:           7  (CARRY4=3 LUT3=1 LUT4=1 LUT5=1 LUT6=1)
  Clock Path Skew:        -0.025ns (DCD - SCD + CPR)
    Destination Clock Delay (DCD):    2.743ns = ( 22.743 - 20.000 ) 
    Source Clock Delay      (SCD):    3.036ns
    Clock Pessimism Removal (CPR):    0.267ns
  Clock Uncertainty:      0.302ns  ((TSJ^2 + TIJ^2)^1/2 + DJ) / 2 + PE
    Total System Jitter     (TSJ):    0.071ns
    Total Input Jitter      (TIJ):    0.600ns
    Discrete Jitter          (DJ):    0.000ns
    Phase Error              (PE):    0.000ns

    Location             Delay type                Incr(ns)  Path(ns)    Netlist Resource(s)
  -------------------------------------------------------------------    -------------------
                         (clock clk_fpga_0 rise edge)
                                                      0.000     0.000 r  <hidden>
    PS7_X0Y0             PS7                          0.000     0.000 r  design_1_i/processing_system7_0/inst/PS7_i/FCLKCLK[0]
                         net (fo=1, routed)           1.207     1.207    design_1_i/processing_system7_0/inst/FCLK_CLK_unbuffered[0]
    BUFGCTRL_X0Y0        BUFG (Prop_bufg_I_O)         0.101     1.308 r  design_1_i/processing_system7_0/inst/buffer_fclk_clk_0.FCLK_CLK_0_BUFG/O
                         net (fo=761, routed)         1.728     3.036    design_1_i/axi_smc/inst/sc_ul/inst/gen_axi_full_nxm.sasd_inst/aclk
    SLICE_X3Y46          FDRE                                         r  design_1_i/axi_smc/inst/sc_ul/inst/gen_axi_full_nxm.sasd_inst/gen_write.aw_addr_reg[0]/C
  -------------------------------------------------------------------    -------------------
    SLICE_X3Y46          FDRE (Prop_fdre_C_Q)         0.456     3.492 r  design_1_i/axi_smc/inst/sc_ul/inst/gen_axi_full_nxm.sasd_inst/gen_write.aw_addr_reg[0]/Q
                         net (fo=3, routed)           1.160     4.652    design_1_i/axi_smc/inst/sc_ul/inst/gen_axi_full_nxm.sasd_inst/m_axi_awaddr_vec[0]
    SLICE_X4Y43          LUT4 (Prop_lut4_I1_O)        0.124     4.776 r  design_1_i/axi_smc/inst/sc_ul/inst/gen_axi_full_nxm.sasd_inst/gen_write.aw_addr[3]_i_11/O
                         net (fo=1, routed)           0.000     4.776    design_1_i/axi_smc/inst/sc_ul/inst/gen_axi_full_nxm.sasd_inst/gen_write.aw_addr[3]_i_11_n_0
    SLICE_X4Y43          CARRY4 (Prop_carry4_S[0]_CO[3])
                                                      0.513     5.289 r  design_1_i/axi_smc/inst/sc_ul/inst/gen_axi_full_nxm.sasd_inst/gen_write.aw_addr_reg[3]_i_7/CO[3]
                         net (fo=1, routed)           0.000     5.289    design_1_i/axi_smc/inst/sc_ul/inst/gen_axi_full_nxm.sasd_inst/gen_write.aw_addr_reg[3]_i_7_n_0
    SLICE_X4Y44          CARRY4 (Prop_carry4_CI_O[0])
                                                      0.219     5.508 r  design_1_i/axi_smc/inst/sc_ul/inst/gen_axi_full_nxm.sasd_inst/gen_write.aw_addr_reg[7]_i_3/O[0]
                         net (fo=2, routed)           0.807     6.315    design_1_i/axi_smc/inst/sc_ul/inst/gen_axi_full_nxm.sasd_inst/next_awaddr_i[4]
    SLICE_X3Y44          LUT6 (Prop_lut6_I0_O)        0.295     6.610 r  design_1_i/axi_smc/inst/sc_ul/inst/gen_axi_full_nxm.sasd_inst/gen_write.aw_addr[0]_i_5/O
                         net (fo=1, routed)           0.000     6.610    design_1_i/axi_smc/inst/sc_ul/inst/gen_axi_full_nxm.sasd_inst/gen_write.aw_addr[0]_i_5_n_0
    SLICE_X3Y44          CARRY4 (Prop_carry4_S[1]_CO[3])
                                                      0.550     7.160 r  design_1_i/axi_smc/inst/sc_ul/inst/gen_axi_full_nxm.sasd_inst/gen_write.aw_addr_reg[0]_i_2/CO[3]
                         net (fo=3, routed)           0.884     8.044    design_1_i/axi_smc/inst/sc_ul/inst/gen_axi_full_nxm.sasd_inst/gen_write.awctrl_mux/CO[0]
    SLICE_X2Y46          LUT3 (Prop_lut3_I0_O)        0.124     8.168 r  design_1_i/axi_smc/inst/sc_ul/inst/gen_axi_full_nxm.sasd_inst/gen_write.awctrl_mux/gen_write.aw_addr[3]_i_6/O
                         net (fo=10, routed)          0.917     9.085    design_1_i/axi_smc/inst/sc_ul/inst/gen_axi_full_nxm.sasd_inst/gen_write.awctrl_mux/gen_write.aw_addr[3]_i_6_n_0
    SLICE_X5Y43          LUT5 (Prop_lut5_I3_O)        0.124     9.209 r  design_1_i/axi_smc/inst/sc_ul/inst/gen_axi_full_nxm.sasd_inst/gen_write.awctrl_mux/gen_write.aw_addr[6]_i_1/O
                         net (fo=1, routed)           0.000     9.209    design_1_i/axi_smc/inst/sc_ul/inst/gen_axi_full_nxm.sasd_inst/gen_write.awctrl_mux_n_11
    SLICE_X5Y43          FDRE                                         r  design_1_i/axi_smc/inst/sc_ul/inst/gen_axi_full_nxm.sasd_inst/gen_write.aw_addr_reg[6]/D
  -------------------------------------------------------------------    -------------------

                         (clock clk_fpga_0 rise edge)
                                                     20.000    20.000 r  <hidden>
    PS7_X0Y0             PS7                          0.000    20.000 r  design_1_i/processing_system7_0/inst/PS7_i/FCLKCLK[0]
                         net (fo=1, routed)           1.101    21.101    design_1_i/processing_system7_0/inst/FCLK_CLK_unbuffered[0]
    BUFGCTRL_X0Y0        BUFG (Prop_bufg_I_O)         0.091    21.192 r  design_1_i/processing_system7_0/inst/buffer_fclk_clk_0.FCLK_CLK_0_BUFG/O
                         net (fo=761, routed)         1.551    22.743    design_1_i/axi_smc/inst/sc_ul/inst/gen_axi_full_nxm.sasd_inst/aclk
    SLICE_X5Y43          FDRE                                         r  design_1_i/axi_smc/inst/sc_ul/inst/gen_axi_full_nxm.sasd_inst/gen_write.aw_addr_reg[6]/C
                         clock pessimism              0.267    23.011    <hidden>
                         clock uncertainty           -0.302    22.709    <hidden>
    SLICE_X5Y43          FDRE (Setup_fdre_C_D)        0.032    22.741    design_1_i/axi_smc/inst/sc_ul/inst/gen_axi_full_nxm.sasd_inst/gen_write.aw_addr_reg[6]
  -------------------------------------------------------------------
                         required time                         22.741    <hidden>
                         arrival time                          -9.209    <hidden>
  -------------------------------------------------------------------
                         slack                                 13.532    <hidden>

Slack (MET) :             13.534ns  (required time - arrival time)
  Source:                 design_1_i/axi_smc/inst/sc_ul/inst/gen_axi_full_nxm.sasd_inst/gen_write.aw_addr_reg[0]/C
                            (rising edge-triggered cell FDRE clocked by clk_fpga_0  {rise@0.000ns fall@10.000ns period=20.000ns})
  Destination:            design_1_i/axi_smc/inst/sc_ul/inst/gen_axi_full_nxm.sasd_inst/gen_write.aw_addr_reg[5]/D
                            (rising edge-triggered cell FDRE clocked by clk_fpga_0  {rise@0.000ns fall@10.000ns period=20.000ns})
  Path Group:             clk_fpga_0
  Path Type:              Setup (Max at Slow Process Corner)
  Requirement:            20.000ns  (clk_fpga_0 rise@20.000ns - clk_fpga_0 rise@0.000ns)
  Data Path Delay:        6.170ns  (logic 2.405ns (38.977%)  route 3.765ns (61.023%))
  Logic Levels:           7  (CARRY4=3 LUT3=1 LUT4=1 LUT5=1 LUT6=1)
  Clock Path Skew:        -0.025ns (DCD - SCD + CPR)
    Destination Clock Delay (DCD):    2.743ns = ( 22.743 - 20.000 ) 
    Source Clock Delay      (SCD):    3.036ns
    Clock Pessimism Removal (CPR):    0.267ns
  Clock Uncertainty:      0.302ns  ((TSJ^2 + TIJ^2)^1/2 + DJ) / 2 + PE
    Total System Jitter     (TSJ):    0.071ns
    Total Input Jitter      (TIJ):    0.600ns
    Discrete Jitter          (DJ):    0.000ns
    Phase Error              (PE):    0.000ns

    Location             Delay type                Incr(ns)  Path(ns)    Netlist Resource(s)
  -------------------------------------------------------------------    -------------------
                         (clock clk_fpga_0 rise edge)
                                                      0.000     0.000 r  <hidden>
    PS7_X0Y0             PS7                          0.000     0.000 r  design_1_i/processing_system7_0/inst/PS7_i/FCLKCLK[0]
                         net (fo=1, routed)           1.207     1.207    design_1_i/processing_system7_0/inst/FCLK_CLK_unbuffered[0]
    BUFGCTRL_X0Y0        BUFG (Prop_bufg_I_O)         0.101     1.308 r  design_1_i/processing_system7_0/inst/buffer_fclk_clk_0.FCLK_CLK_0_BUFG/O
                         net (fo=761, routed)         1.728     3.036    design_1_i/axi_smc/inst/sc_ul/inst/gen_axi_full_nxm.sasd_inst/aclk
    SLICE_X3Y46          FDRE                                         r  design_1_i/axi_smc/inst/sc_ul/inst/gen_axi_full_nxm.sasd_inst/gen_write.aw_addr_reg[0]/C
  -------------------------------------------------------------------    -------------------
    SLICE_X3Y46          FDRE (Prop_fdre_C_Q)         0.456     3.492 r  design_1_i/axi_smc/inst/sc_ul/inst/gen_axi_full_nxm.sasd_inst/gen_write.aw_addr_reg[0]/Q
                         net (fo=3, routed)           1.160     4.652    design_1_i/axi_smc/inst/sc_ul/inst/gen_axi_full_nxm.sasd_inst/m_axi_awaddr_vec[0]
    SLICE_X4Y43          LUT4 (Prop_lut4_I1_O)        0.124     4.776 r  design_1_i/axi_smc/inst/sc_ul/inst/gen_axi_full_nxm.sasd_inst/gen_write.aw_addr[3]_i_11/O
                         net (fo=1, routed)           0.000     4.776    design_1_i/axi_smc/inst/sc_ul/inst/gen_axi_full_nxm.sasd_inst/gen_write.aw_addr[3]_i_11_n_0
    SLICE_X4Y43          CARRY4 (Prop_carry4_S[0]_CO[3])
                                                      0.513     5.289 r  design_1_i/axi_smc/inst/sc_ul/inst/gen_axi_full_nxm.sasd_inst/gen_write.aw_addr_reg[3]_i_7/CO[3]
                         net (fo=1, routed)           0.000     5.289    design_1_i/axi_smc/inst/sc_ul/inst/gen_axi_full_nxm.sasd_inst/gen_write.aw_addr_reg[3]_i_7_n_0
    SLICE_X4Y44          CARRY4 (Prop_carry4_CI_O[0])
                                                      0.219     5.508 r  design_1_i/axi_smc/inst/sc_ul/inst/gen_axi_full_nxm.sasd_inst/gen_write.aw_addr_reg[7]_i_3/O[0]
                         net (fo=2, routed)           0.807     6.315    design_1_i/axi_smc/inst/sc_ul/inst/gen_axi_full_nxm.sasd_inst/next_awaddr_i[4]
    SLICE_X3Y44          LUT6 (Prop_lut6_I0_O)        0.295     6.610 r  design_1_i/axi_smc/inst/sc_ul/inst/gen_axi_full_nxm.sasd_inst/gen_write.aw_addr[0]_i_5/O
                         net (fo=1, routed)           0.000     6.610    design_1_i/axi_smc/inst/sc_ul/inst/gen_axi_full_nxm.sasd_inst/gen_write.aw_addr[0]_i_5_n_0
    SLICE_X3Y44          CARRY4 (Prop_carry4_S[1]_CO[3])
                                                      0.550     7.160 r  design_1_i/axi_smc/inst/sc_ul/inst/gen_axi_full_nxm.sasd_inst/gen_write.aw_addr_reg[0]_i_2/CO[3]
                         net (fo=3, routed)           0.884     8.044    design_1_i/axi_smc/inst/sc_ul/inst/gen_axi_full_nxm.sasd_inst/gen_write.awctrl_mux/CO[0]
    SLICE_X2Y46          LUT3 (Prop_lut3_I0_O)        0.124     8.168 r  design_1_i/axi_smc/inst/sc_ul/inst/gen_axi_full_nxm.sasd_inst/gen_write.awctrl_mux/gen_write.aw_addr[3]_i_6/O
                         net (fo=10, routed)          0.914     9.082    design_1_i/axi_smc/inst/sc_ul/inst/gen_axi_full_nxm.sasd_inst/gen_write.awctrl_mux/gen_write.aw_addr[3]_i_6_n_0
    SLICE_X5Y43          LUT5 (Prop_lut5_I3_O)        0.124     9.206 r  design_1_i/axi_smc/inst/sc_ul/inst/gen_axi_full_nxm.sasd_inst/gen_write.awctrl_mux/gen_write.aw_addr[5]_i_1/O
                         net (fo=1, routed)           0.000     9.206    design_1_i/axi_smc/inst/sc_ul/inst/gen_axi_full_nxm.sasd_inst/gen_write.awctrl_mux_n_12
    SLICE_X5Y43          FDRE                                         r  design_1_i/axi_smc/inst/sc_ul/inst/gen_axi_full_nxm.sasd_inst/gen_write.aw_addr_reg[5]/D
  -------------------------------------------------------------------    -------------------

                         (clock clk_fpga_0 rise edge)
                                                     20.000    20.000 r  <hidden>
    PS7_X0Y0             PS7                          0.000    20.000 r  design_1_i/processing_system7_0/inst/PS7_i/FCLKCLK[0]
                         net (fo=1, routed)           1.101    21.101    design_1_i/processing_system7_0/inst/FCLK_CLK_unbuffered[0]
    BUFGCTRL_X0Y0        BUFG (Prop_bufg_I_O)         0.091    21.192 r  design_1_i/processing_system7_0/inst/buffer_fclk_clk_0.FCLK_CLK_0_BUFG/O
                         net (fo=761, routed)         1.551    22.743    design_1_i/axi_smc/inst/sc_ul/inst/gen_axi_full_nxm.sasd_inst/aclk
    SLICE_X5Y43          FDRE                                         r  design_1_i/axi_smc/inst/sc_ul/inst/gen_axi_full_nxm.sasd_inst/gen_write.aw_addr_reg[5]/C
                         clock pessimism              0.267    23.011    <hidden>
                         clock uncertainty           -0.302    22.709    <hidden>
    SLICE_X5Y43          FDRE (Setup_fdre_C_D)        0.031    22.740    design_1_i/axi_smc/inst/sc_ul/inst/gen_axi_full_nxm.sasd_inst/gen_write.aw_addr_reg[5]
  -------------------------------------------------------------------
                         required time                         22.740    <hidden>
                         arrival time                          -9.206    <hidden>
  -------------------------------------------------------------------
                         slack                                 13.534    <hidden>

Slack (MET) :             13.536ns  (required time - arrival time)
  Source:                 design_1_i/axi_smc/inst/sc_ul/inst/gen_axi_full_nxm.sasd_inst/gen_read.r_m_dwsize_mux/dout_i1_reg[1]/C
                            (rising edge-triggered cell FDRE clocked by clk_fpga_0  {rise@0.000ns fall@10.000ns period=20.000ns})
  Destination:            design_1_i/axi_smc/inst/sc_ul/inst/gen_axi_full_nxm.sasd_inst/gen_read.ar_addr_reg[2]/D
                            (rising edge-triggered cell FDRE clocked by clk_fpga_0  {rise@0.000ns fall@10.000ns period=20.000ns})
  Path Group:             clk_fpga_0
  Path Type:              Setup (Max at Slow Process Corner)
  Requirement:            20.000ns  (clk_fpga_0 rise@20.000ns - clk_fpga_0 rise@0.000ns)
  Data Path Delay:        6.212ns  (logic 2.620ns (42.177%)  route 3.592ns (57.823%))
  Logic Levels:           8  (CARRY4=4 LUT2=1 LUT5=1 LUT6=2)
  Clock Path Skew:        -0.027ns (DCD - SCD + CPR)
    Destination Clock Delay (DCD):    2.738ns = ( 22.739 - 20.000 ) 
    Source Clock Delay      (SCD):    3.033ns
    Clock Pessimism Removal (CPR):    0.267ns
  Clock Uncertainty:      0.302ns  ((TSJ^2 + TIJ^2)^1/2 + DJ) / 2 + PE
    Total System Jitter     (TSJ):    0.071ns
    Total Input Jitter      (TIJ):    0.600ns
    Discrete Jitter          (DJ):    0.000ns
    Phase Error              (PE):    0.000ns

    Location             Delay type                Incr(ns)  Path(ns)    Netlist Resource(s)
  -------------------------------------------------------------------    -------------------
                         (clock clk_fpga_0 rise edge)
                                                      0.000     0.000 r  <hidden>
    PS7_X0Y0             PS7                          0.000     0.000 r  design_1_i/processing_system7_0/inst/PS7_i/FCLKCLK[0]
                         net (fo=1, routed)           1.207     1.207    design_1_i/processing_system7_0/inst/FCLK_CLK_unbuffered[0]
    BUFGCTRL_X0Y0        BUFG (Prop_bufg_I_O)         0.101     1.308 r  design_1_i/processing_system7_0/inst/buffer_fclk_clk_0.FCLK_CLK_0_BUFG/O
                         net (fo=761, routed)         1.725     3.033    design_1_i/axi_smc/inst/sc_ul/inst/gen_axi_full_nxm.sasd_inst/gen_read.r_m_dwsize_mux/aclk
    SLICE_X5Y38          FDRE                                         r  design_1_i/axi_smc/inst/sc_ul/inst/gen_axi_full_nxm.sasd_inst/gen_read.r_m_dwsize_mux/dout_i1_reg[1]/C
  -------------------------------------------------------------------    -------------------
    SLICE_X5Y38          FDRE (Prop_fdre_C_Q)         0.456     3.489 f  design_1_i/axi_smc/inst/sc_ul/inst/gen_axi_full_nxm.sasd_inst/gen_read.r_m_dwsize_mux/dout_i1_reg[1]/Q
                         net (fo=42, routed)          1.157     4.646    design_1_i/axi_smc/inst/sc_ul/inst/gen_axi_full_nxm.sasd_inst/gen_read.r_m_dwsize_mux/m_rdwsize[0]
    SLICE_X0Y35          LUT2 (Prop_lut2_I1_O)        0.124     4.770 r  design_1_i/axi_smc/inst/sc_ul/inst/gen_axi_full_nxm.sasd_inst/gen_read.r_m_dwsize_mux/gen_read.ar_addr[2]_i_8/O
                         net (fo=1, routed)           0.000     4.770    design_1_i/axi_smc/inst/sc_ul/inst/gen_axi_full_nxm.sasd_inst/gen_read.r_m_dwsize_mux/gen_read.ar_addr[2]_i_8_n_0
    SLICE_X0Y35          CARRY4 (Prop_carry4_S[1]_CO[3])
                                                      0.533     5.303 r  design_1_i/axi_smc/inst/sc_ul/inst/gen_axi_full_nxm.sasd_inst/gen_read.r_m_dwsize_mux/gen_read.ar_addr_reg[2]_i_4/CO[3]
                         net (fo=1, routed)           0.000     5.303    design_1_i/axi_smc/inst/sc_ul/inst/gen_axi_full_nxm.sasd_inst/gen_read.r_m_dwsize_mux/gen_read.ar_addr_reg[2]_i_4_n_0
    SLICE_X0Y36          CARRY4 (Prop_carry4_CI_CO[3])
                                                      0.117     5.420 r  design_1_i/axi_smc/inst/sc_ul/inst/gen_axi_full_nxm.sasd_inst/gen_read.r_m_dwsize_mux/gen_read.ar_addr_reg[11]_i_3/CO[3]
                         net (fo=1, routed)           0.000     5.420    design_1_i/axi_smc/inst/sc_ul/inst/gen_axi_full_nxm.sasd_inst/gen_read.r_m_dwsize_mux/gen_read.ar_addr_reg[11]_i_3_n_0
    SLICE_X0Y37          CARRY4 (Prop_carry4_CI_O[2])
                                                      0.239     5.659 r  design_1_i/axi_smc/inst/sc_ul/inst/gen_axi_full_nxm.sasd_inst/gen_read.r_m_dwsize_mux/gen_read.ar_addr_reg[11]_i_2/O[2]
                         net (fo=2, routed)           0.818     6.477    design_1_i/axi_smc/inst/sc_ul/inst/gen_axi_full_nxm.sasd_inst/gen_read.r_m_dwsize_mux/gen_read.ar_addr_reg[11][2]
    SLICE_X1Y36          LUT6 (Prop_lut6_I0_O)        0.301     6.778 r  design_1_i/axi_smc/inst/sc_ul/inst/gen_axi_full_nxm.sasd_inst/gen_read.r_m_dwsize_mux/gen_read.ar_addr[3]_i_11/O
                         net (fo=1, routed)           0.000     6.778    design_1_i/axi_smc/inst/sc_ul/inst/gen_axi_full_nxm.sasd_inst/gen_read.r_m_dwsize_mux/gen_read.ar_addr[3]_i_11_n_0
    SLICE_X1Y36          CARRY4 (Prop_carry4_S[3]_CO[3])
                                                      0.401     7.179 r  design_1_i/axi_smc/inst/sc_ul/inst/gen_axi_full_nxm.sasd_inst/gen_read.r_m_dwsize_mux/gen_read.ar_addr_reg[3]_i_8/CO[3]
                         net (fo=10, routed)          0.929     8.108    design_1_i/axi_smc/inst/sc_ul/inst/gen_axi_full_nxm.sasd_inst/gen_read.arctrl_mux/CO[0]
    SLICE_X1Y37          LUT5 (Prop_lut5_I3_O)        0.117     8.225 r  design_1_i/axi_smc/inst/sc_ul/inst/gen_axi_full_nxm.sasd_inst/gen_read.arctrl_mux/gen_read.ar_addr[3]_i_6/O
                         net (fo=11, routed)          0.687     8.913    design_1_i/axi_smc/inst/sc_ul/inst/gen_axi_full_nxm.sasd_inst/gen_read.arctrl_mux/gen_read.ar_addr[3]_i_6_n_0
    SLICE_X4Y35          LUT6 (Prop_lut6_I4_O)        0.332     9.245 r  design_1_i/axi_smc/inst/sc_ul/inst/gen_axi_full_nxm.sasd_inst/gen_read.arctrl_mux/gen_read.ar_addr[2]_i_1/O
                         net (fo=1, routed)           0.000     9.245    design_1_i/axi_smc/inst/sc_ul/inst/gen_axi_full_nxm.sasd_inst/gen_read.arctrl_mux_n_39
    SLICE_X4Y35          FDRE                                         r  design_1_i/axi_smc/inst/sc_ul/inst/gen_axi_full_nxm.sasd_inst/gen_read.ar_addr_reg[2]/D
  -------------------------------------------------------------------    -------------------

                         (clock clk_fpga_0 rise edge)
                                                     20.000    20.000 r  <hidden>
    PS7_X0Y0             PS7                          0.000    20.000 r  design_1_i/processing_system7_0/inst/PS7_i/FCLKCLK[0]
                         net (fo=1, routed)           1.101    21.101    design_1_i/processing_system7_0/inst/FCLK_CLK_unbuffered[0]
    BUFGCTRL_X0Y0        BUFG (Prop_bufg_I_O)         0.091    21.192 r  design_1_i/processing_system7_0/inst/buffer_fclk_clk_0.FCLK_CLK_0_BUFG/O
                         net (fo=761, routed)         1.546    22.739    design_1_i/axi_smc/inst/sc_ul/inst/gen_axi_full_nxm.sasd_inst/aclk
    SLICE_X4Y35          FDRE                                         r  design_1_i/axi_smc/inst/sc_ul/inst/gen_axi_full_nxm.sasd_inst/gen_read.ar_addr_reg[2]/C
                         clock pessimism              0.267    23.006    <hidden>
                         clock uncertainty           -0.302    22.704    <hidden>
    SLICE_X4Y35          FDRE (Setup_fdre_C_D)        0.077    22.781    design_1_i/axi_smc/inst/sc_ul/inst/gen_axi_full_nxm.sasd_inst/gen_read.ar_addr_reg[2]
  -------------------------------------------------------------------
                         required time                         22.781    <hidden>
                         arrival time                          -9.245    <hidden>
  -------------------------------------------------------------------
                         slack                                 13.536    <hidden>

Slack (MET) :             13.562ns  (required time - arrival time)
  Source:                 design_1_i/axi_smc/inst/sc_ul/inst/gen_axi_full_nxm.sasd_inst/gen_read.r_m_dwsize_mux/dout_i1_reg[1]/C
                            (rising edge-triggered cell FDRE clocked by clk_fpga_0  {rise@0.000ns fall@10.000ns period=20.000ns})
  Destination:            design_1_i/axi_smc/inst/sc_ul/inst/gen_axi_full_nxm.sasd_inst/gen_read.ar_addr_reg[5]/D
                            (rising edge-triggered cell FDRE clocked by clk_fpga_0  {rise@0.000ns fall@10.000ns period=20.000ns})
  Path Group:             clk_fpga_0
  Path Type:              Setup (Max at Slow Process Corner)
  Requirement:            20.000ns  (clk_fpga_0 rise@20.000ns - clk_fpga_0 rise@0.000ns)
  Data Path Delay:        6.185ns  (logic 2.620ns (42.358%)  route 3.565ns (57.642%))
  Logic Levels:           8  (CARRY4=4 LUT2=1 LUT5=1 LUT6=2)
  Clock Path Skew:        -0.027ns (DCD - SCD + CPR)
    Destination Clock Delay (DCD):    2.738ns = ( 22.739 - 20.000 ) 
    Source Clock Delay      (SCD):    3.033ns
    Clock Pessimism Removal (CPR):    0.267ns
  Clock Uncertainty:      0.302ns  ((TSJ^2 + TIJ^2)^1/2 + DJ) / 2 + PE
    Total System Jitter     (TSJ):    0.071ns
    Total Input Jitter      (TIJ):    0.600ns
    Discrete Jitter          (DJ):    0.000ns
    Phase Error              (PE):    0.000ns

    Location             Delay type                Incr(ns)  Path(ns)    Netlist Resource(s)
  -------------------------------------------------------------------    -------------------
                         (clock clk_fpga_0 rise edge)
                                                      0.000     0.000 r  <hidden>
    PS7_X0Y0             PS7                          0.000     0.000 r  design_1_i/processing_system7_0/inst/PS7_i/FCLKCLK[0]
                         net (fo=1, routed)           1.207     1.207    design_1_i/processing_system7_0/inst/FCLK_CLK_unbuffered[0]
    BUFGCTRL_X0Y0        BUFG (Prop_bufg_I_O)         0.101     1.308 r  design_1_i/processing_system7_0/inst/buffer_fclk_clk_0.FCLK_CLK_0_BUFG/O
                         net (fo=761, routed)         1.725     3.033    design_1_i/axi_smc/inst/sc_ul/inst/gen_axi_full_nxm.sasd_inst/gen_read.r_m_dwsize_mux/aclk
    SLICE_X5Y38          FDRE                                         r  design_1_i/axi_smc/inst/sc_ul/inst/gen_axi_full_nxm.sasd_inst/gen_read.r_m_dwsize_mux/dout_i1_reg[1]/C
  -------------------------------------------------------------------    -------------------
    SLICE_X5Y38          FDRE (Prop_fdre_C_Q)         0.456     3.489 f  design_1_i/axi_smc/inst/sc_ul/inst/gen_axi_full_nxm.sasd_inst/gen_read.r_m_dwsize_mux/dout_i1_reg[1]/Q
                         net (fo=42, routed)          1.157     4.646    design_1_i/axi_smc/inst/sc_ul/inst/gen_axi_full_nxm.sasd_inst/gen_read.r_m_dwsize_mux/m_rdwsize[0]
    SLICE_X0Y35          LUT2 (Prop_lut2_I1_O)        0.124     4.770 r  design_1_i/axi_smc/inst/sc_ul/inst/gen_axi_full_nxm.sasd_inst/gen_read.r_m_dwsize_mux/gen_read.ar_addr[2]_i_8/O
                         net (fo=1, routed)           0.000     4.770    design_1_i/axi_smc/inst/sc_ul/inst/gen_axi_full_nxm.sasd_inst/gen_read.r_m_dwsize_mux/gen_read.ar_addr[2]_i_8_n_0
    SLICE_X0Y35          CARRY4 (Prop_carry4_S[1]_CO[3])
                                                      0.533     5.303 r  design_1_i/axi_smc/inst/sc_ul/inst/gen_axi_full_nxm.sasd_inst/gen_read.r_m_dwsize_mux/gen_read.ar_addr_reg[2]_i_4/CO[3]
                         net (fo=1, routed)           0.000     5.303    design_1_i/axi_smc/inst/sc_ul/inst/gen_axi_full_nxm.sasd_inst/gen_read.r_m_dwsize_mux/gen_read.ar_addr_reg[2]_i_4_n_0
    SLICE_X0Y36          CARRY4 (Prop_carry4_CI_CO[3])
                                                      0.117     5.420 r  design_1_i/axi_smc/inst/sc_ul/inst/gen_axi_full_nxm.sasd_inst/gen_read.r_m_dwsize_mux/gen_read.ar_addr_reg[11]_i_3/CO[3]
                         net (fo=1, routed)           0.000     5.420    design_1_i/axi_smc/inst/sc_ul/inst/gen_axi_full_nxm.sasd_inst/gen_read.r_m_dwsize_mux/gen_read.ar_addr_reg[11]_i_3_n_0
    SLICE_X0Y37          CARRY4 (Prop_carry4_CI_O[2])
                                                      0.239     5.659 r  design_1_i/axi_smc/inst/sc_ul/inst/gen_axi_full_nxm.sasd_inst/gen_read.r_m_dwsize_mux/gen_read.ar_addr_reg[11]_i_2/O[2]
                         net (fo=2, routed)           0.818     6.477    design_1_i/axi_smc/inst/sc_ul/inst/gen_axi_full_nxm.sasd_inst/gen_read.r_m_dwsize_mux/gen_read.ar_addr_reg[11][2]
    SLICE_X1Y36          LUT6 (Prop_lut6_I0_O)        0.301     6.778 r  design_1_i/axi_smc/inst/sc_ul/inst/gen_axi_full_nxm.sasd_inst/gen_read.r_m_dwsize_mux/gen_read.ar_addr[3]_i_11/O
                         net (fo=1, routed)           0.000     6.778    design_1_i/axi_smc/inst/sc_ul/inst/gen_axi_full_nxm.sasd_inst/gen_read.r_m_dwsize_mux/gen_read.ar_addr[3]_i_11_n_0
    SLICE_X1Y36          CARRY4 (Prop_carry4_S[3]_CO[3])
                                                      0.401     7.179 r  design_1_i/axi_smc/inst/sc_ul/inst/gen_axi_full_nxm.sasd_inst/gen_read.r_m_dwsize_mux/gen_read.ar_addr_reg[3]_i_8/CO[3]
                         net (fo=10, routed)          0.929     8.108    design_1_i/axi_smc/inst/sc_ul/inst/gen_axi_full_nxm.sasd_inst/gen_read.arctrl_mux/CO[0]
    SLICE_X1Y37          LUT5 (Prop_lut5_I3_O)        0.117     8.225 r  design_1_i/axi_smc/inst/sc_ul/inst/gen_axi_full_nxm.sasd_inst/gen_read.arctrl_mux/gen_read.ar_addr[3]_i_6/O
                         net (fo=11, routed)          0.661     8.886    design_1_i/axi_smc/inst/sc_ul/inst/gen_axi_full_nxm.sasd_inst/gen_read.arctrl_mux/gen_read.ar_addr[3]_i_6_n_0
    SLICE_X4Y36          LUT6 (Prop_lut6_I4_O)        0.332     9.218 r  design_1_i/axi_smc/inst/sc_ul/inst/gen_axi_full_nxm.sasd_inst/gen_read.arctrl_mux/gen_read.ar_addr[5]_i_1/O
                         net (fo=1, routed)           0.000     9.218    design_1_i/axi_smc/inst/sc_ul/inst/gen_axi_full_nxm.sasd_inst/gen_read.arctrl_mux_n_36
    SLICE_X4Y36          FDRE                                         r  design_1_i/axi_smc/inst/sc_ul/inst/gen_axi_full_nxm.sasd_inst/gen_read.ar_addr_reg[5]/D
  -------------------------------------------------------------------    -------------------

                         (clock clk_fpga_0 rise edge)
                                                     20.000    20.000 r  <hidden>
    PS7_X0Y0             PS7                          0.000    20.000 r  design_1_i/processing_system7_0/inst/PS7_i/FCLKCLK[0]
                         net (fo=1, routed)           1.101    21.101    design_1_i/processing_system7_0/inst/FCLK_CLK_unbuffered[0]
    BUFGCTRL_X0Y0        BUFG (Prop_bufg_I_O)         0.091    21.192 r  design_1_i/processing_system7_0/inst/buffer_fclk_clk_0.FCLK_CLK_0_BUFG/O
                         net (fo=761, routed)         1.546    22.739    design_1_i/axi_smc/inst/sc_ul/inst/gen_axi_full_nxm.sasd_inst/aclk
    SLICE_X4Y36          FDRE                                         r  design_1_i/axi_smc/inst/sc_ul/inst/gen_axi_full_nxm.sasd_inst/gen_read.ar_addr_reg[5]/C
                         clock pessimism              0.267    23.006    <hidden>
                         clock uncertainty           -0.302    22.704    <hidden>
    SLICE_X4Y36          FDRE (Setup_fdre_C_D)        0.077    22.781    design_1_i/axi_smc/inst/sc_ul/inst/gen_axi_full_nxm.sasd_inst/gen_read.ar_addr_reg[5]
  -------------------------------------------------------------------
                         required time                         22.781    <hidden>
                         arrival time                          -9.218    <hidden>
  -------------------------------------------------------------------
                         slack                                 13.562    <hidden>

Slack (MET) :             13.591ns  (required time - arrival time)
  Source:                 design_1_i/axi_smc/inst/sc_ul/inst/gen_axi_full_nxm.sasd_inst/gen_read.r_m_dwsize_mux/dout_i1_reg[1]/C
                            (rising edge-triggered cell FDRE clocked by clk_fpga_0  {rise@0.000ns fall@10.000ns period=20.000ns})
  Destination:            design_1_i/axi_smc/inst/sc_ul/inst/gen_axi_full_nxm.sasd_inst/gen_read.ar_addr_reg[1]/D
                            (rising edge-triggered cell FDRE clocked by clk_fpga_0  {rise@0.000ns fall@10.000ns period=20.000ns})
  Path Group:             clk_fpga_0
  Path Type:              Setup (Max at Slow Process Corner)
  Requirement:            20.000ns  (clk_fpga_0 rise@20.000ns - clk_fpga_0 rise@0.000ns)
  Data Path Delay:        6.068ns  (logic 2.620ns (43.176%)  route 3.448ns (56.824%))
  Logic Levels:           8  (CARRY4=4 LUT2=1 LUT5=1 LUT6=2)
  Clock Path Skew:        -0.068ns (DCD - SCD + CPR)
    Destination Clock Delay (DCD):    2.734ns = ( 22.735 - 20.000 ) 
    Source Clock Delay      (SCD):    3.033ns
    Clock Pessimism Removal (CPR):    0.230ns
  Clock Uncertainty:      0.302ns  ((TSJ^2 + TIJ^2)^1/2 + DJ) / 2 + PE
    Total System Jitter     (TSJ):    0.071ns
    Total Input Jitter      (TIJ):    0.600ns
    Discrete Jitter          (DJ):    0.000ns
    Phase Error              (PE):    0.000ns

    Location             Delay type                Incr(ns)  Path(ns)    Netlist Resource(s)
  -------------------------------------------------------------------    -------------------
                         (clock clk_fpga_0 rise edge)
                                                      0.000     0.000 r  <hidden>
    PS7_X0Y0             PS7                          0.000     0.000 r  design_1_i/processing_system7_0/inst/PS7_i/FCLKCLK[0]
                         net (fo=1, routed)           1.207     1.207    design_1_i/processing_system7_0/inst/FCLK_CLK_unbuffered[0]
    BUFGCTRL_X0Y0        BUFG (Prop_bufg_I_O)         0.101     1.308 r  design_1_i/processing_system7_0/inst/buffer_fclk_clk_0.FCLK_CLK_0_BUFG/O
                         net (fo=761, routed)         1.725     3.033    design_1_i/axi_smc/inst/sc_ul/inst/gen_axi_full_nxm.sasd_inst/gen_read.r_m_dwsize_mux/aclk
    SLICE_X5Y38          FDRE                                         r  design_1_i/axi_smc/inst/sc_ul/inst/gen_axi_full_nxm.sasd_inst/gen_read.r_m_dwsize_mux/dout_i1_reg[1]/C
  -------------------------------------------------------------------    -------------------
    SLICE_X5Y38          FDRE (Prop_fdre_C_Q)         0.456     3.489 f  design_1_i/axi_smc/inst/sc_ul/inst/gen_axi_full_nxm.sasd_inst/gen_read.r_m_dwsize_mux/dout_i1_reg[1]/Q
                         net (fo=42, routed)          1.157     4.646    design_1_i/axi_smc/inst/sc_ul/inst/gen_axi_full_nxm.sasd_inst/gen_read.r_m_dwsize_mux/m_rdwsize[0]
    SLICE_X0Y35          LUT2 (Prop_lut2_I1_O)        0.124     4.770 r  design_1_i/axi_smc/inst/sc_ul/inst/gen_axi_full_nxm.sasd_inst/gen_read.r_m_dwsize_mux/gen_read.ar_addr[2]_i_8/O
                         net (fo=1, routed)           0.000     4.770    design_1_i/axi_smc/inst/sc_ul/inst/gen_axi_full_nxm.sasd_inst/gen_read.r_m_dwsize_mux/gen_read.ar_addr[2]_i_8_n_0
    SLICE_X0Y35          CARRY4 (Prop_carry4_S[1]_CO[3])
                                                      0.533     5.303 r  design_1_i/axi_smc/inst/sc_ul/inst/gen_axi_full_nxm.sasd_inst/gen_read.r_m_dwsize_mux/gen_read.ar_addr_reg[2]_i_4/CO[3]
                         net (fo=1, routed)           0.000     5.303    design_1_i/axi_smc/inst/sc_ul/inst/gen_axi_full_nxm.sasd_inst/gen_read.r_m_dwsize_mux/gen_read.ar_addr_reg[2]_i_4_n_0
    SLICE_X0Y36          CARRY4 (Prop_carry4_CI_CO[3])
                                                      0.117     5.420 r  design_1_i/axi_smc/inst/sc_ul/inst/gen_axi_full_nxm.sasd_inst/gen_read.r_m_dwsize_mux/gen_read.ar_addr_reg[11]_i_3/CO[3]
                         net (fo=1, routed)           0.000     5.420    design_1_i/axi_smc/inst/sc_ul/inst/gen_axi_full_nxm.sasd_inst/gen_read.r_m_dwsize_mux/gen_read.ar_addr_reg[11]_i_3_n_0
    SLICE_X0Y37          CARRY4 (Prop_carry4_CI_O[2])
                                                      0.239     5.659 r  design_1_i/axi_smc/inst/sc_ul/inst/gen_axi_full_nxm.sasd_inst/gen_read.r_m_dwsize_mux/gen_read.ar_addr_reg[11]_i_2/O[2]
                         net (fo=2, routed)           0.818     6.477    design_1_i/axi_smc/inst/sc_ul/inst/gen_axi_full_nxm.sasd_inst/gen_read.r_m_dwsize_mux/gen_read.ar_addr_reg[11][2]
    SLICE_X1Y36          LUT6 (Prop_lut6_I0_O)        0.301     6.778 r  design_1_i/axi_smc/inst/sc_ul/inst/gen_axi_full_nxm.sasd_inst/gen_read.r_m_dwsize_mux/gen_read.ar_addr[3]_i_11/O
                         net (fo=1, routed)           0.000     6.778    design_1_i/axi_smc/inst/sc_ul/inst/gen_axi_full_nxm.sasd_inst/gen_read.r_m_dwsize_mux/gen_read.ar_addr[3]_i_11_n_0
    SLICE_X1Y36          CARRY4 (Prop_carry4_S[3]_CO[3])
                                                      0.401     7.179 r  design_1_i/axi_smc/inst/sc_ul/inst/gen_axi_full_nxm.sasd_inst/gen_read.r_m_dwsize_mux/gen_read.ar_addr_reg[3]_i_8/CO[3]
                         net (fo=10, routed)          0.929     8.108    design_1_i/axi_smc/inst/sc_ul/inst/gen_axi_full_nxm.sasd_inst/gen_read.arctrl_mux/CO[0]
    SLICE_X1Y37          LUT5 (Prop_lut5_I3_O)        0.117     8.225 r  design_1_i/axi_smc/inst/sc_ul/inst/gen_axi_full_nxm.sasd_inst/gen_read.arctrl_mux/gen_read.ar_addr[3]_i_6/O
                         net (fo=11, routed)          0.544     8.769    design_1_i/axi_smc/inst/sc_ul/inst/gen_axi_full_nxm.sasd_inst/gen_read.arctrl_mux/gen_read.ar_addr[3]_i_6_n_0
    SLICE_X1Y35          LUT6 (Prop_lut6_I4_O)        0.332     9.101 r  design_1_i/axi_smc/inst/sc_ul/inst/gen_axi_full_nxm.sasd_inst/gen_read.arctrl_mux/gen_read.ar_addr[1]_i_1/O
                         net (fo=1, routed)           0.000     9.101    design_1_i/axi_smc/inst/sc_ul/inst/gen_axi_full_nxm.sasd_inst/gen_read.arctrl_mux_n_40
    SLICE_X1Y35          FDRE                                         r  design_1_i/axi_smc/inst/sc_ul/inst/gen_axi_full_nxm.sasd_inst/gen_read.ar_addr_reg[1]/D
  -------------------------------------------------------------------    -------------------

                         (clock clk_fpga_0 rise edge)
                                                     20.000    20.000 r  <hidden>
    PS7_X0Y0             PS7                          0.000    20.000 r  design_1_i/processing_system7_0/inst/PS7_i/FCLKCLK[0]
                         net (fo=1, routed)           1.101    21.101    design_1_i/processing_system7_0/inst/FCLK_CLK_unbuffered[0]
    BUFGCTRL_X0Y0        BUFG (Prop_bufg_I_O)         0.091    21.192 r  design_1_i/processing_system7_0/inst/buffer_fclk_clk_0.FCLK_CLK_0_BUFG/O
                         net (fo=761, routed)         1.542    22.735    design_1_i/axi_smc/inst/sc_ul/inst/gen_axi_full_nxm.sasd_inst/aclk
    SLICE_X1Y35          FDRE                                         r  design_1_i/axi_smc/inst/sc_ul/inst/gen_axi_full_nxm.sasd_inst/gen_read.ar_addr_reg[1]/C
                         clock pessimism              0.230    22.965    <hidden>
                         clock uncertainty           -0.302    22.663    <hidden>
    SLICE_X1Y35          FDRE (Setup_fdre_C_D)        0.029    22.692    design_1_i/axi_smc/inst/sc_ul/inst/gen_axi_full_nxm.sasd_inst/gen_read.ar_addr_reg[1]
  -------------------------------------------------------------------
                         required time                         22.692    <hidden>
                         arrival time                          -9.101    <hidden>
  -------------------------------------------------------------------
                         slack                                 13.591    <hidden>

Slack (MET) :             13.596ns  (required time - arrival time)
  Source:                 design_1_i/axi_smc/inst/sc_ul/inst/gen_axi_full_nxm.sasd_inst/gen_read.r_m_dwsize_mux/dout_i1_reg[1]/C
                            (rising edge-triggered cell FDRE clocked by clk_fpga_0  {rise@0.000ns fall@10.000ns period=20.000ns})
  Destination:            design_1_i/axi_smc/inst/sc_ul/inst/gen_axi_full_nxm.sasd_inst/gen_read.ar_addr_reg[3]/D
                            (rising edge-triggered cell FDRE clocked by clk_fpga_0  {rise@0.000ns fall@10.000ns period=20.000ns})
  Path Group:             clk_fpga_0
  Path Type:              Setup (Max at Slow Process Corner)
  Requirement:            20.000ns  (clk_fpga_0 rise@20.000ns - clk_fpga_0 rise@0.000ns)
  Data Path Delay:        6.065ns  (logic 2.620ns (43.197%)  route 3.445ns (56.803%))
  Logic Levels:           8  (CARRY4=4 LUT2=1 LUT5=1 LUT6=2)
  Clock Path Skew:        -0.068ns (DCD - SCD + CPR)
    Destination Clock Delay (DCD):    2.734ns = ( 22.735 - 20.000 ) 
    Source Clock Delay      (SCD):    3.033ns
    Clock Pessimism Removal (CPR):    0.230ns
  Clock Uncertainty:      0.302ns  ((TSJ^2 + TIJ^2)^1/2 + DJ) / 2 + PE
    Total System Jitter     (TSJ):    0.071ns
    Total Input Jitter      (TIJ):    0.600ns
    Discrete Jitter          (DJ):    0.000ns
    Phase Error              (PE):    0.000ns

    Location             Delay type                Incr(ns)  Path(ns)    Netlist Resource(s)
  -------------------------------------------------------------------    -------------------
                         (clock clk_fpga_0 rise edge)
                                                      0.000     0.000 r  <hidden>
    PS7_X0Y0             PS7                          0.000     0.000 r  design_1_i/processing_system7_0/inst/PS7_i/FCLKCLK[0]
                         net (fo=1, routed)           1.207     1.207    design_1_i/processing_system7_0/inst/FCLK_CLK_unbuffered[0]
    BUFGCTRL_X0Y0        BUFG (Prop_bufg_I_O)         0.101     1.308 r  design_1_i/processing_system7_0/inst/buffer_fclk_clk_0.FCLK_CLK_0_BUFG/O
                         net (fo=761, routed)         1.725     3.033    design_1_i/axi_smc/inst/sc_ul/inst/gen_axi_full_nxm.sasd_inst/gen_read.r_m_dwsize_mux/aclk
    SLICE_X5Y38          FDRE                                         r  design_1_i/axi_smc/inst/sc_ul/inst/gen_axi_full_nxm.sasd_inst/gen_read.r_m_dwsize_mux/dout_i1_reg[1]/C
  -------------------------------------------------------------------    -------------------
    SLICE_X5Y38          FDRE (Prop_fdre_C_Q)         0.456     3.489 f  design_1_i/axi_smc/inst/sc_ul/inst/gen_axi_full_nxm.sasd_inst/gen_read.r_m_dwsize_mux/dout_i1_reg[1]/Q
                         net (fo=42, routed)          1.157     4.646    design_1_i/axi_smc/inst/sc_ul/inst/gen_axi_full_nxm.sasd_inst/gen_read.r_m_dwsize_mux/m_rdwsize[0]
    SLICE_X0Y35          LUT2 (Prop_lut2_I1_O)        0.124     4.770 r  design_1_i/axi_smc/inst/sc_ul/inst/gen_axi_full_nxm.sasd_inst/gen_read.r_m_dwsize_mux/gen_read.ar_addr[2]_i_8/O
                         net (fo=1, routed)           0.000     4.770    design_1_i/axi_smc/inst/sc_ul/inst/gen_axi_full_nxm.sasd_inst/gen_read.r_m_dwsize_mux/gen_read.ar_addr[2]_i_8_n_0
    SLICE_X0Y35          CARRY4 (Prop_carry4_S[1]_CO[3])
                                                      0.533     5.303 r  design_1_i/axi_smc/inst/sc_ul/inst/gen_axi_full_nxm.sasd_inst/gen_read.r_m_dwsize_mux/gen_read.ar_addr_reg[2]_i_4/CO[3]
                         net (fo=1, routed)           0.000     5.303    design_1_i/axi_smc/inst/sc_ul/inst/gen_axi_full_nxm.sasd_inst/gen_read.r_m_dwsize_mux/gen_read.ar_addr_reg[2]_i_4_n_0
    SLICE_X0Y36          CARRY4 (Prop_carry4_CI_CO[3])
                                                      0.117     5.420 r  design_1_i/axi_smc/inst/sc_ul/inst/gen_axi_full_nxm.sasd_inst/gen_read.r_m_dwsize_mux/gen_read.ar_addr_reg[11]_i_3/CO[3]
                         net (fo=1, routed)           0.000     5.420    design_1_i/axi_smc/inst/sc_ul/inst/gen_axi_full_nxm.sasd_inst/gen_read.r_m_dwsize_mux/gen_read.ar_addr_reg[11]_i_3_n_0
    SLICE_X0Y37          CARRY4 (Prop_carry4_CI_O[2])
                                                      0.239     5.659 r  design_1_i/axi_smc/inst/sc_ul/inst/gen_axi_full_nxm.sasd_inst/gen_read.r_m_dwsize_mux/gen_read.ar_addr_reg[11]_i_2/O[2]
                         net (fo=2, routed)           0.818     6.477    design_1_i/axi_smc/inst/sc_ul/inst/gen_axi_full_nxm.sasd_inst/gen_read.r_m_dwsize_mux/gen_read.ar_addr_reg[11][2]
    SLICE_X1Y36          LUT6 (Prop_lut6_I0_O)        0.301     6.778 r  design_1_i/axi_smc/inst/sc_ul/inst/gen_axi_full_nxm.sasd_inst/gen_read.r_m_dwsize_mux/gen_read.ar_addr[3]_i_11/O
                         net (fo=1, routed)           0.000     6.778    design_1_i/axi_smc/inst/sc_ul/inst/gen_axi_full_nxm.sasd_inst/gen_read.r_m_dwsize_mux/gen_read.ar_addr[3]_i_11_n_0
    SLICE_X1Y36          CARRY4 (Prop_carry4_S[3]_CO[3])
                                                      0.401     7.179 r  design_1_i/axi_smc/inst/sc_ul/inst/gen_axi_full_nxm.sasd_inst/gen_read.r_m_dwsize_mux/gen_read.ar_addr_reg[3]_i_8/CO[3]
                         net (fo=10, routed)          0.929     8.108    design_1_i/axi_smc/inst/sc_ul/inst/gen_axi_full_nxm.sasd_inst/gen_read.arctrl_mux/CO[0]
    SLICE_X1Y37          LUT5 (Prop_lut5_I3_O)        0.117     8.225 r  design_1_i/axi_smc/inst/sc_ul/inst/gen_axi_full_nxm.sasd_inst/gen_read.arctrl_mux/gen_read.ar_addr[3]_i_6/O
                         net (fo=11, routed)          0.541     8.766    design_1_i/axi_smc/inst/sc_ul/inst/gen_axi_full_nxm.sasd_inst/gen_read.arctrl_mux/gen_read.ar_addr[3]_i_6_n_0
    SLICE_X1Y35          LUT6 (Prop_lut6_I4_O)        0.332     9.098 r  design_1_i/axi_smc/inst/sc_ul/inst/gen_axi_full_nxm.sasd_inst/gen_read.arctrl_mux/gen_read.ar_addr[3]_i_2/O
                         net (fo=1, routed)           0.000     9.098    design_1_i/axi_smc/inst/sc_ul/inst/gen_axi_full_nxm.sasd_inst/gen_read.arctrl_mux_n_38
    SLICE_X1Y35          FDRE                                         r  design_1_i/axi_smc/inst/sc_ul/inst/gen_axi_full_nxm.sasd_inst/gen_read.ar_addr_reg[3]/D
  -------------------------------------------------------------------    -------------------

                         (clock clk_fpga_0 rise edge)
                                                     20.000    20.000 r  <hidden>
    PS7_X0Y0             PS7                          0.000    20.000 r  design_1_i/processing_system7_0/inst/PS7_i/FCLKCLK[0]
                         net (fo=1, routed)           1.101    21.101    design_1_i/processing_system7_0/inst/FCLK_CLK_unbuffered[0]
    BUFGCTRL_X0Y0        BUFG (Prop_bufg_I_O)         0.091    21.192 r  design_1_i/processing_system7_0/inst/buffer_fclk_clk_0.FCLK_CLK_0_BUFG/O
                         net (fo=761, routed)         1.542    22.735    design_1_i/axi_smc/inst/sc_ul/inst/gen_axi_full_nxm.sasd_inst/aclk
    SLICE_X1Y35          FDRE                                         r  design_1_i/axi_smc/inst/sc_ul/inst/gen_axi_full_nxm.sasd_inst/gen_read.ar_addr_reg[3]/C
                         clock pessimism              0.230    22.965    <hidden>
                         clock uncertainty           -0.302    22.663    <hidden>
    SLICE_X1Y35          FDRE (Setup_fdre_C_D)        0.031    22.694    design_1_i/axi_smc/inst/sc_ul/inst/gen_axi_full_nxm.sasd_inst/gen_read.ar_addr_reg[3]
  -------------------------------------------------------------------
                         required time                         22.694    <hidden>
                         arrival time                          -9.098    <hidden>
  -------------------------------------------------------------------
                         slack                                 13.596    <hidden>

Slack (MET) :             13.663ns  (required time - arrival time)
  Source:                 design_1_i/axi_smc/inst/sc_ul/inst/cdc_aresetn/syncstages_ff_reg[1]/C
                            (rising edge-triggered cell FDRE clocked by clk_fpga_0  {rise@0.000ns fall@10.000ns period=20.000ns})
  Destination:            design_1_i/axi_smc/inst/sc_ul/inst/gen_axi_full_nxm.sasd_inst/gen_read.r_split_reg[1]/R
                            (rising edge-triggered cell FDRE clocked by clk_fpga_0  {rise@0.000ns fall@10.000ns period=20.000ns})
  Path Group:             clk_fpga_0
  Path Type:              Setup (Max at Slow Process Corner)
  Requirement:            20.000ns  (clk_fpga_0 rise@20.000ns - clk_fpga_0 rise@0.000ns)
  Data Path Delay:        5.374ns  (logic 0.743ns (13.826%)  route 4.631ns (86.174%))
  Logic Levels:           1  (LUT1=1)
  Clock Path Skew:        -0.024ns (DCD - SCD + CPR)
    Destination Clock Delay (DCD):    2.736ns = ( 22.736 - 20.000 ) 
    Source Clock Delay      (SCD):    2.990ns
    Clock Pessimism Removal (CPR):    0.230ns
  Clock Uncertainty:      0.302ns  ((TSJ^2 + TIJ^2)^1/2 + DJ) / 2 + PE
    Total System Jitter     (TSJ):    0.071ns
    Total Input Jitter      (TIJ):    0.600ns
    Discrete Jitter          (DJ):    0.000ns
    Phase Error              (PE):    0.000ns

    Location             Delay type                Incr(ns)  Path(ns)    Netlist Resource(s)
  -------------------------------------------------------------------    -------------------
                         (clock clk_fpga_0 rise edge)
                                                      0.000     0.000 r  <hidden>
    PS7_X0Y0             PS7                          0.000     0.000 r  design_1_i/processing_system7_0/inst/PS7_i/FCLKCLK[0]
                         net (fo=1, routed)           1.207     1.207    design_1_i/processing_system7_0/inst/FCLK_CLK_unbuffered[0]
    BUFGCTRL_X0Y0        BUFG (Prop_bufg_I_O)         0.101     1.308 r  design_1_i/processing_system7_0/inst/buffer_fclk_clk_0.FCLK_CLK_0_BUFG/O
                         net (fo=761, routed)         1.682     2.990    design_1_i/axi_smc/inst/sc_ul/inst/cdc_aresetn/dest_clk
    SLICE_X7Y49          FDRE                                         r  design_1_i/axi_smc/inst/sc_ul/inst/cdc_aresetn/syncstages_ff_reg[1]/C
  -------------------------------------------------------------------    -------------------
    SLICE_X7Y49          FDRE (Prop_fdre_C_Q)         0.419     3.409 f  design_1_i/axi_smc/inst/sc_ul/inst/cdc_aresetn/syncstages_ff_reg[1]/Q
                         net (fo=7, routed)           0.914     4.323    design_1_i/axi_smc/inst/sc_ul/inst/gen_axi_full_nxm.sasd_inst/dest_rst
    SLICE_X7Y49          LUT1 (Prop_lut1_I0_O)        0.324     4.647 r  design_1_i/axi_smc/inst/sc_ul/inst/gen_axi_full_nxm.sasd_inst/gen_read.s_axi_arready_vec_i[0]_i_1/O
                         net (fo=158, routed)         3.717     8.364    design_1_i/axi_smc/inst/sc_ul/inst/gen_axi_full_nxm.sasd_inst/gen_read.s_axi_arready_vec_i[0]_i_1_n_0
    SLICE_X5Y32          FDRE                                         r  design_1_i/axi_smc/inst/sc_ul/inst/gen_axi_full_nxm.sasd_inst/gen_read.r_split_reg[1]/R
  -------------------------------------------------------------------    -------------------

                         (clock clk_fpga_0 rise edge)
                                                     20.000    20.000 r  <hidden>
    PS7_X0Y0             PS7                          0.000    20.000 r  design_1_i/processing_system7_0/inst/PS7_i/FCLKCLK[0]
                         net (fo=1, routed)           1.101    21.101    design_1_i/processing_system7_0/inst/FCLK_CLK_unbuffered[0]
    BUFGCTRL_X0Y0        BUFG (Prop_bufg_I_O)         0.091    21.192 r  design_1_i/processing_system7_0/inst/buffer_fclk_clk_0.FCLK_CLK_0_BUFG/O
                         net (fo=761, routed)         1.543    22.736    design_1_i/axi_smc/inst/sc_ul/inst/gen_axi_full_nxm.sasd_inst/aclk
    SLICE_X5Y32          FDRE                                         r  design_1_i/axi_smc/inst/sc_ul/inst/gen_axi_full_nxm.sasd_inst/gen_read.r_split_reg[1]/C
                         clock pessimism              0.230    22.966    <hidden>
                         clock uncertainty           -0.302    22.664    <hidden>
    SLICE_X5Y32          FDRE (Setup_fdre_C_R)       -0.637    22.027    design_1_i/axi_smc/inst/sc_ul/inst/gen_axi_full_nxm.sasd_inst/gen_read.r_split_reg[1]
  -------------------------------------------------------------------
                         required time                         22.027    <hidden>
                         arrival time                          -8.364    <hidden>
  -------------------------------------------------------------------
                         slack                                 13.663    <hidden>





Min Delay Paths
--------------------------------------------------------------------------------------
Slack (MET) :             0.088ns  (arrival time - required time)
  Source:                 design_1_i/axi_smc/inst/sc_ul/inst/gen_axi_full_nxm.sasd_inst/FSM_sequential_gen_write.w_state_reg[1]/C
                            (rising edge-triggered cell FDRE clocked by clk_fpga_0  {rise@0.000ns fall@10.000ns period=20.000ns})
  Destination:            design_1_i/axi_smc/inst/sc_ul/inst/gen_axi_full_nxm.sasd_inst/gen_write.awaddr_width_mux/dout_i1_reg[5]/D
                            (rising edge-triggered cell FDRE clocked by clk_fpga_0  {rise@0.000ns fall@10.000ns period=20.000ns})
  Path Group:             clk_fpga_0
  Path Type:              Hold (Min at Fast Process Corner)
  Requirement:            0.000ns  (clk_fpga_0 rise@0.000ns - clk_fpga_0 rise@0.000ns)
  Data Path Delay:        0.447ns  (logic 0.209ns (46.783%)  route 0.238ns (53.217%))
  Logic Levels:           1  (LUT5=1)
  Clock Path Skew:        0.267ns (DCD - SCD - CPR)
    Destination Clock Delay (DCD):    1.223ns
    Source Clock Delay      (SCD):    0.927ns
    Clock Pessimism Removal (CPR):    0.029ns

    Location             Delay type                Incr(ns)  Path(ns)    Netlist Resource(s)
  -------------------------------------------------------------------    -------------------
                         (clock clk_fpga_0 rise edge)
                                                      0.000     0.000 r  <hidden>
    PS7_X0Y0             PS7                          0.000     0.000 r  design_1_i/processing_system7_0/inst/PS7_i/FCLKCLK[0]
                         net (fo=1, routed)           0.315     0.315    design_1_i/processing_system7_0/inst/FCLK_CLK_unbuffered[0]
    BUFGCTRL_X0Y0        BUFG (Prop_bufg_I_O)         0.026     0.341 r  design_1_i/processing_system7_0/inst/buffer_fclk_clk_0.FCLK_CLK_0_BUFG/O
                         net (fo=761, routed)         0.586     0.927    design_1_i/axi_smc/inst/sc_ul/inst/gen_axi_full_nxm.sasd_inst/aclk
    SLICE_X4Y49          FDRE                                         r  design_1_i/axi_smc/inst/sc_ul/inst/gen_axi_full_nxm.sasd_inst/FSM_sequential_gen_write.w_state_reg[1]/C
  -------------------------------------------------------------------    -------------------
    SLICE_X4Y49          FDRE (Prop_fdre_C_Q)         0.164     1.091 r  design_1_i/axi_smc/inst/sc_ul/inst/gen_axi_full_nxm.sasd_inst/FSM_sequential_gen_write.w_state_reg[1]/Q
                         net (fo=44, routed)          0.238     1.328    design_1_i/axi_smc/inst/sc_ul/inst/gen_axi_full_nxm.sasd_inst/gen_write.awaddr_width_mux/w_state[1]
    SLICE_X2Y50          LUT5 (Prop_lut5_I2_O)        0.045     1.373 r  design_1_i/axi_smc/inst/sc_ul/inst/gen_axi_full_nxm.sasd_inst/gen_write.awaddr_width_mux/dout_i1[5]_i_1/O
                         net (fo=1, routed)           0.000     1.373    design_1_i/axi_smc/inst/sc_ul/inst/gen_axi_full_nxm.sasd_inst/gen_write.awaddr_width_mux/dout_i1[5]_i_1_n_0
    SLICE_X2Y50          FDRE                                         r  design_1_i/axi_smc/inst/sc_ul/inst/gen_axi_full_nxm.sasd_inst/gen_write.awaddr_width_mux/dout_i1_reg[5]/D
  -------------------------------------------------------------------    -------------------

                         (clock clk_fpga_0 rise edge)
                                                      0.000     0.000 r  <hidden>
    PS7_X0Y0             PS7                          0.000     0.000 r  design_1_i/processing_system7_0/inst/PS7_i/FCLKCLK[0]
                         net (fo=1, routed)           0.341     0.341    design_1_i/processing_system7_0/inst/FCLK_CLK_unbuffered[0]
    BUFGCTRL_X0Y0        BUFG (Prop_bufg_I_O)         0.029     0.370 r  design_1_i/processing_system7_0/inst/buffer_fclk_clk_0.FCLK_CLK_0_BUFG/O
                         net (fo=761, routed)         0.853     1.223    design_1_i/axi_smc/inst/sc_ul/inst/gen_axi_full_nxm.sasd_inst/gen_write.awaddr_width_mux/aclk
    SLICE_X2Y50          FDRE                                         r  design_1_i/axi_smc/inst/sc_ul/inst/gen_axi_full_nxm.sasd_inst/gen_write.awaddr_width_mux/dout_i1_reg[5]/C
                         clock pessimism             -0.029     1.194    <hidden>
    SLICE_X2Y50          FDRE (Hold_fdre_C_D)         0.091     1.285    design_1_i/axi_smc/inst/sc_ul/inst/gen_axi_full_nxm.sasd_inst/gen_write.awaddr_width_mux/dout_i1_reg[5]
  -------------------------------------------------------------------
                         required time                         -1.285    <hidden>
                         arrival time                           1.373    <hidden>
  -------------------------------------------------------------------
                         slack                                  0.088    <hidden>

Slack (MET) :             0.122ns  (arrival time - required time)
  Source:                 design_1_i/axi_smc/inst/sc_ul/inst/cdc_aresetn/syncstages_ff_reg[0]/C
                            (rising edge-triggered cell FDRE clocked by clk_fpga_0  {rise@0.000ns fall@10.000ns period=20.000ns})
  Destination:            design_1_i/axi_smc/inst/sc_ul/inst/cdc_aresetn/syncstages_ff_reg[1]/D
                            (rising edge-triggered cell FDRE clocked by clk_fpga_0  {rise@0.000ns fall@10.000ns period=20.000ns})
  Path Group:             clk_fpga_0
  Path Type:              Hold (Min at Fast Process Corner)
  Requirement:            0.000ns  (clk_fpga_0 rise@0.000ns - clk_fpga_0 rise@0.000ns)
  Data Path Delay:        0.197ns  (logic 0.141ns (71.611%)  route 0.056ns (28.389%))
  Logic Levels:           0  
  Clock Path Skew:        0.000ns (DCD - SCD - CPR)
    Destination Clock Delay (DCD):    1.205ns
    Source Clock Delay      (SCD):    0.908ns
    Clock Pessimism Removal (CPR):    0.297ns

    Location             Delay type                Incr(ns)  Path(ns)    Netlist Resource(s)
  -------------------------------------------------------------------    -------------------
                         (clock clk_fpga_0 rise edge)
                                                      0.000     0.000 r  <hidden>
    PS7_X0Y0             PS7                          0.000     0.000 r  design_1_i/processing_system7_0/inst/PS7_i/FCLKCLK[0]
                         net (fo=1, routed)           0.315     0.315    design_1_i/processing_system7_0/inst/FCLK_CLK_unbuffered[0]
    BUFGCTRL_X0Y0        BUFG (Prop_bufg_I_O)         0.026     0.341 r  design_1_i/processing_system7_0/inst/buffer_fclk_clk_0.FCLK_CLK_0_BUFG/O
                         net (fo=761, routed)         0.567     0.908    design_1_i/axi_smc/inst/sc_ul/inst/cdc_aresetn/dest_clk
    SLICE_X7Y49          FDRE                                         r  design_1_i/axi_smc/inst/sc_ul/inst/cdc_aresetn/syncstages_ff_reg[0]/C
  -------------------------------------------------------------------    -------------------
    SLICE_X7Y49          FDRE (Prop_fdre_C_Q)         0.141     1.049 r  design_1_i/axi_smc/inst/sc_ul/inst/cdc_aresetn/syncstages_ff_reg[0]/Q
                         net (fo=1, routed)           0.056     1.104    design_1_i/axi_smc/inst/sc_ul/inst/cdc_aresetn/syncstages_ff[0]
    SLICE_X7Y49          FDRE                                         r  design_1_i/axi_smc/inst/sc_ul/inst/cdc_aresetn/syncstages_ff_reg[1]/D
  -------------------------------------------------------------------    -------------------

                         (clock clk_fpga_0 rise edge)
                                                      0.000     0.000 r  <hidden>
    PS7_X0Y0             PS7                          0.000     0.000 r  design_1_i/processing_system7_0/inst/PS7_i/FCLKCLK[0]
                         net (fo=1, routed)           0.341     0.341    design_1_i/processing_system7_0/inst/FCLK_CLK_unbuffered[0]
    BUFGCTRL_X0Y0        BUFG (Prop_bufg_I_O)         0.029     0.370 r  design_1_i/processing_system7_0/inst/buffer_fclk_clk_0.FCLK_CLK_0_BUFG/O
                         net (fo=761, routed)         0.835     1.205    design_1_i/axi_smc/inst/sc_ul/inst/cdc_aresetn/dest_clk
    SLICE_X7Y49          FDRE                                         r  design_1_i/axi_smc/inst/sc_ul/inst/cdc_aresetn/syncstages_ff_reg[1]/C
                         clock pessimism             -0.297     0.908    <hidden>
    SLICE_X7Y49          FDRE (Hold_fdre_C_D)         0.075     0.983    design_1_i/axi_smc/inst/sc_ul/inst/cdc_aresetn/syncstages_ff_reg[1]
  -------------------------------------------------------------------
                         required time                         -0.983    <hidden>
                         arrival time                           1.104    <hidden>
  -------------------------------------------------------------------
                         slack                                  0.122    <hidden>

Slack (MET) :             0.122ns  (arrival time - required time)
  Source:                 design_1_i/rst_ps7_0_50M/U0/EXT_LPF/ACTIVE_LOW_AUX.ACT_LO_AUX/syncstages_ff_reg[0]/C
                            (rising edge-triggered cell FDRE clocked by clk_fpga_0  {rise@0.000ns fall@10.000ns period=20.000ns})
  Destination:            design_1_i/rst_ps7_0_50M/U0/EXT_LPF/ACTIVE_LOW_AUX.ACT_LO_AUX/syncstages_ff_reg[1]/D
                            (rising edge-triggered cell FDRE clocked by clk_fpga_0  {rise@0.000ns fall@10.000ns period=20.000ns})
  Path Group:             clk_fpga_0
  Path Type:              Hold (Min at Fast Process Corner)
  Requirement:            0.000ns  (clk_fpga_0 rise@0.000ns - clk_fpga_0 rise@0.000ns)
  Data Path Delay:        0.197ns  (logic 0.141ns (71.611%)  route 0.056ns (28.389%))
  Logic Levels:           0  
  Clock Path Skew:        0.000ns (DCD - SCD - CPR)
    Destination Clock Delay (DCD):    1.204ns
    Source Clock Delay      (SCD):    0.906ns
    Clock Pessimism Removal (CPR):    0.298ns

    Location             Delay type                Incr(ns)  Path(ns)    Netlist Resource(s)
  -------------------------------------------------------------------    -------------------
                         (clock clk_fpga_0 rise edge)
                                                      0.000     0.000 r  <hidden>
    PS7_X0Y0             PS7                          0.000     0.000 r  design_1_i/processing_system7_0/inst/PS7_i/FCLKCLK[0]
                         net (fo=1, routed)           0.315     0.315    design_1_i/processing_system7_0/inst/FCLK_CLK_unbuffered[0]
    BUFGCTRL_X0Y0        BUFG (Prop_bufg_I_O)         0.026     0.341 r  design_1_i/processing_system7_0/inst/buffer_fclk_clk_0.FCLK_CLK_0_BUFG/O
                         net (fo=761, routed)         0.565     0.906    design_1_i/rst_ps7_0_50M/U0/EXT_LPF/ACTIVE_LOW_AUX.ACT_LO_AUX/dest_clk
    SLICE_X13Y50         FDRE                                         r  design_1_i/rst_ps7_0_50M/U0/EXT_LPF/ACTIVE_LOW_AUX.ACT_LO_AUX/syncstages_ff_reg[0]/C
  -------------------------------------------------------------------    -------------------
    SLICE_X13Y50         FDRE (Prop_fdre_C_Q)         0.141     1.047 r  design_1_i/rst_ps7_0_50M/U0/EXT_LPF/ACTIVE_LOW_AUX.ACT_LO_AUX/syncstages_ff_reg[0]/Q
                         net (fo=1, routed)           0.056     1.102    design_1_i/rst_ps7_0_50M/U0/EXT_LPF/ACTIVE_LOW_AUX.ACT_LO_AUX/syncstages_ff[0]
    SLICE_X13Y50         FDRE                                         r  design_1_i/rst_ps7_0_50M/U0/EXT_LPF/ACTIVE_LOW_AUX.ACT_LO_AUX/syncstages_ff_reg[1]/D
  -------------------------------------------------------------------    -------------------

                         (clock clk_fpga_0 rise edge)
                                                      0.000     0.000 r  <hidden>
    PS7_X0Y0             PS7                          0.000     0.000 r  design_1_i/processing_system7_0/inst/PS7_i/FCLKCLK[0]
                         net (fo=1, routed)           0.341     0.341    design_1_i/processing_system7_0/inst/FCLK_CLK_unbuffered[0]
    BUFGCTRL_X0Y0        BUFG (Prop_bufg_I_O)         0.029     0.370 r  design_1_i/processing_system7_0/inst/buffer_fclk_clk_0.FCLK_CLK_0_BUFG/O
                         net (fo=761, routed)         0.834     1.204    design_1_i/rst_ps7_0_50M/U0/EXT_LPF/ACTIVE_LOW_AUX.ACT_LO_AUX/dest_clk
    SLICE_X13Y50         FDRE                                         r  design_1_i/rst_ps7_0_50M/U0/EXT_LPF/ACTIVE_LOW_AUX.ACT_LO_AUX/syncstages_ff_reg[1]/C
                         clock pessimism             -0.298     0.906    <hidden>
    SLICE_X13Y50         FDRE (Hold_fdre_C_D)         0.075     0.981    design_1_i/rst_ps7_0_50M/U0/EXT_LPF/ACTIVE_LOW_AUX.ACT_LO_AUX/syncstages_ff_reg[1]
  -------------------------------------------------------------------
                         required time                         -0.981    <hidden>
                         arrival time                           1.102    <hidden>
  -------------------------------------------------------------------
                         slack                                  0.122    <hidden>

Slack (MET) :             0.130ns  (arrival time - required time)
  Source:                 design_1_i/rst_ps7_0_50M/U0/EXT_LPF/AUX_LPF[2].asr_lpf_reg[2]/C
                            (rising edge-triggered cell FDRE clocked by clk_fpga_0  {rise@0.000ns fall@10.000ns period=20.000ns})
  Destination:            design_1_i/rst_ps7_0_50M/U0/EXT_LPF/AUX_LPF[3].asr_lpf_reg[3]/D
                            (rising edge-triggered cell FDRE clocked by clk_fpga_0  {rise@0.000ns fall@10.000ns period=20.000ns})
  Path Group:             clk_fpga_0
  Path Type:              Hold (Min at Fast Process Corner)
  Requirement:            0.000ns  (clk_fpga_0 rise@0.000ns - clk_fpga_0 rise@0.000ns)
  Data Path Delay:        0.208ns  (logic 0.141ns (67.788%)  route 0.067ns (32.212%))
  Logic Levels:           0  
  Clock Path Skew:        0.000ns (DCD - SCD - CPR)
    Destination Clock Delay (DCD):    1.204ns
    Source Clock Delay      (SCD):    0.906ns
    Clock Pessimism Removal (CPR):    0.298ns

    Location             Delay type                Incr(ns)  Path(ns)    Netlist Resource(s)
  -------------------------------------------------------------------    -------------------
                         (clock clk_fpga_0 rise edge)
                                                      0.000     0.000 r  <hidden>
    PS7_X0Y0             PS7                          0.000     0.000 r  design_1_i/processing_system7_0/inst/PS7_i/FCLKCLK[0]
                         net (fo=1, routed)           0.315     0.315    design_1_i/processing_system7_0/inst/FCLK_CLK_unbuffered[0]
    BUFGCTRL_X0Y0        BUFG (Prop_bufg_I_O)         0.026     0.341 r  design_1_i/processing_system7_0/inst/buffer_fclk_clk_0.FCLK_CLK_0_BUFG/O
                         net (fo=761, routed)         0.565     0.906    design_1_i/rst_ps7_0_50M/U0/EXT_LPF/slowest_sync_clk
    SLICE_X13Y50         FDRE                                         r  design_1_i/rst_ps7_0_50M/U0/EXT_LPF/AUX_LPF[2].asr_lpf_reg[2]/C
  -------------------------------------------------------------------    -------------------
    SLICE_X13Y50         FDRE (Prop_fdre_C_Q)         0.141     1.047 r  design_1_i/rst_ps7_0_50M/U0/EXT_LPF/AUX_LPF[2].asr_lpf_reg[2]/Q
                         net (fo=2, routed)           0.067     1.114    design_1_i/rst_ps7_0_50M/U0/EXT_LPF/p_1_in
    SLICE_X13Y50         FDRE                                         r  design_1_i/rst_ps7_0_50M/U0/EXT_LPF/AUX_LPF[3].asr_lpf_reg[3]/D
  -------------------------------------------------------------------    -------------------

                         (clock clk_fpga_0 rise edge)
                                                      0.000     0.000 r  <hidden>
    PS7_X0Y0             PS7                          0.000     0.000 r  design_1_i/processing_system7_0/inst/PS7_i/FCLKCLK[0]
                         net (fo=1, routed)           0.341     0.341    design_1_i/processing_system7_0/inst/FCLK_CLK_unbuffered[0]
    BUFGCTRL_X0Y0        BUFG (Prop_bufg_I_O)         0.029     0.370 r  design_1_i/processing_system7_0/inst/buffer_fclk_clk_0.FCLK_CLK_0_BUFG/O
                         net (fo=761, routed)         0.834     1.204    design_1_i/rst_ps7_0_50M/U0/EXT_LPF/slowest_sync_clk
    SLICE_X13Y50         FDRE                                         r  design_1_i/rst_ps7_0_50M/U0/EXT_LPF/AUX_LPF[3].asr_lpf_reg[3]/C
                         clock pessimism             -0.298     0.906    <hidden>
    SLICE_X13Y50         FDRE (Hold_fdre_C_D)         0.078     0.984    design_1_i/rst_ps7_0_50M/U0/EXT_LPF/AUX_LPF[3].asr_lpf_reg[3]
  -------------------------------------------------------------------
                         required time                         -0.984    <hidden>
                         arrival time                           1.114    <hidden>
  -------------------------------------------------------------------
                         slack                                  0.130    <hidden>

Slack (MET) :             0.145ns  (arrival time - required time)
  Source:                 design_1_i/axi_smc/inst/sc_ul/inst/gen_axi_full_nxm.sasd_inst/gen_write.wdata_mux/dout_i1_reg[11]/C
                            (rising edge-triggered cell FDRE clocked by clk_fpga_0  {rise@0.000ns fall@10.000ns period=20.000ns})
  Destination:            design_1_i/axi_smc/inst/sc_ul/inst/gen_axi_full_nxm.sasd_inst/gen_write.m_wdata_reg[11]/D
                            (rising edge-triggered cell FDRE clocked by clk_fpga_0  {rise@0.000ns fall@10.000ns period=20.000ns})
  Path Group:             clk_fpga_0
  Path Type:              Hold (Min at Fast Process Corner)
  Requirement:            0.000ns  (clk_fpga_0 rise@0.000ns - clk_fpga_0 rise@0.000ns)
  Data Path Delay:        0.256ns  (logic 0.141ns (55.073%)  route 0.115ns (44.927%))
  Logic Levels:           0  
  Clock Path Skew:        0.035ns (DCD - SCD - CPR)
    Destination Clock Delay (DCD):    1.204ns
    Source Clock Delay      (SCD):    0.907ns
    Clock Pessimism Removal (CPR):    0.262ns

    Location             Delay type                Incr(ns)  Path(ns)    Netlist Resource(s)
  -------------------------------------------------------------------    -------------------
                         (clock clk_fpga_0 rise edge)
                                                      0.000     0.000 r  <hidden>
    PS7_X0Y0             PS7                          0.000     0.000 r  design_1_i/processing_system7_0/inst/PS7_i/FCLKCLK[0]
                         net (fo=1, routed)           0.315     0.315    design_1_i/processing_system7_0/inst/FCLK_CLK_unbuffered[0]
    BUFGCTRL_X0Y0        BUFG (Prop_bufg_I_O)         0.026     0.341 r  design_1_i/processing_system7_0/inst/buffer_fclk_clk_0.FCLK_CLK_0_BUFG/O
                         net (fo=761, routed)         0.566     0.907    design_1_i/axi_smc/inst/sc_ul/inst/gen_axi_full_nxm.sasd_inst/gen_write.wdata_mux/aclk
    SLICE_X7Y43          FDRE                                         r  design_1_i/axi_smc/inst/sc_ul/inst/gen_axi_full_nxm.sasd_inst/gen_write.wdata_mux/dout_i1_reg[11]/C
  -------------------------------------------------------------------    -------------------
    SLICE_X7Y43          FDRE (Prop_fdre_C_Q)         0.141     1.048 r  design_1_i/axi_smc/inst/sc_ul/inst/gen_axi_full_nxm.sasd_inst/gen_write.wdata_mux/dout_i1_reg[11]/Q
                         net (fo=1, routed)           0.115     1.163    design_1_i/axi_smc/inst/sc_ul/inst/gen_axi_full_nxm.sasd_inst/s_wdata[11]
    SLICE_X8Y43          FDRE                                         r  design_1_i/axi_smc/inst/sc_ul/inst/gen_axi_full_nxm.sasd_inst/gen_write.m_wdata_reg[11]/D
  -------------------------------------------------------------------    -------------------

                         (clock clk_fpga_0 rise edge)
                                                      0.000     0.000 r  <hidden>
    PS7_X0Y0             PS7                          0.000     0.000 r  design_1_i/processing_system7_0/inst/PS7_i/FCLKCLK[0]
                         net (fo=1, routed)           0.341     0.341    design_1_i/processing_system7_0/inst/FCLK_CLK_unbuffered[0]
    BUFGCTRL_X0Y0        BUFG (Prop_bufg_I_O)         0.029     0.370 r  design_1_i/processing_system7_0/inst/buffer_fclk_clk_0.FCLK_CLK_0_BUFG/O
                         net (fo=761, routed)         0.834     1.204    design_1_i/axi_smc/inst/sc_ul/inst/gen_axi_full_nxm.sasd_inst/aclk
    SLICE_X8Y43          FDRE                                         r  design_1_i/axi_smc/inst/sc_ul/inst/gen_axi_full_nxm.sasd_inst/gen_write.m_wdata_reg[11]/C
                         clock pessimism             -0.262     0.942    <hidden>
    SLICE_X8Y43          FDRE (Hold_fdre_C_D)         0.076     1.018    design_1_i/axi_smc/inst/sc_ul/inst/gen_axi_full_nxm.sasd_inst/gen_write.m_wdata_reg[11]
  -------------------------------------------------------------------
                         required time                         -1.017    <hidden>
                         arrival time                           1.163    <hidden>
  -------------------------------------------------------------------
                         slack                                  0.145    <hidden>

Slack (MET) :             0.155ns  (arrival time - required time)
  Source:                 design_1_i/axi_smc/inst/sc_ul/inst/gen_axi_full_nxm.sasd_inst/gen_read.r_beats_reg[1]/C
                            (rising edge-triggered cell FDRE clocked by clk_fpga_0  {rise@0.000ns fall@10.000ns period=20.000ns})
  Destination:            design_1_i/axi_smc/inst/sc_ul/inst/gen_axi_full_nxm.sasd_inst/gen_read.r_beats_reg[4]/D
                            (rising edge-triggered cell FDRE clocked by clk_fpga_0  {rise@0.000ns fall@10.000ns period=20.000ns})
  Path Group:             clk_fpga_0
  Path Type:              Hold (Min at Fast Process Corner)
  Requirement:            0.000ns  (clk_fpga_0 rise@0.000ns - clk_fpga_0 rise@0.000ns)
  Data Path Delay:        0.288ns  (logic 0.186ns (64.684%)  route 0.102ns (35.316%))
  Logic Levels:           1  (LUT6=1)
  Clock Path Skew:        0.013ns (DCD - SCD - CPR)
    Destination Clock Delay (DCD):    1.219ns
    Source Clock Delay      (SCD):    0.922ns
    Clock Pessimism Removal (CPR):    0.284ns

    Location             Delay type                Incr(ns)  Path(ns)    Netlist Resource(s)
  -------------------------------------------------------------------    -------------------
                         (clock clk_fpga_0 rise edge)
                                                      0.000     0.000 r  <hidden>
    PS7_X0Y0             PS7                          0.000     0.000 r  design_1_i/processing_system7_0/inst/PS7_i/FCLKCLK[0]
                         net (fo=1, routed)           0.315     0.315    design_1_i/processing_system7_0/inst/FCLK_CLK_unbuffered[0]
    BUFGCTRL_X0Y0        BUFG (Prop_bufg_I_O)         0.026     0.341 r  design_1_i/processing_system7_0/inst/buffer_fclk_clk_0.FCLK_CLK_0_BUFG/O
                         net (fo=761, routed)         0.581     0.922    design_1_i/axi_smc/inst/sc_ul/inst/gen_axi_full_nxm.sasd_inst/aclk
    SLICE_X1Y39          FDRE                                         r  design_1_i/axi_smc/inst/sc_ul/inst/gen_axi_full_nxm.sasd_inst/gen_read.r_beats_reg[1]/C
  -------------------------------------------------------------------    -------------------
    SLICE_X1Y39          FDRE (Prop_fdre_C_Q)         0.141     1.062 r  design_1_i/axi_smc/inst/sc_ul/inst/gen_axi_full_nxm.sasd_inst/gen_read.r_beats_reg[1]/Q
                         net (fo=6, routed)           0.102     1.164    design_1_i/axi_smc/inst/sc_ul/inst/gen_axi_full_nxm.sasd_inst/gen_read.r_beats_reg_n_0_[1]
    SLICE_X0Y39          LUT6 (Prop_lut6_I3_O)        0.045     1.209 r  design_1_i/axi_smc/inst/sc_ul/inst/gen_axi_full_nxm.sasd_inst/gen_read.r_beats[4]_i_1/O
                         net (fo=1, routed)           0.000     1.209    design_1_i/axi_smc/inst/sc_ul/inst/gen_axi_full_nxm.sasd_inst/gen_read.r_beats[4]_i_1_n_0
    SLICE_X0Y39          FDRE                                         r  design_1_i/axi_smc/inst/sc_ul/inst/gen_axi_full_nxm.sasd_inst/gen_read.r_beats_reg[4]/D
  -------------------------------------------------------------------    -------------------

                         (clock clk_fpga_0 rise edge)
                                                      0.000     0.000 r  <hidden>
    PS7_X0Y0             PS7                          0.000     0.000 r  design_1_i/processing_system7_0/inst/PS7_i/FCLKCLK[0]
                         net (fo=1, routed)           0.341     0.341    design_1_i/processing_system7_0/inst/FCLK_CLK_unbuffered[0]
    BUFGCTRL_X0Y0        BUFG (Prop_bufg_I_O)         0.029     0.370 r  design_1_i/processing_system7_0/inst/buffer_fclk_clk_0.FCLK_CLK_0_BUFG/O
                         net (fo=761, routed)         0.849     1.219    design_1_i/axi_smc/inst/sc_ul/inst/gen_axi_full_nxm.sasd_inst/aclk
    SLICE_X0Y39          FDRE                                         r  design_1_i/axi_smc/inst/sc_ul/inst/gen_axi_full_nxm.sasd_inst/gen_read.r_beats_reg[4]/C
                         clock pessimism             -0.284     0.935    <hidden>
    SLICE_X0Y39          FDRE (Hold_fdre_C_D)         0.120     1.054    design_1_i/axi_smc/inst/sc_ul/inst/gen_axi_full_nxm.sasd_inst/gen_read.r_beats_reg[4]
  -------------------------------------------------------------------
                         required time                         -1.054    <hidden>
                         arrival time                           1.209    <hidden>
  -------------------------------------------------------------------
                         slack                                  0.155    <hidden>

Slack (MET) :             0.156ns  (arrival time - required time)
  Source:                 design_1_i/rst_ps7_0_50M/U0/EXT_LPF/EXT_LPF[3].exr_lpf_reg[3]/C
                            (rising edge-triggered cell FDRE clocked by clk_fpga_0  {rise@0.000ns fall@10.000ns period=20.000ns})
  Destination:            design_1_i/rst_ps7_0_50M/U0/EXT_LPF/lpf_exr_reg/D
                            (rising edge-triggered cell FDRE clocked by clk_fpga_0  {rise@0.000ns fall@10.000ns period=20.000ns})
  Path Group:             clk_fpga_0
  Path Type:              Hold (Min at Fast Process Corner)
  Requirement:            0.000ns  (clk_fpga_0 rise@0.000ns - clk_fpga_0 rise@0.000ns)
  Data Path Delay:        0.260ns  (logic 0.209ns (80.352%)  route 0.051ns (19.648%))
  Logic Levels:           1  (LUT5=1)
  Clock Path Skew:        0.013ns (DCD - SCD - CPR)
    Destination Clock Delay (DCD):    1.204ns
    Source Clock Delay      (SCD):    0.906ns
    Clock Pessimism Removal (CPR):    0.285ns

    Location             Delay type                Incr(ns)  Path(ns)    Netlist Resource(s)
  -------------------------------------------------------------------    -------------------
                         (clock clk_fpga_0 rise edge)
                                                      0.000     0.000 r  <hidden>
    PS7_X0Y0             PS7                          0.000     0.000 r  design_1_i/processing_system7_0/inst/PS7_i/FCLKCLK[0]
                         net (fo=1, routed)           0.315     0.315    design_1_i/processing_system7_0/inst/FCLK_CLK_unbuffered[0]
    BUFGCTRL_X0Y0        BUFG (Prop_bufg_I_O)         0.026     0.341 r  design_1_i/processing_system7_0/inst/buffer_fclk_clk_0.FCLK_CLK_0_BUFG/O
                         net (fo=761, routed)         0.565     0.906    design_1_i/rst_ps7_0_50M/U0/EXT_LPF/slowest_sync_clk
    SLICE_X12Y51         FDRE                                         r  design_1_i/rst_ps7_0_50M/U0/EXT_LPF/EXT_LPF[3].exr_lpf_reg[3]/C
  -------------------------------------------------------------------    -------------------
    SLICE_X12Y51         FDRE (Prop_fdre_C_Q)         0.164     1.070 r  design_1_i/rst_ps7_0_50M/U0/EXT_LPF/EXT_LPF[3].exr_lpf_reg[3]/Q
                         net (fo=1, routed)           0.051     1.121    design_1_i/rst_ps7_0_50M/U0/EXT_LPF/EXT_LPF[3].exr_lpf_reg_n_0_[3]
    SLICE_X13Y51         LUT5 (Prop_lut5_I4_O)        0.045     1.166 r  design_1_i/rst_ps7_0_50M/U0/EXT_LPF/lpf_exr_i_1/O
                         net (fo=1, routed)           0.000     1.166    design_1_i/rst_ps7_0_50M/U0/EXT_LPF/lpf_exr_i_1_n_0
    SLICE_X13Y51         FDRE                                         r  design_1_i/rst_ps7_0_50M/U0/EXT_LPF/lpf_exr_reg/D
  -------------------------------------------------------------------    -------------------

                         (clock clk_fpga_0 rise edge)
                                                      0.000     0.000 r  <hidden>
    PS7_X0Y0             PS7                          0.000     0.000 r  design_1_i/processing_system7_0/inst/PS7_i/FCLKCLK[0]
                         net (fo=1, routed)           0.341     0.341    design_1_i/processing_system7_0/inst/FCLK_CLK_unbuffered[0]
    BUFGCTRL_X0Y0        BUFG (Prop_bufg_I_O)         0.029     0.370 r  design_1_i/processing_system7_0/inst/buffer_fclk_clk_0.FCLK_CLK_0_BUFG/O
                         net (fo=761, routed)         0.834     1.204    design_1_i/rst_ps7_0_50M/U0/EXT_LPF/slowest_sync_clk
    SLICE_X13Y51         FDRE                                         r  design_1_i/rst_ps7_0_50M/U0/EXT_LPF/lpf_exr_reg/C
                         clock pessimism             -0.285     0.919    <hidden>
    SLICE_X13Y51         FDRE (Hold_fdre_C_D)         0.091     1.010    design_1_i/rst_ps7_0_50M/U0/EXT_LPF/lpf_exr_reg
  -------------------------------------------------------------------
                         required time                         -1.010    <hidden>
                         arrival time                           1.166    <hidden>
  -------------------------------------------------------------------
                         slack                                  0.156    <hidden>

Slack (MET) :             0.159ns  (arrival time - required time)
  Source:                 design_1_i/axi_smc/inst/sc_ul/inst/gen_axi_full_nxm.sasd_inst/gen_write.wdata_mux/dout_i1_reg[6]/C
                            (rising edge-triggered cell FDRE clocked by clk_fpga_0  {rise@0.000ns fall@10.000ns period=20.000ns})
  Destination:            design_1_i/axi_smc/inst/sc_ul/inst/gen_axi_full_nxm.sasd_inst/gen_write.m_wdata_reg[6]/D
                            (rising edge-triggered cell FDRE clocked by clk_fpga_0  {rise@0.000ns fall@10.000ns period=20.000ns})
  Path Group:             clk_fpga_0
  Path Type:              Hold (Min at Fast Process Corner)
  Requirement:            0.000ns  (clk_fpga_0 rise@0.000ns - clk_fpga_0 rise@0.000ns)
  Data Path Delay:        0.254ns  (logic 0.141ns (55.522%)  route 0.113ns (44.478%))
  Logic Levels:           0  
  Clock Path Skew:        0.035ns (DCD - SCD - CPR)
    Destination Clock Delay (DCD):    1.204ns
    Source Clock Delay      (SCD):    0.907ns
    Clock Pessimism Removal (CPR):    0.262ns

    Location             Delay type                Incr(ns)  Path(ns)    Netlist Resource(s)
  -------------------------------------------------------------------    -------------------
                         (clock clk_fpga_0 rise edge)
                                                      0.000     0.000 r  <hidden>
    PS7_X0Y0             PS7                          0.000     0.000 r  design_1_i/processing_system7_0/inst/PS7_i/FCLKCLK[0]
                         net (fo=1, routed)           0.315     0.315    design_1_i/processing_system7_0/inst/FCLK_CLK_unbuffered[0]
    BUFGCTRL_X0Y0        BUFG (Prop_bufg_I_O)         0.026     0.341 r  design_1_i/processing_system7_0/inst/buffer_fclk_clk_0.FCLK_CLK_0_BUFG/O
                         net (fo=761, routed)         0.566     0.907    design_1_i/axi_smc/inst/sc_ul/inst/gen_axi_full_nxm.sasd_inst/gen_write.wdata_mux/aclk
    SLICE_X7Y43          FDRE                                         r  design_1_i/axi_smc/inst/sc_ul/inst/gen_axi_full_nxm.sasd_inst/gen_write.wdata_mux/dout_i1_reg[6]/C
  -------------------------------------------------------------------    -------------------
    SLICE_X7Y43          FDRE (Prop_fdre_C_Q)         0.141     1.048 r  design_1_i/axi_smc/inst/sc_ul/inst/gen_axi_full_nxm.sasd_inst/gen_write.wdata_mux/dout_i1_reg[6]/Q
                         net (fo=1, routed)           0.113     1.160    design_1_i/axi_smc/inst/sc_ul/inst/gen_axi_full_nxm.sasd_inst/s_wdata[6]
    SLICE_X8Y43          FDRE                                         r  design_1_i/axi_smc/inst/sc_ul/inst/gen_axi_full_nxm.sasd_inst/gen_write.m_wdata_reg[6]/D
  -------------------------------------------------------------------    -------------------

                         (clock clk_fpga_0 rise edge)
                                                      0.000     0.000 r  <hidden>
    PS7_X0Y0             PS7                          0.000     0.000 r  design_1_i/processing_system7_0/inst/PS7_i/FCLKCLK[0]
                         net (fo=1, routed)           0.341     0.341    design_1_i/processing_system7_0/inst/FCLK_CLK_unbuffered[0]
    BUFGCTRL_X0Y0        BUFG (Prop_bufg_I_O)         0.029     0.370 r  design_1_i/processing_system7_0/inst/buffer_fclk_clk_0.FCLK_CLK_0_BUFG/O
                         net (fo=761, routed)         0.834     1.204    design_1_i/axi_smc/inst/sc_ul/inst/gen_axi_full_nxm.sasd_inst/aclk
    SLICE_X8Y43          FDRE                                         r  design_1_i/axi_smc/inst/sc_ul/inst/gen_axi_full_nxm.sasd_inst/gen_write.m_wdata_reg[6]/C
                         clock pessimism             -0.262     0.942    <hidden>
    SLICE_X8Y43          FDRE (Hold_fdre_C_D)         0.060     1.002    design_1_i/axi_smc/inst/sc_ul/inst/gen_axi_full_nxm.sasd_inst/gen_write.m_wdata_reg[6]
  -------------------------------------------------------------------
                         required time                         -1.002    <hidden>
                         arrival time                           1.160    <hidden>
  -------------------------------------------------------------------
                         slack                                  0.159    <hidden>

Slack (MET) :             0.160ns  (arrival time - required time)
  Source:                 design_1_i/rst_ps7_0_50M/U0/EXT_LPF/ACTIVE_LOW_EXT.ACT_LO_EXT/syncstages_ff_reg[0]/C
                            (rising edge-triggered cell FDRE clocked by clk_fpga_0  {rise@0.000ns fall@10.000ns period=20.000ns})
  Destination:            design_1_i/rst_ps7_0_50M/U0/EXT_LPF/ACTIVE_LOW_EXT.ACT_LO_EXT/syncstages_ff_reg[1]/D
                            (rising edge-triggered cell FDRE clocked by clk_fpga_0  {rise@0.000ns fall@10.000ns period=20.000ns})
  Path Group:             clk_fpga_0
  Path Type:              Hold (Min at Fast Process Corner)
  Requirement:            0.000ns  (clk_fpga_0 rise@0.000ns - clk_fpga_0 rise@0.000ns)
  Data Path Delay:        0.220ns  (logic 0.164ns (74.580%)  route 0.056ns (25.420%))
  Logic Levels:           0  
  Clock Path Skew:        0.000ns (DCD - SCD - CPR)
    Destination Clock Delay (DCD):    1.204ns
    Source Clock Delay      (SCD):    0.906ns
    Clock Pessimism Removal (CPR):    0.298ns

    Location             Delay type                Incr(ns)  Path(ns)    Netlist Resource(s)
  -------------------------------------------------------------------    -------------------
                         (clock clk_fpga_0 rise edge)
                                                      0.000     0.000 r  <hidden>
    PS7_X0Y0             PS7                          0.000     0.000 r  design_1_i/processing_system7_0/inst/PS7_i/FCLKCLK[0]
                         net (fo=1, routed)           0.315     0.315    design_1_i/processing_system7_0/inst/FCLK_CLK_unbuffered[0]
    BUFGCTRL_X0Y0        BUFG (Prop_bufg_I_O)         0.026     0.341 r  design_1_i/processing_system7_0/inst/buffer_fclk_clk_0.FCLK_CLK_0_BUFG/O
                         net (fo=761, routed)         0.565     0.906    design_1_i/rst_ps7_0_50M/U0/EXT_LPF/ACTIVE_LOW_EXT.ACT_LO_EXT/dest_clk
    SLICE_X10Y51         FDRE                                         r  design_1_i/rst_ps7_0_50M/U0/EXT_LPF/ACTIVE_LOW_EXT.ACT_LO_EXT/syncstages_ff_reg[0]/C
  -------------------------------------------------------------------    -------------------
    SLICE_X10Y51         FDRE (Prop_fdre_C_Q)         0.164     1.070 r  design_1_i/rst_ps7_0_50M/U0/EXT_LPF/ACTIVE_LOW_EXT.ACT_LO_EXT/syncstages_ff_reg[0]/Q
                         net (fo=1, routed)           0.056     1.125    design_1_i/rst_ps7_0_50M/U0/EXT_LPF/ACTIVE_LOW_EXT.ACT_LO_EXT/syncstages_ff[0]
    SLICE_X10Y51         FDRE                                         r  design_1_i/rst_ps7_0_50M/U0/EXT_LPF/ACTIVE_LOW_EXT.ACT_LO_EXT/syncstages_ff_reg[1]/D
  -------------------------------------------------------------------    -------------------

                         (clock clk_fpga_0 rise edge)
                                                      0.000     0.000 r  <hidden>
    PS7_X0Y0             PS7                          0.000     0.000 r  design_1_i/processing_system7_0/inst/PS7_i/FCLKCLK[0]
                         net (fo=1, routed)           0.341     0.341    design_1_i/processing_system7_0/inst/FCLK_CLK_unbuffered[0]
    BUFGCTRL_X0Y0        BUFG (Prop_bufg_I_O)         0.029     0.370 r  design_1_i/processing_system7_0/inst/buffer_fclk_clk_0.FCLK_CLK_0_BUFG/O
                         net (fo=761, routed)         0.834     1.204    design_1_i/rst_ps7_0_50M/U0/EXT_LPF/ACTIVE_LOW_EXT.ACT_LO_EXT/dest_clk
    SLICE_X10Y51         FDRE                                         r  design_1_i/rst_ps7_0_50M/U0/EXT_LPF/ACTIVE_LOW_EXT.ACT_LO_EXT/syncstages_ff_reg[1]/C
                         clock pessimism             -0.298     0.906    <hidden>
    SLICE_X10Y51         FDRE (Hold_fdre_C_D)         0.060     0.966    design_1_i/rst_ps7_0_50M/U0/EXT_LPF/ACTIVE_LOW_EXT.ACT_LO_EXT/syncstages_ff_reg[1]
  -------------------------------------------------------------------
                         required time                         -0.966    <hidden>
                         arrival time                           1.125    <hidden>
  -------------------------------------------------------------------
                         slack                                  0.160    <hidden>

Slack (MET) :             0.160ns  (arrival time - required time)
  Source:                 design_1_i/axi_smc/inst/sc_ul/inst/gen_axi_full_nxm.sasd_inst/gen_write.wdata_mux/dout_i1_reg[14]/C
                            (rising edge-triggered cell FDRE clocked by clk_fpga_0  {rise@0.000ns fall@10.000ns period=20.000ns})
  Destination:            design_1_i/axi_smc/inst/sc_ul/inst/gen_axi_full_nxm.sasd_inst/gen_write.m_wdata_reg[14]/D
                            (rising edge-triggered cell FDRE clocked by clk_fpga_0  {rise@0.000ns fall@10.000ns period=20.000ns})
  Path Group:             clk_fpga_0
  Path Type:              Hold (Min at Fast Process Corner)
  Requirement:            0.000ns  (clk_fpga_0 rise@0.000ns - clk_fpga_0 rise@0.000ns)
  Data Path Delay:        0.254ns  (logic 0.141ns (55.499%)  route 0.113ns (44.501%))
  Logic Levels:           0  
  Clock Path Skew:        0.035ns (DCD - SCD - CPR)
    Destination Clock Delay (DCD):    1.204ns
    Source Clock Delay      (SCD):    0.907ns
    Clock Pessimism Removal (CPR):    0.262ns

    Location             Delay type                Incr(ns)  Path(ns)    Netlist Resource(s)
  -------------------------------------------------------------------    -------------------
                         (clock clk_fpga_0 rise edge)
                                                      0.000     0.000 r  <hidden>
    PS7_X0Y0             PS7                          0.000     0.000 r  design_1_i/processing_system7_0/inst/PS7_i/FCLKCLK[0]
                         net (fo=1, routed)           0.315     0.315    design_1_i/processing_system7_0/inst/FCLK_CLK_unbuffered[0]
    BUFGCTRL_X0Y0        BUFG (Prop_bufg_I_O)         0.026     0.341 r  design_1_i/processing_system7_0/inst/buffer_fclk_clk_0.FCLK_CLK_0_BUFG/O
                         net (fo=761, routed)         0.566     0.907    design_1_i/axi_smc/inst/sc_ul/inst/gen_axi_full_nxm.sasd_inst/gen_write.wdata_mux/aclk
    SLICE_X7Y45          FDRE                                         r  design_1_i/axi_smc/inst/sc_ul/inst/gen_axi_full_nxm.sasd_inst/gen_write.wdata_mux/dout_i1_reg[14]/C
  -------------------------------------------------------------------    -------------------
    SLICE_X7Y45          FDRE (Prop_fdre_C_Q)         0.141     1.048 r  design_1_i/axi_smc/inst/sc_ul/inst/gen_axi_full_nxm.sasd_inst/gen_write.wdata_mux/dout_i1_reg[14]/Q
                         net (fo=1, routed)           0.113     1.161    design_1_i/axi_smc/inst/sc_ul/inst/gen_axi_full_nxm.sasd_inst/s_wdata[14]
    SLICE_X8Y44          FDRE                                         r  design_1_i/axi_smc/inst/sc_ul/inst/gen_axi_full_nxm.sasd_inst/gen_write.m_wdata_reg[14]/D
  -------------------------------------------------------------------    -------------------

                         (clock clk_fpga_0 rise edge)
                                                      0.000     0.000 r  <hidden>
    PS7_X0Y0             PS7                          0.000     0.000 r  design_1_i/processing_system7_0/inst/PS7_i/FCLKCLK[0]
                         net (fo=1, routed)           0.341     0.341    design_1_i/processing_system7_0/inst/FCLK_CLK_unbuffered[0]
    BUFGCTRL_X0Y0        BUFG (Prop_bufg_I_O)         0.029     0.370 r  design_1_i/processing_system7_0/inst/buffer_fclk_clk_0.FCLK_CLK_0_BUFG/O
                         net (fo=761, routed)         0.834     1.204    design_1_i/axi_smc/inst/sc_ul/inst/gen_axi_full_nxm.sasd_inst/aclk
    SLICE_X8Y44          FDRE                                         r  design_1_i/axi_smc/inst/sc_ul/inst/gen_axi_full_nxm.sasd_inst/gen_write.m_wdata_reg[14]/C
                         clock pessimism             -0.262     0.942    <hidden>
    SLICE_X8Y44          FDRE (Hold_fdre_C_D)         0.059     1.001    design_1_i/axi_smc/inst/sc_ul/inst/gen_axi_full_nxm.sasd_inst/gen_write.m_wdata_reg[14]
  -------------------------------------------------------------------
                         required time                         -1.000    <hidden>
                         arrival time                           1.161    <hidden>
  -------------------------------------------------------------------
                         slack                                  0.160    <hidden>





Pulse Width Checks
--------------------------------------------------------------------------------------
Clock Name:         clk_fpga_0
Waveform(ns):       { 0.000 10.000 }
Period(ns):         20.000
Sources:            { design_1_i/processing_system7_0/inst/PS7_i/FCLKCLK[0] }

Check Type        Corner  Lib Pin     Reference Pin  Required(ns)  Actual(ns)  Slack(ns)  Location       Pin
Min Period        n/a     BUFG/I      n/a            2.155         20.000      17.845     BUFGCTRL_X0Y0  design_1_i/processing_system7_0/inst/buffer_fclk_clk_0.FCLK_CLK_0_BUFG/I
Min Period        n/a     FDRE/C      n/a            1.000         20.000      19.000     SLICE_X7Y49    design_1_i/axi_smc/inst/sc_ul/inst/cdc_aresetn/syncstages_ff_reg[0]/C
Min Period        n/a     FDRE/C      n/a            1.000         20.000      19.000     SLICE_X7Y49    design_1_i/axi_smc/inst/sc_ul/inst/cdc_aresetn/syncstages_ff_reg[1]/C
Min Period        n/a     FDRE/C      n/a            1.000         20.000      19.000     SLICE_X3Y38    design_1_i/axi_smc/inst/sc_ul/inst/gen_axi_full_nxm.sasd_inst/FSM_sequential_gen_read.r_state_reg[0]/C
Min Period        n/a     FDRE/C      n/a            1.000         20.000      19.000     SLICE_X3Y38    design_1_i/axi_smc/inst/sc_ul/inst/gen_axi_full_nxm.sasd_inst/FSM_sequential_gen_read.r_state_reg[1]/C
Min Period        n/a     FDRE/C      n/a            1.000         20.000      19.000     SLICE_X3Y38    design_1_i/axi_smc/inst/sc_ul/inst/gen_axi_full_nxm.sasd_inst/FSM_sequential_gen_read.r_state_reg[2]/C
Min Period        n/a     FDRE/C      n/a            1.000         20.000      19.000     SLICE_X4Y49    design_1_i/axi_smc/inst/sc_ul/inst/gen_axi_full_nxm.sasd_inst/FSM_sequential_gen_write.w_state_reg[0]/C
Min Period        n/a     FDRE/C      n/a            1.000         20.000      19.000     SLICE_X4Y49    design_1_i/axi_smc/inst/sc_ul/inst/gen_axi_full_nxm.sasd_inst/FSM_sequential_gen_write.w_state_reg[1]/C
Min Period        n/a     FDRE/C      n/a            1.000         20.000      19.000     SLICE_X4Y49    design_1_i/axi_smc/inst/sc_ul/inst/gen_axi_full_nxm.sasd_inst/FSM_sequential_gen_write.w_state_reg[2]/C
Min Period        n/a     FDRE/C      n/a            1.000         20.000      19.000     SLICE_X4Y39    design_1_i/axi_smc/inst/sc_ul/inst/gen_axi_full_nxm.sasd_inst/gen_read.ar_addr_d_reg[0]/C
Low Pulse Width   Slow    SRL16E/CLK  n/a            0.980         10.000      9.020      SLICE_X12Y50   design_1_i/rst_ps7_0_50M/U0/EXT_LPF/POR_SRL_I/CLK
Low Pulse Width   Fast    SRL16E/CLK  n/a            0.980         10.000      9.020      SLICE_X12Y50   design_1_i/rst_ps7_0_50M/U0/EXT_LPF/POR_SRL_I/CLK
Low Pulse Width   Slow    FDRE/C      n/a            0.500         10.000      9.500      SLICE_X7Y49    design_1_i/axi_smc/inst/sc_ul/inst/cdc_aresetn/syncstages_ff_reg[0]/C
Low Pulse Width   Fast    FDRE/C      n/a            0.500         10.000      9.500      SLICE_X7Y49    design_1_i/axi_smc/inst/sc_ul/inst/cdc_aresetn/syncstages_ff_reg[0]/C
Low Pulse Width   Slow    FDRE/C      n/a            0.500         10.000      9.500      SLICE_X7Y49    design_1_i/axi_smc/inst/sc_ul/inst/cdc_aresetn/syncstages_ff_reg[1]/C
Low Pulse Width   Fast    FDRE/C      n/a            0.500         10.000      9.500      SLICE_X7Y49    design_1_i/axi_smc/inst/sc_ul/inst/cdc_aresetn/syncstages_ff_reg[1]/C
Low Pulse Width   Slow    FDRE/C      n/a            0.500         10.000      9.500      SLICE_X3Y38    design_1_i/axi_smc/inst/sc_ul/inst/gen_axi_full_nxm.sasd_inst/FSM_sequential_gen_read.r_state_reg[0]/C
Low Pulse Width   Fast    FDRE/C      n/a            0.500         10.000      9.500      SLICE_X3Y38    design_1_i/axi_smc/inst/sc_ul/inst/gen_axi_full_nxm.sasd_inst/FSM_sequential_gen_read.r_state_reg[0]/C
Low Pulse Width   Slow    FDRE/C      n/a            0.500         10.000      9.500      SLICE_X3Y38    design_1_i/axi_smc/inst/sc_ul/inst/gen_axi_full_nxm.sasd_inst/FSM_sequential_gen_read.r_state_reg[1]/C
Low Pulse Width   Fast    FDRE/C      n/a            0.500         10.000      9.500      SLICE_X3Y38    design_1_i/axi_smc/inst/sc_ul/inst/gen_axi_full_nxm.sasd_inst/FSM_sequential_gen_read.r_state_reg[1]/C
High Pulse Width  Slow    SRL16E/CLK  n/a            0.980         10.000      9.020      SLICE_X12Y50   design_1_i/rst_ps7_0_50M/U0/EXT_LPF/POR_SRL_I/CLK
High Pulse Width  Fast    SRL16E/CLK  n/a            0.980         10.000      9.020      SLICE_X12Y50   design_1_i/rst_ps7_0_50M/U0/EXT_LPF/POR_SRL_I/CLK
High Pulse Width  Slow    FDRE/C      n/a            0.500         10.000      9.500      SLICE_X7Y49    design_1_i/axi_smc/inst/sc_ul/inst/cdc_aresetn/syncstages_ff_reg[0]/C
High Pulse Width  Fast    FDRE/C      n/a            0.500         10.000      9.500      SLICE_X7Y49    design_1_i/axi_smc/inst/sc_ul/inst/cdc_aresetn/syncstages_ff_reg[0]/C
High Pulse Width  Slow    FDRE/C      n/a            0.500         10.000      9.500      SLICE_X7Y49    design_1_i/axi_smc/inst/sc_ul/inst/cdc_aresetn/syncstages_ff_reg[1]/C
High Pulse Width  Fast    FDRE/C      n/a            0.500         10.000      9.500      SLICE_X7Y49    design_1_i/axi_smc/inst/sc_ul/inst/cdc_aresetn/syncstages_ff_reg[1]/C
High Pulse Width  Slow    FDRE/C      n/a            0.500         10.000      9.500      SLICE_X3Y38    design_1_i/axi_smc/inst/sc_ul/inst/gen_axi_full_nxm.sasd_inst/FSM_sequential_gen_read.r_state_reg[0]/C
High Pulse Width  Fast    FDRE/C      n/a            0.500         10.000      9.500      SLICE_X3Y38    design_1_i/axi_smc/inst/sc_ul/inst/gen_axi_full_nxm.sasd_inst/FSM_sequential_gen_read.r_state_reg[0]/C
High Pulse Width  Slow    FDRE/C      n/a            0.500         10.000      9.500      SLICE_X3Y38    design_1_i/axi_smc/inst/sc_ul/inst/gen_axi_full_nxm.sasd_inst/FSM_sequential_gen_read.r_state_reg[1]/C
High Pulse Width  Fast    FDRE/C      n/a            0.500         10.000      9.500      SLICE_X3Y38    design_1_i/axi_smc/inst/sc_ul/inst/gen_axi_full_nxm.sasd_inst/FSM_sequential_gen_read.r_state_reg[1]/C



---------------------------------------------------------------------------------------------------
From Clock:  sys_clock
  To Clock:  sys_clock

Setup :           NA  Failing Endpoints,  Worst Slack           NA  ,  Total Violation           NA
Hold  :           NA  Failing Endpoints,  Worst Slack           NA  ,  Total Violation           NA
PW    :            0  Failing Endpoints,  Worst Slack        2.000ns,  Total Violation        0.000ns
---------------------------------------------------------------------------------------------------


Pulse Width Checks
--------------------------------------------------------------------------------------
Clock Name:         sys_clock
Waveform(ns):       { 0.000 4.000 }
Period(ns):         8.000
Sources:            { sys_clock }

Check Type        Corner  Lib Pin            Reference Pin  Required(ns)  Actual(ns)  Slack(ns)  Location         Pin
Min Period        n/a     MMCME2_ADV/CLKIN1  n/a            1.249         8.000       6.751      MMCME2_ADV_X0Y1  design_1_i/clk_wiz_0/inst/mmcm_adv_inst/CLKIN1
Max Period        n/a     MMCME2_ADV/CLKIN1  n/a            100.000       8.000       92.000     MMCME2_ADV_X0Y1  design_1_i/clk_wiz_0/inst/mmcm_adv_inst/CLKIN1
Low Pulse Width   Slow    MMCME2_ADV/CLKIN1  n/a            2.000         4.000       2.000      MMCME2_ADV_X0Y1  design_1_i/clk_wiz_0/inst/mmcm_adv_inst/CLKIN1
Low Pulse Width   Fast    MMCME2_ADV/CLKIN1  n/a            2.000         4.000       2.000      MMCME2_ADV_X0Y1  design_1_i/clk_wiz_0/inst/mmcm_adv_inst/CLKIN1
High Pulse Width  Slow    MMCME2_ADV/CLKIN1  n/a            2.000         4.000       2.000      MMCME2_ADV_X0Y1  design_1_i/clk_wiz_0/inst/mmcm_adv_inst/CLKIN1
High Pulse Width  Fast    MMCME2_ADV/CLKIN1  n/a            2.000         4.000       2.000      MMCME2_ADV_X0Y1  design_1_i/clk_wiz_0/inst/mmcm_adv_inst/CLKIN1



---------------------------------------------------------------------------------------------------
From Clock:  clk_out1_design_1_clk_wiz_0_0
  To Clock:  clk_out1_design_1_clk_wiz_0_0

Setup :            0  Failing Endpoints,  Worst Slack       63.066ns,  Total Violation        0.000ns
Hold  :            0  Failing Endpoints,  Worst Slack        0.056ns,  Total Violation        0.000ns
PW    :            0  Failing Endpoints,  Worst Slack       40.190ns,  Total Violation        0.000ns
---------------------------------------------------------------------------------------------------


Max Delay Paths
--------------------------------------------------------------------------------------
Slack (MET) :             63.066ns  (required time - arrival time)
  Source:                 design_1_i/chorus_axi_wrapper_0/inst/chorus_internals/depth_term__0/CLK
                            (rising edge-triggered cell DSP48E1 clocked by clk_out1_design_1_clk_wiz_0_0  {rise@0.000ns fall@40.690ns period=81.380ns})
  Destination:            design_1_i/chorus_axi_wrapper_0/inst/chorus_internals/interp/B[8]
                            (rising edge-triggered cell DSP48E1 clocked by clk_out1_design_1_clk_wiz_0_0  {rise@0.000ns fall@40.690ns period=81.380ns})
  Path Group:             clk_out1_design_1_clk_wiz_0_0
  Path Type:              Setup (Max at Slow Process Corner)
  Requirement:            81.380ns  (clk_out1_design_1_clk_wiz_0_0 rise@81.380ns - clk_out1_design_1_clk_wiz_0_0 rise@0.000ns)
  Data Path Delay:        17.261ns  (logic 10.258ns (59.430%)  route 7.003ns (40.570%))
  Logic Levels:           17  (CARRY4=12 DSP48E1=2 LUT2=2 LUT3=1)
  Clock Path Skew:        -0.161ns (DCD - SCD + CPR)
    Destination Clock Delay (DCD):    -1.244ns = ( 80.136 - 81.380 ) 
    Source Clock Delay      (SCD):    -0.596ns
    Clock Pessimism Removal (CPR):    0.487ns
  Clock Uncertainty:      0.240ns  ((TSJ^2 + DJ^2)^1/2) / 2 + PE
    Total System Jitter     (TSJ):    0.071ns
    Discrete Jitter          (DJ):    0.474ns
    Phase Error              (PE):    0.000ns

    Location             Delay type                Incr(ns)  Path(ns)    Netlist Resource(s)
  -------------------------------------------------------------------    -------------------
                         (clock clk_out1_design_1_clk_wiz_0_0 rise edge)
                                                      0.000     0.000 r  <hidden>
    K17                                               0.000     0.000 r  sys_clock
                         net (fo=0)                   0.000     0.000    design_1_i/clk_wiz_0/inst/clk_in1
    K17                  IBUF (Prop_ibuf_I_O)         1.492     1.492 r  design_1_i/clk_wiz_0/inst/clkin1_ibufg/O
                         net (fo=1, routed)           1.285     2.777    design_1_i/clk_wiz_0/inst/clk_in1_design_1_clk_wiz_0_0
    MMCME2_ADV_X0Y1      MMCME2_ADV (Prop_mmcme2_adv_CLKIN1_CLKOUT0)
                                                     -6.996    -4.219 r  design_1_i/clk_wiz_0/inst/mmcm_adv_inst/CLKOUT0
                         net (fo=1, routed)           1.760    -2.459    design_1_i/clk_wiz_0/inst/clk_out1_design_1_clk_wiz_0_0
    BUFGCTRL_X0Y16       BUFG (Prop_bufg_I_O)         0.101    -2.358 r  design_1_i/clk_wiz_0/inst/clkout1_buf/O
                         net (fo=300, routed)         1.763    -0.596    design_1_i/chorus_axi_wrapper_0/inst/chorus_internals/audio_clk
    DSP48_X0Y12          DSP48E1                                      r  design_1_i/chorus_axi_wrapper_0/inst/chorus_internals/depth_term__0/CLK
  -------------------------------------------------------------------    -------------------
    DSP48_X0Y12          DSP48E1 (Prop_dsp48e1_CLK_PCOUT[47])
                                                      3.879     3.283 r  design_1_i/chorus_axi_wrapper_0/inst/chorus_internals/depth_term__0/PCOUT[47]
                         net (fo=1, routed)           0.002     3.285    design_1_i/chorus_axi_wrapper_0/inst/chorus_internals/depth_term__0_n_106
    DSP48_X0Y13          DSP48E1 (Prop_dsp48e1_PCIN[47]_P[17])
                                                      1.518     4.803 r  design_1_i/chorus_axi_wrapper_0/inst/chorus_internals/depth_term__1/P[17]
                         net (fo=2, routed)           1.214     6.017    design_1_i/chorus_axi_wrapper_0/inst/chorus_internals/depth_term__1_n_88
    SLICE_X9Y29          LUT2 (Prop_lut2_I0_O)        0.124     6.141 r  design_1_i/chorus_axi_wrapper_0/inst/chorus_internals/delay_unclamped_i_37/O
                         net (fo=1, routed)           0.000     6.141    design_1_i/chorus_axi_wrapper_0/inst/chorus_internals/delay_unclamped_i_37_n_0
    SLICE_X9Y29          CARRY4 (Prop_carry4_S[1]_CO[3])
                                                      0.550     6.691 r  design_1_i/chorus_axi_wrapper_0/inst/chorus_internals/delay_unclamped_i_8/CO[3]
                         net (fo=1, routed)           0.000     6.691    design_1_i/chorus_axi_wrapper_0/inst/chorus_internals/delay_unclamped_i_8_n_0
    SLICE_X9Y30          CARRY4 (Prop_carry4_CI_CO[3])
                                                      0.114     6.805 r  design_1_i/chorus_axi_wrapper_0/inst/chorus_internals/delay_unclamped_i_7/CO[3]
                         net (fo=1, routed)           0.000     6.805    design_1_i/chorus_axi_wrapper_0/inst/chorus_internals/delay_unclamped_i_7_n_0
    SLICE_X9Y31          CARRY4 (Prop_carry4_CI_CO[3])
                                                      0.114     6.919 r  design_1_i/chorus_axi_wrapper_0/inst/chorus_internals/delay_unclamped_i_6/CO[3]
                         net (fo=1, routed)           0.000     6.919    design_1_i/chorus_axi_wrapper_0/inst/chorus_internals/delay_unclamped_i_6_n_0
    SLICE_X9Y32          CARRY4 (Prop_carry4_CI_CO[3])
                                                      0.114     7.033 r  design_1_i/chorus_axi_wrapper_0/inst/chorus_internals/delay_unclamped_i_5/CO[3]
                         net (fo=1, routed)           0.000     7.033    design_1_i/chorus_axi_wrapper_0/inst/chorus_internals/delay_unclamped_i_5_n_0
    SLICE_X9Y33          CARRY4 (Prop_carry4_CI_CO[3])
                                                      0.114     7.147 r  design_1_i/chorus_axi_wrapper_0/inst/chorus_internals/delay_unclamped_i_4/CO[3]
                         net (fo=1, routed)           0.000     7.147    design_1_i/chorus_axi_wrapper_0/inst/chorus_internals/delay_unclamped_i_4_n_0
    SLICE_X9Y34          CARRY4 (Prop_carry4_CI_CO[3])
                                                      0.114     7.261 r  design_1_i/chorus_axi_wrapper_0/inst/chorus_internals/delay_unclamped_i_3/CO[3]
                         net (fo=1, routed)           0.000     7.261    design_1_i/chorus_axi_wrapper_0/inst/chorus_internals/delay_unclamped_i_3_n_0
    SLICE_X9Y35          CARRY4 (Prop_carry4_CI_CO[3])
                                                      0.114     7.375 r  design_1_i/chorus_axi_wrapper_0/inst/chorus_internals/delay_unclamped_i_2/CO[3]
                         net (fo=1, routed)           0.000     7.375    design_1_i/chorus_axi_wrapper_0/inst/chorus_internals/delay_unclamped_i_2_n_0
    SLICE_X9Y36          CARRY4 (Prop_carry4_CI_O[1])
                                                      0.334     7.709 r  design_1_i/chorus_axi_wrapper_0/inst/chorus_internals/delay_unclamped_i_1/O[1]
                         net (fo=9, routed)           1.242     8.951    design_1_i/chorus_axi_wrapper_0/inst/chorus_internals/C[39]
    DSP48_X0Y14          DSP48E1 (Prop_dsp48e1_C[46]_P[10])
                                                      1.999    10.950 f  design_1_i/chorus_axi_wrapper_0/inst/chorus_internals/delay_unclamped/P[10]
                         net (fo=4, routed)           1.295    12.245    design_1_i/chorus_axi_wrapper_0/inst/chorus_internals/delay_unclamped__0[10]
    SLICE_X11Y35         LUT2 (Prop_lut2_I0_O)        0.124    12.369 r  design_1_i/chorus_axi_wrapper_0/inst/chorus_internals/delay_q1_carry__0_i_7/O
                         net (fo=1, routed)           0.000    12.369    design_1_i/chorus_axi_wrapper_0/inst/chorus_internals/delay_q1_carry__0_i_7_n_0
    SLICE_X11Y35         CARRY4 (Prop_carry4_S[1]_CO[3])
                                                      0.550    12.919 r  design_1_i/chorus_axi_wrapper_0/inst/chorus_internals/delay_q1_carry__0/CO[3]
                         net (fo=1, routed)           0.000    12.919    design_1_i/chorus_axi_wrapper_0/inst/chorus_internals/delay_q1_carry__0_n_0
    SLICE_X11Y36         CARRY4 (Prop_carry4_CI_CO[3])
                                                      0.114    13.033 r  design_1_i/chorus_axi_wrapper_0/inst/chorus_internals/delay_q1_carry__1/CO[3]
                         net (fo=1, routed)           0.000    13.033    design_1_i/chorus_axi_wrapper_0/inst/chorus_internals/delay_q1_carry__1_n_0
    SLICE_X11Y37         CARRY4 (Prop_carry4_CI_CO[3])
                                                      0.114    13.147 r  design_1_i/chorus_axi_wrapper_0/inst/chorus_internals/delay_q1_carry__2/CO[3]
                         net (fo=1, routed)           0.000    13.147    design_1_i/chorus_axi_wrapper_0/inst/chorus_internals/delay_q1_carry__2_n_0
    SLICE_X11Y38         CARRY4 (Prop_carry4_CI_CO[3])
                                                      0.114    13.261 f  design_1_i/chorus_axi_wrapper_0/inst/chorus_internals/delay_q1_carry__3/CO[3]
                         net (fo=35, routed)          2.557    15.818    design_1_i/chorus_axi_wrapper_0/inst/chorus_internals/delay_q1
    SLICE_X26Y37         LUT3 (Prop_lut3_I0_O)        0.154    15.972 r  design_1_i/chorus_axi_wrapper_0/inst/chorus_internals/interp_i_5/O
                         net (fo=1, routed)           0.693    16.665    design_1_i/chorus_axi_wrapper_0/inst/chorus_internals/interp_i_5_n_0
    DSP48_X1Y14          DSP48E1                                      r  design_1_i/chorus_axi_wrapper_0/inst/chorus_internals/interp/B[8]
  -------------------------------------------------------------------    -------------------

                         (clock clk_out1_design_1_clk_wiz_0_0 rise edge)
                                                     81.380    81.380 r  <hidden>
    K17                                               0.000    81.380 r  sys_clock
                         net (fo=0)                   0.000    81.380    design_1_i/clk_wiz_0/inst/clk_in1
    K17                  IBUF (Prop_ibuf_I_O)         1.421    82.801 r  design_1_i/clk_wiz_0/inst/clkin1_ibufg/O
                         net (fo=1, routed)           1.162    83.963    design_1_i/clk_wiz_0/inst/clk_in1_design_1_clk_wiz_0_0
    MMCME2_ADV_X0Y1      MMCME2_ADV (Prop_mmcme2_adv_CLKIN1_CLKOUT0)
                                                     -7.105    76.858 r  design_1_i/clk_wiz_0/inst/mmcm_adv_inst/CLKOUT0
                         net (fo=1, routed)           1.599    78.457    design_1_i/clk_wiz_0/inst/clk_out1_design_1_clk_wiz_0_0
    BUFGCTRL_X0Y16       BUFG (Prop_bufg_I_O)         0.091    78.548 r  design_1_i/clk_wiz_0/inst/clkout1_buf/O
                         net (fo=300, routed)         1.588    80.136    design_1_i/chorus_axi_wrapper_0/inst/chorus_internals/audio_clk
    DSP48_X1Y14          DSP48E1                                      r  design_1_i/chorus_axi_wrapper_0/inst/chorus_internals/interp/CLK
                         clock pessimism              0.487    80.624    <hidden>
                         clock uncertainty           -0.240    80.384    <hidden>
    DSP48_X1Y14          DSP48E1 (Setup_dsp48e1_CLK_B[8])
                                                     -0.653    79.731    design_1_i/chorus_axi_wrapper_0/inst/chorus_internals/interp
  -------------------------------------------------------------------
                         required time                         79.731    <hidden>
                         arrival time                         -16.665    <hidden>
  -------------------------------------------------------------------
                         slack                                 63.066    <hidden>

Slack (MET) :             63.295ns  (required time - arrival time)
  Source:                 design_1_i/chorus_axi_wrapper_0/inst/chorus_internals/depth_term__0/CLK
                            (rising edge-triggered cell DSP48E1 clocked by clk_out1_design_1_clk_wiz_0_0  {rise@0.000ns fall@40.690ns period=81.380ns})
  Destination:            design_1_i/chorus_axi_wrapper_0/inst/chorus_internals/interp/B[9]
                            (rising edge-triggered cell DSP48E1 clocked by clk_out1_design_1_clk_wiz_0_0  {rise@0.000ns fall@40.690ns period=81.380ns})
  Path Group:             clk_out1_design_1_clk_wiz_0_0
  Path Type:              Setup (Max at Slow Process Corner)
  Requirement:            81.380ns  (clk_out1_design_1_clk_wiz_0_0 rise@81.380ns - clk_out1_design_1_clk_wiz_0_0 rise@0.000ns)
  Data Path Delay:        17.235ns  (logic 10.228ns (59.344%)  route 7.007ns (40.656%))
  Logic Levels:           17  (CARRY4=12 DSP48E1=2 LUT2=2 LUT3=1)
  Clock Path Skew:        -0.161ns (DCD - SCD + CPR)
    Destination Clock Delay (DCD):    -1.244ns = ( 80.136 - 81.380 ) 
    Source Clock Delay      (SCD):    -0.596ns
    Clock Pessimism Removal (CPR):    0.487ns
  Clock Uncertainty:      0.240ns  ((TSJ^2 + DJ^2)^1/2) / 2 + PE
    Total System Jitter     (TSJ):    0.071ns
    Discrete Jitter          (DJ):    0.474ns
    Phase Error              (PE):    0.000ns

    Location             Delay type                Incr(ns)  Path(ns)    Netlist Resource(s)
  -------------------------------------------------------------------    -------------------
                         (clock clk_out1_design_1_clk_wiz_0_0 rise edge)
                                                      0.000     0.000 r  <hidden>
    K17                                               0.000     0.000 r  sys_clock
                         net (fo=0)                   0.000     0.000    design_1_i/clk_wiz_0/inst/clk_in1
    K17                  IBUF (Prop_ibuf_I_O)         1.492     1.492 r  design_1_i/clk_wiz_0/inst/clkin1_ibufg/O
                         net (fo=1, routed)           1.285     2.777    design_1_i/clk_wiz_0/inst/clk_in1_design_1_clk_wiz_0_0
    MMCME2_ADV_X0Y1      MMCME2_ADV (Prop_mmcme2_adv_CLKIN1_CLKOUT0)
                                                     -6.996    -4.219 r  design_1_i/clk_wiz_0/inst/mmcm_adv_inst/CLKOUT0
                         net (fo=1, routed)           1.760    -2.459    design_1_i/clk_wiz_0/inst/clk_out1_design_1_clk_wiz_0_0
    BUFGCTRL_X0Y16       BUFG (Prop_bufg_I_O)         0.101    -2.358 r  design_1_i/clk_wiz_0/inst/clkout1_buf/O
                         net (fo=300, routed)         1.763    -0.596    design_1_i/chorus_axi_wrapper_0/inst/chorus_internals/audio_clk
    DSP48_X0Y12          DSP48E1                                      r  design_1_i/chorus_axi_wrapper_0/inst/chorus_internals/depth_term__0/CLK
  -------------------------------------------------------------------    -------------------
    DSP48_X0Y12          DSP48E1 (Prop_dsp48e1_CLK_PCOUT[47])
                                                      3.879     3.283 r  design_1_i/chorus_axi_wrapper_0/inst/chorus_internals/depth_term__0/PCOUT[47]
                         net (fo=1, routed)           0.002     3.285    design_1_i/chorus_axi_wrapper_0/inst/chorus_internals/depth_term__0_n_106
    DSP48_X0Y13          DSP48E1 (Prop_dsp48e1_PCIN[47]_P[17])
                                                      1.518     4.803 r  design_1_i/chorus_axi_wrapper_0/inst/chorus_internals/depth_term__1/P[17]
                         net (fo=2, routed)           1.214     6.017    design_1_i/chorus_axi_wrapper_0/inst/chorus_internals/depth_term__1_n_88
    SLICE_X9Y29          LUT2 (Prop_lut2_I0_O)        0.124     6.141 r  design_1_i/chorus_axi_wrapper_0/inst/chorus_internals/delay_unclamped_i_37/O
                         net (fo=1, routed)           0.000     6.141    design_1_i/chorus_axi_wrapper_0/inst/chorus_internals/delay_unclamped_i_37_n_0
    SLICE_X9Y29          CARRY4 (Prop_carry4_S[1]_CO[3])
                                                      0.550     6.691 r  design_1_i/chorus_axi_wrapper_0/inst/chorus_internals/delay_unclamped_i_8/CO[3]
                         net (fo=1, routed)           0.000     6.691    design_1_i/chorus_axi_wrapper_0/inst/chorus_internals/delay_unclamped_i_8_n_0
    SLICE_X9Y30          CARRY4 (Prop_carry4_CI_CO[3])
                                                      0.114     6.805 r  design_1_i/chorus_axi_wrapper_0/inst/chorus_internals/delay_unclamped_i_7/CO[3]
                         net (fo=1, routed)           0.000     6.805    design_1_i/chorus_axi_wrapper_0/inst/chorus_internals/delay_unclamped_i_7_n_0
    SLICE_X9Y31          CARRY4 (Prop_carry4_CI_CO[3])
                                                      0.114     6.919 r  design_1_i/chorus_axi_wrapper_0/inst/chorus_internals/delay_unclamped_i_6/CO[3]
                         net (fo=1, routed)           0.000     6.919    design_1_i/chorus_axi_wrapper_0/inst/chorus_internals/delay_unclamped_i_6_n_0
    SLICE_X9Y32          CARRY4 (Prop_carry4_CI_CO[3])
                                                      0.114     7.033 r  design_1_i/chorus_axi_wrapper_0/inst/chorus_internals/delay_unclamped_i_5/CO[3]
                         net (fo=1, routed)           0.000     7.033    design_1_i/chorus_axi_wrapper_0/inst/chorus_internals/delay_unclamped_i_5_n_0
    SLICE_X9Y33          CARRY4 (Prop_carry4_CI_CO[3])
                                                      0.114     7.147 r  design_1_i/chorus_axi_wrapper_0/inst/chorus_internals/delay_unclamped_i_4/CO[3]
                         net (fo=1, routed)           0.000     7.147    design_1_i/chorus_axi_wrapper_0/inst/chorus_internals/delay_unclamped_i_4_n_0
    SLICE_X9Y34          CARRY4 (Prop_carry4_CI_CO[3])
                                                      0.114     7.261 r  design_1_i/chorus_axi_wrapper_0/inst/chorus_internals/delay_unclamped_i_3/CO[3]
                         net (fo=1, routed)           0.000     7.261    design_1_i/chorus_axi_wrapper_0/inst/chorus_internals/delay_unclamped_i_3_n_0
    SLICE_X9Y35          CARRY4 (Prop_carry4_CI_CO[3])
                                                      0.114     7.375 r  design_1_i/chorus_axi_wrapper_0/inst/chorus_internals/delay_unclamped_i_2/CO[3]
                         net (fo=1, routed)           0.000     7.375    design_1_i/chorus_axi_wrapper_0/inst/chorus_internals/delay_unclamped_i_2_n_0
    SLICE_X9Y36          CARRY4 (Prop_carry4_CI_O[1])
                                                      0.334     7.709 r  design_1_i/chorus_axi_wrapper_0/inst/chorus_internals/delay_unclamped_i_1/O[1]
                         net (fo=9, routed)           1.242     8.951    design_1_i/chorus_axi_wrapper_0/inst/chorus_internals/C[39]
    DSP48_X0Y14          DSP48E1 (Prop_dsp48e1_C[46]_P[10])
                                                      1.999    10.950 f  design_1_i/chorus_axi_wrapper_0/inst/chorus_internals/delay_unclamped/P[10]
                         net (fo=4, routed)           1.295    12.245    design_1_i/chorus_axi_wrapper_0/inst/chorus_internals/delay_unclamped__0[10]
    SLICE_X11Y35         LUT2 (Prop_lut2_I0_O)        0.124    12.369 r  design_1_i/chorus_axi_wrapper_0/inst/chorus_internals/delay_q1_carry__0_i_7/O
                         net (fo=1, routed)           0.000    12.369    design_1_i/chorus_axi_wrapper_0/inst/chorus_internals/delay_q1_carry__0_i_7_n_0
    SLICE_X11Y35         CARRY4 (Prop_carry4_S[1]_CO[3])
                                                      0.550    12.919 r  design_1_i/chorus_axi_wrapper_0/inst/chorus_internals/delay_q1_carry__0/CO[3]
                         net (fo=1, routed)           0.000    12.919    design_1_i/chorus_axi_wrapper_0/inst/chorus_internals/delay_q1_carry__0_n_0
    SLICE_X11Y36         CARRY4 (Prop_carry4_CI_CO[3])
                                                      0.114    13.033 r  design_1_i/chorus_axi_wrapper_0/inst/chorus_internals/delay_q1_carry__1/CO[3]
                         net (fo=1, routed)           0.000    13.033    design_1_i/chorus_axi_wrapper_0/inst/chorus_internals/delay_q1_carry__1_n_0
    SLICE_X11Y37         CARRY4 (Prop_carry4_CI_CO[3])
                                                      0.114    13.147 r  design_1_i/chorus_axi_wrapper_0/inst/chorus_internals/delay_q1_carry__2/CO[3]
                         net (fo=1, routed)           0.000    13.147    design_1_i/chorus_axi_wrapper_0/inst/chorus_internals/delay_q1_carry__2_n_0
    SLICE_X11Y38         CARRY4 (Prop_carry4_CI_CO[3])
                                                      0.114    13.261 f  design_1_i/chorus_axi_wrapper_0/inst/chorus_internals/delay_q1_carry__3/CO[3]
                         net (fo=35, routed)          2.557    15.818    design_1_i/chorus_axi_wrapper_0/inst/chorus_internals/delay_q1
    SLICE_X26Y37         LUT3 (Prop_lut3_I0_O)        0.124    15.942 r  design_1_i/chorus_axi_wrapper_0/inst/chorus_internals/interp_i_4/O
                         net (fo=1, routed)           0.697    16.639    design_1_i/chorus_axi_wrapper_0/inst/chorus_internals/interp_i_4_n_0
    DSP48_X1Y14          DSP48E1                                      r  design_1_i/chorus_axi_wrapper_0/inst/chorus_internals/interp/B[9]
  -------------------------------------------------------------------    -------------------

                         (clock clk_out1_design_1_clk_wiz_0_0 rise edge)
                                                     81.380    81.380 r  <hidden>
    K17                                               0.000    81.380 r  sys_clock
                         net (fo=0)                   0.000    81.380    design_1_i/clk_wiz_0/inst/clk_in1
    K17                  IBUF (Prop_ibuf_I_O)         1.421    82.801 r  design_1_i/clk_wiz_0/inst/clkin1_ibufg/O
                         net (fo=1, routed)           1.162    83.963    design_1_i/clk_wiz_0/inst/clk_in1_design_1_clk_wiz_0_0
    MMCME2_ADV_X0Y1      MMCME2_ADV (Prop_mmcme2_adv_CLKIN1_CLKOUT0)
                                                     -7.105    76.858 r  design_1_i/clk_wiz_0/inst/mmcm_adv_inst/CLKOUT0
                         net (fo=1, routed)           1.599    78.457    design_1_i/clk_wiz_0/inst/clk_out1_design_1_clk_wiz_0_0
    BUFGCTRL_X0Y16       BUFG (Prop_bufg_I_O)         0.091    78.548 r  design_1_i/clk_wiz_0/inst/clkout1_buf/O
                         net (fo=300, routed)         1.588    80.136    design_1_i/chorus_axi_wrapper_0/inst/chorus_internals/audio_clk
    DSP48_X1Y14          DSP48E1                                      r  design_1_i/chorus_axi_wrapper_0/inst/chorus_internals/interp/CLK
                         clock pessimism              0.487    80.624    <hidden>
                         clock uncertainty           -0.240    80.384    <hidden>
    DSP48_X1Y14          DSP48E1 (Setup_dsp48e1_CLK_B[9])
                                                     -0.450    79.934    design_1_i/chorus_axi_wrapper_0/inst/chorus_internals/interp
  -------------------------------------------------------------------
                         required time                         79.934    <hidden>
                         arrival time                         -16.639    <hidden>
  -------------------------------------------------------------------
                         slack                                 63.295    <hidden>

Slack (MET) :             63.402ns  (required time - arrival time)
  Source:                 design_1_i/chorus_axi_wrapper_0/inst/chorus_internals/depth_term__0/CLK
                            (rising edge-triggered cell DSP48E1 clocked by clk_out1_design_1_clk_wiz_0_0  {rise@0.000ns fall@40.690ns period=81.380ns})
  Destination:            design_1_i/chorus_axi_wrapper_0/inst/chorus_internals/interp/B[1]
                            (rising edge-triggered cell DSP48E1 clocked by clk_out1_design_1_clk_wiz_0_0  {rise@0.000ns fall@40.690ns period=81.380ns})
  Path Group:             clk_out1_design_1_clk_wiz_0_0
  Path Type:              Setup (Max at Slow Process Corner)
  Requirement:            81.380ns  (clk_out1_design_1_clk_wiz_0_0 rise@81.380ns - clk_out1_design_1_clk_wiz_0_0 rise@0.000ns)
  Data Path Delay:        16.904ns  (logic 10.254ns (60.660%)  route 6.650ns (39.340%))
  Logic Levels:           17  (CARRY4=12 DSP48E1=2 LUT2=2 LUT3=1)
  Clock Path Skew:        -0.161ns (DCD - SCD + CPR)
    Destination Clock Delay (DCD):    -1.244ns = ( 80.136 - 81.380 ) 
    Source Clock Delay      (SCD):    -0.596ns
    Clock Pessimism Removal (CPR):    0.487ns
  Clock Uncertainty:      0.240ns  ((TSJ^2 + DJ^2)^1/2) / 2 + PE
    Total System Jitter     (TSJ):    0.071ns
    Discrete Jitter          (DJ):    0.474ns
    Phase Error              (PE):    0.000ns

    Location             Delay type                Incr(ns)  Path(ns)    Netlist Resource(s)
  -------------------------------------------------------------------    -------------------
                         (clock clk_out1_design_1_clk_wiz_0_0 rise edge)
                                                      0.000     0.000 r  <hidden>
    K17                                               0.000     0.000 r  sys_clock
                         net (fo=0)                   0.000     0.000    design_1_i/clk_wiz_0/inst/clk_in1
    K17                  IBUF (Prop_ibuf_I_O)         1.492     1.492 r  design_1_i/clk_wiz_0/inst/clkin1_ibufg/O
                         net (fo=1, routed)           1.285     2.777    design_1_i/clk_wiz_0/inst/clk_in1_design_1_clk_wiz_0_0
    MMCME2_ADV_X0Y1      MMCME2_ADV (Prop_mmcme2_adv_CLKIN1_CLKOUT0)
                                                     -6.996    -4.219 r  design_1_i/clk_wiz_0/inst/mmcm_adv_inst/CLKOUT0
                         net (fo=1, routed)           1.760    -2.459    design_1_i/clk_wiz_0/inst/clk_out1_design_1_clk_wiz_0_0
    BUFGCTRL_X0Y16       BUFG (Prop_bufg_I_O)         0.101    -2.358 r  design_1_i/clk_wiz_0/inst/clkout1_buf/O
                         net (fo=300, routed)         1.763    -0.596    design_1_i/chorus_axi_wrapper_0/inst/chorus_internals/audio_clk
    DSP48_X0Y12          DSP48E1                                      r  design_1_i/chorus_axi_wrapper_0/inst/chorus_internals/depth_term__0/CLK
  -------------------------------------------------------------------    -------------------
    DSP48_X0Y12          DSP48E1 (Prop_dsp48e1_CLK_PCOUT[47])
                                                      3.879     3.283 r  design_1_i/chorus_axi_wrapper_0/inst/chorus_internals/depth_term__0/PCOUT[47]
                         net (fo=1, routed)           0.002     3.285    design_1_i/chorus_axi_wrapper_0/inst/chorus_internals/depth_term__0_n_106
    DSP48_X0Y13          DSP48E1 (Prop_dsp48e1_PCIN[47]_P[17])
                                                      1.518     4.803 r  design_1_i/chorus_axi_wrapper_0/inst/chorus_internals/depth_term__1/P[17]
                         net (fo=2, routed)           1.214     6.017    design_1_i/chorus_axi_wrapper_0/inst/chorus_internals/depth_term__1_n_88
    SLICE_X9Y29          LUT2 (Prop_lut2_I0_O)        0.124     6.141 r  design_1_i/chorus_axi_wrapper_0/inst/chorus_internals/delay_unclamped_i_37/O
                         net (fo=1, routed)           0.000     6.141    design_1_i/chorus_axi_wrapper_0/inst/chorus_internals/delay_unclamped_i_37_n_0
    SLICE_X9Y29          CARRY4 (Prop_carry4_S[1]_CO[3])
                                                      0.550     6.691 r  design_1_i/chorus_axi_wrapper_0/inst/chorus_internals/delay_unclamped_i_8/CO[3]
                         net (fo=1, routed)           0.000     6.691    design_1_i/chorus_axi_wrapper_0/inst/chorus_internals/delay_unclamped_i_8_n_0
    SLICE_X9Y30          CARRY4 (Prop_carry4_CI_CO[3])
                                                      0.114     6.805 r  design_1_i/chorus_axi_wrapper_0/inst/chorus_internals/delay_unclamped_i_7/CO[3]
                         net (fo=1, routed)           0.000     6.805    design_1_i/chorus_axi_wrapper_0/inst/chorus_internals/delay_unclamped_i_7_n_0
    SLICE_X9Y31          CARRY4 (Prop_carry4_CI_CO[3])
                                                      0.114     6.919 r  design_1_i/chorus_axi_wrapper_0/inst/chorus_internals/delay_unclamped_i_6/CO[3]
                         net (fo=1, routed)           0.000     6.919    design_1_i/chorus_axi_wrapper_0/inst/chorus_internals/delay_unclamped_i_6_n_0
    SLICE_X9Y32          CARRY4 (Prop_carry4_CI_CO[3])
                                                      0.114     7.033 r  design_1_i/chorus_axi_wrapper_0/inst/chorus_internals/delay_unclamped_i_5/CO[3]
                         net (fo=1, routed)           0.000     7.033    design_1_i/chorus_axi_wrapper_0/inst/chorus_internals/delay_unclamped_i_5_n_0
    SLICE_X9Y33          CARRY4 (Prop_carry4_CI_CO[3])
                                                      0.114     7.147 r  design_1_i/chorus_axi_wrapper_0/inst/chorus_internals/delay_unclamped_i_4/CO[3]
                         net (fo=1, routed)           0.000     7.147    design_1_i/chorus_axi_wrapper_0/inst/chorus_internals/delay_unclamped_i_4_n_0
    SLICE_X9Y34          CARRY4 (Prop_carry4_CI_CO[3])
                                                      0.114     7.261 r  design_1_i/chorus_axi_wrapper_0/inst/chorus_internals/delay_unclamped_i_3/CO[3]
                         net (fo=1, routed)           0.000     7.261    design_1_i/chorus_axi_wrapper_0/inst/chorus_internals/delay_unclamped_i_3_n_0
    SLICE_X9Y35          CARRY4 (Prop_carry4_CI_CO[3])
                                                      0.114     7.375 r  design_1_i/chorus_axi_wrapper_0/inst/chorus_internals/delay_unclamped_i_2/CO[3]
                         net (fo=1, routed)           0.000     7.375    design_1_i/chorus_axi_wrapper_0/inst/chorus_internals/delay_unclamped_i_2_n_0
    SLICE_X9Y36          CARRY4 (Prop_carry4_CI_O[1])
                                                      0.334     7.709 r  design_1_i/chorus_axi_wrapper_0/inst/chorus_internals/delay_unclamped_i_1/O[1]
                         net (fo=9, routed)           1.242     8.951    design_1_i/chorus_axi_wrapper_0/inst/chorus_internals/C[39]
    DSP48_X0Y14          DSP48E1 (Prop_dsp48e1_C[46]_P[10])
                                                      1.999    10.950 f  design_1_i/chorus_axi_wrapper_0/inst/chorus_internals/delay_unclamped/P[10]
                         net (fo=4, routed)           1.295    12.245    design_1_i/chorus_axi_wrapper_0/inst/chorus_internals/delay_unclamped__0[10]
    SLICE_X11Y35         LUT2 (Prop_lut2_I0_O)        0.124    12.369 r  design_1_i/chorus_axi_wrapper_0/inst/chorus_internals/delay_q1_carry__0_i_7/O
                         net (fo=1, routed)           0.000    12.369    design_1_i/chorus_axi_wrapper_0/inst/chorus_internals/delay_q1_carry__0_i_7_n_0
    SLICE_X11Y35         CARRY4 (Prop_carry4_S[1]_CO[3])
                                                      0.550    12.919 r  design_1_i/chorus_axi_wrapper_0/inst/chorus_internals/delay_q1_carry__0/CO[3]
                         net (fo=1, routed)           0.000    12.919    design_1_i/chorus_axi_wrapper_0/inst/chorus_internals/delay_q1_carry__0_n_0
    SLICE_X11Y36         CARRY4 (Prop_carry4_CI_CO[3])
                                                      0.114    13.033 r  design_1_i/chorus_axi_wrapper_0/inst/chorus_internals/delay_q1_carry__1/CO[3]
                         net (fo=1, routed)           0.000    13.033    design_1_i/chorus_axi_wrapper_0/inst/chorus_internals/delay_q1_carry__1_n_0
    SLICE_X11Y37         CARRY4 (Prop_carry4_CI_CO[3])
                                                      0.114    13.147 r  design_1_i/chorus_axi_wrapper_0/inst/chorus_internals/delay_q1_carry__2/CO[3]
                         net (fo=1, routed)           0.000    13.147    design_1_i/chorus_axi_wrapper_0/inst/chorus_internals/delay_q1_carry__2_n_0
    SLICE_X11Y38         CARRY4 (Prop_carry4_CI_CO[3])
                                                      0.114    13.261 f  design_1_i/chorus_axi_wrapper_0/inst/chorus_internals/delay_q1_carry__3/CO[3]
                         net (fo=35, routed)          2.216    15.477    design_1_i/chorus_axi_wrapper_0/inst/chorus_internals/delay_q1
    SLICE_X28Y35         LUT3 (Prop_lut3_I0_O)        0.150    15.627 r  design_1_i/chorus_axi_wrapper_0/inst/chorus_internals/interp_i_12/O
                         net (fo=1, routed)           0.681    16.308    design_1_i/chorus_axi_wrapper_0/inst/chorus_internals/interp_i_12_n_0
    DSP48_X1Y14          DSP48E1                                      r  design_1_i/chorus_axi_wrapper_0/inst/chorus_internals/interp/B[1]
  -------------------------------------------------------------------    -------------------

                         (clock clk_out1_design_1_clk_wiz_0_0 rise edge)
                                                     81.380    81.380 r  <hidden>
    K17                                               0.000    81.380 r  sys_clock
                         net (fo=0)                   0.000    81.380    design_1_i/clk_wiz_0/inst/clk_in1
    K17                  IBUF (Prop_ibuf_I_O)         1.421    82.801 r  design_1_i/clk_wiz_0/inst/clkin1_ibufg/O
                         net (fo=1, routed)           1.162    83.963    design_1_i/clk_wiz_0/inst/clk_in1_design_1_clk_wiz_0_0
    MMCME2_ADV_X0Y1      MMCME2_ADV (Prop_mmcme2_adv_CLKIN1_CLKOUT0)
                                                     -7.105    76.858 r  design_1_i/clk_wiz_0/inst/mmcm_adv_inst/CLKOUT0
                         net (fo=1, routed)           1.599    78.457    design_1_i/clk_wiz_0/inst/clk_out1_design_1_clk_wiz_0_0
    BUFGCTRL_X0Y16       BUFG (Prop_bufg_I_O)         0.091    78.548 r  design_1_i/clk_wiz_0/inst/clkout1_buf/O
                         net (fo=300, routed)         1.588    80.136    design_1_i/chorus_axi_wrapper_0/inst/chorus_internals/audio_clk
    DSP48_X1Y14          DSP48E1                                      r  design_1_i/chorus_axi_wrapper_0/inst/chorus_internals/interp/CLK
                         clock pessimism              0.487    80.624    <hidden>
                         clock uncertainty           -0.240    80.384    <hidden>
    DSP48_X1Y14          DSP48E1 (Setup_dsp48e1_CLK_B[1])
                                                     -0.674    79.710    design_1_i/chorus_axi_wrapper_0/inst/chorus_internals/interp
  -------------------------------------------------------------------
                         required time                         79.710    <hidden>
                         arrival time                         -16.308    <hidden>
  -------------------------------------------------------------------
                         slack                                 63.402    <hidden>

Slack (MET) :             63.405ns  (required time - arrival time)
  Source:                 design_1_i/chorus_axi_wrapper_0/inst/chorus_internals/depth_term__0/CLK
                            (rising edge-triggered cell DSP48E1 clocked by clk_out1_design_1_clk_wiz_0_0  {rise@0.000ns fall@40.690ns period=81.380ns})
  Destination:            design_1_i/chorus_axi_wrapper_0/inst/chorus_internals/interp/B[0]
                            (rising edge-triggered cell DSP48E1 clocked by clk_out1_design_1_clk_wiz_0_0  {rise@0.000ns fall@40.690ns period=81.380ns})
  Path Group:             clk_out1_design_1_clk_wiz_0_0
  Path Type:              Setup (Max at Slow Process Corner)
  Requirement:            81.380ns  (clk_out1_design_1_clk_wiz_0_0 rise@81.380ns - clk_out1_design_1_clk_wiz_0_0 rise@0.000ns)
  Data Path Delay:        16.922ns  (logic 10.258ns (60.619%)  route 6.664ns (39.381%))
  Logic Levels:           17  (CARRY4=12 DSP48E1=2 LUT2=2 LUT3=1)
  Clock Path Skew:        -0.161ns (DCD - SCD + CPR)
    Destination Clock Delay (DCD):    -1.244ns = ( 80.136 - 81.380 ) 
    Source Clock Delay      (SCD):    -0.596ns
    Clock Pessimism Removal (CPR):    0.487ns
  Clock Uncertainty:      0.240ns  ((TSJ^2 + DJ^2)^1/2) / 2 + PE
    Total System Jitter     (TSJ):    0.071ns
    Discrete Jitter          (DJ):    0.474ns
    Phase Error              (PE):    0.000ns

    Location             Delay type                Incr(ns)  Path(ns)    Netlist Resource(s)
  -------------------------------------------------------------------    -------------------
                         (clock clk_out1_design_1_clk_wiz_0_0 rise edge)
                                                      0.000     0.000 r  <hidden>
    K17                                               0.000     0.000 r  sys_clock
                         net (fo=0)                   0.000     0.000    design_1_i/clk_wiz_0/inst/clk_in1
    K17                  IBUF (Prop_ibuf_I_O)         1.492     1.492 r  design_1_i/clk_wiz_0/inst/clkin1_ibufg/O
                         net (fo=1, routed)           1.285     2.777    design_1_i/clk_wiz_0/inst/clk_in1_design_1_clk_wiz_0_0
    MMCME2_ADV_X0Y1      MMCME2_ADV (Prop_mmcme2_adv_CLKIN1_CLKOUT0)
                                                     -6.996    -4.219 r  design_1_i/clk_wiz_0/inst/mmcm_adv_inst/CLKOUT0
                         net (fo=1, routed)           1.760    -2.459    design_1_i/clk_wiz_0/inst/clk_out1_design_1_clk_wiz_0_0
    BUFGCTRL_X0Y16       BUFG (Prop_bufg_I_O)         0.101    -2.358 r  design_1_i/clk_wiz_0/inst/clkout1_buf/O
                         net (fo=300, routed)         1.763    -0.596    design_1_i/chorus_axi_wrapper_0/inst/chorus_internals/audio_clk
    DSP48_X0Y12          DSP48E1                                      r  design_1_i/chorus_axi_wrapper_0/inst/chorus_internals/depth_term__0/CLK
  -------------------------------------------------------------------    -------------------
    DSP48_X0Y12          DSP48E1 (Prop_dsp48e1_CLK_PCOUT[47])
                                                      3.879     3.283 r  design_1_i/chorus_axi_wrapper_0/inst/chorus_internals/depth_term__0/PCOUT[47]
                         net (fo=1, routed)           0.002     3.285    design_1_i/chorus_axi_wrapper_0/inst/chorus_internals/depth_term__0_n_106
    DSP48_X0Y13          DSP48E1 (Prop_dsp48e1_PCIN[47]_P[17])
                                                      1.518     4.803 r  design_1_i/chorus_axi_wrapper_0/inst/chorus_internals/depth_term__1/P[17]
                         net (fo=2, routed)           1.214     6.017    design_1_i/chorus_axi_wrapper_0/inst/chorus_internals/depth_term__1_n_88
    SLICE_X9Y29          LUT2 (Prop_lut2_I0_O)        0.124     6.141 r  design_1_i/chorus_axi_wrapper_0/inst/chorus_internals/delay_unclamped_i_37/O
                         net (fo=1, routed)           0.000     6.141    design_1_i/chorus_axi_wrapper_0/inst/chorus_internals/delay_unclamped_i_37_n_0
    SLICE_X9Y29          CARRY4 (Prop_carry4_S[1]_CO[3])
                                                      0.550     6.691 r  design_1_i/chorus_axi_wrapper_0/inst/chorus_internals/delay_unclamped_i_8/CO[3]
                         net (fo=1, routed)           0.000     6.691    design_1_i/chorus_axi_wrapper_0/inst/chorus_internals/delay_unclamped_i_8_n_0
    SLICE_X9Y30          CARRY4 (Prop_carry4_CI_CO[3])
                                                      0.114     6.805 r  design_1_i/chorus_axi_wrapper_0/inst/chorus_internals/delay_unclamped_i_7/CO[3]
                         net (fo=1, routed)           0.000     6.805    design_1_i/chorus_axi_wrapper_0/inst/chorus_internals/delay_unclamped_i_7_n_0
    SLICE_X9Y31          CARRY4 (Prop_carry4_CI_CO[3])
                                                      0.114     6.919 r  design_1_i/chorus_axi_wrapper_0/inst/chorus_internals/delay_unclamped_i_6/CO[3]
                         net (fo=1, routed)           0.000     6.919    design_1_i/chorus_axi_wrapper_0/inst/chorus_internals/delay_unclamped_i_6_n_0
    SLICE_X9Y32          CARRY4 (Prop_carry4_CI_CO[3])
                                                      0.114     7.033 r  design_1_i/chorus_axi_wrapper_0/inst/chorus_internals/delay_unclamped_i_5/CO[3]
                         net (fo=1, routed)           0.000     7.033    design_1_i/chorus_axi_wrapper_0/inst/chorus_internals/delay_unclamped_i_5_n_0
    SLICE_X9Y33          CARRY4 (Prop_carry4_CI_CO[3])
                                                      0.114     7.147 r  design_1_i/chorus_axi_wrapper_0/inst/chorus_internals/delay_unclamped_i_4/CO[3]
                         net (fo=1, routed)           0.000     7.147    design_1_i/chorus_axi_wrapper_0/inst/chorus_internals/delay_unclamped_i_4_n_0
    SLICE_X9Y34          CARRY4 (Prop_carry4_CI_CO[3])
                                                      0.114     7.261 r  design_1_i/chorus_axi_wrapper_0/inst/chorus_internals/delay_unclamped_i_3/CO[3]
                         net (fo=1, routed)           0.000     7.261    design_1_i/chorus_axi_wrapper_0/inst/chorus_internals/delay_unclamped_i_3_n_0
    SLICE_X9Y35          CARRY4 (Prop_carry4_CI_CO[3])
                                                      0.114     7.375 r  design_1_i/chorus_axi_wrapper_0/inst/chorus_internals/delay_unclamped_i_2/CO[3]
                         net (fo=1, routed)           0.000     7.375    design_1_i/chorus_axi_wrapper_0/inst/chorus_internals/delay_unclamped_i_2_n_0
    SLICE_X9Y36          CARRY4 (Prop_carry4_CI_O[1])
                                                      0.334     7.709 r  design_1_i/chorus_axi_wrapper_0/inst/chorus_internals/delay_unclamped_i_1/O[1]
                         net (fo=9, routed)           1.242     8.951    design_1_i/chorus_axi_wrapper_0/inst/chorus_internals/C[39]
    DSP48_X0Y14          DSP48E1 (Prop_dsp48e1_C[46]_P[10])
                                                      1.999    10.950 f  design_1_i/chorus_axi_wrapper_0/inst/chorus_internals/delay_unclamped/P[10]
                         net (fo=4, routed)           1.295    12.245    design_1_i/chorus_axi_wrapper_0/inst/chorus_internals/delay_unclamped__0[10]
    SLICE_X11Y35         LUT2 (Prop_lut2_I0_O)        0.124    12.369 r  design_1_i/chorus_axi_wrapper_0/inst/chorus_internals/delay_q1_carry__0_i_7/O
                         net (fo=1, routed)           0.000    12.369    design_1_i/chorus_axi_wrapper_0/inst/chorus_internals/delay_q1_carry__0_i_7_n_0
    SLICE_X11Y35         CARRY4 (Prop_carry4_S[1]_CO[3])
                                                      0.550    12.919 r  design_1_i/chorus_axi_wrapper_0/inst/chorus_internals/delay_q1_carry__0/CO[3]
                         net (fo=1, routed)           0.000    12.919    design_1_i/chorus_axi_wrapper_0/inst/chorus_internals/delay_q1_carry__0_n_0
    SLICE_X11Y36         CARRY4 (Prop_carry4_CI_CO[3])
                                                      0.114    13.033 r  design_1_i/chorus_axi_wrapper_0/inst/chorus_internals/delay_q1_carry__1/CO[3]
                         net (fo=1, routed)           0.000    13.033    design_1_i/chorus_axi_wrapper_0/inst/chorus_internals/delay_q1_carry__1_n_0
    SLICE_X11Y37         CARRY4 (Prop_carry4_CI_CO[3])
                                                      0.114    13.147 r  design_1_i/chorus_axi_wrapper_0/inst/chorus_internals/delay_q1_carry__2/CO[3]
                         net (fo=1, routed)           0.000    13.147    design_1_i/chorus_axi_wrapper_0/inst/chorus_internals/delay_q1_carry__2_n_0
    SLICE_X11Y38         CARRY4 (Prop_carry4_CI_CO[3])
                                                      0.114    13.261 f  design_1_i/chorus_axi_wrapper_0/inst/chorus_internals/delay_q1_carry__3/CO[3]
                         net (fo=35, routed)          2.218    15.479    design_1_i/chorus_axi_wrapper_0/inst/chorus_internals/delay_q1
    SLICE_X27Y35         LUT3 (Prop_lut3_I0_O)        0.154    15.633 r  design_1_i/chorus_axi_wrapper_0/inst/chorus_internals/interp_i_13/O
                         net (fo=1, routed)           0.693    16.326    design_1_i/chorus_axi_wrapper_0/inst/chorus_internals/interp_i_13_n_0
    DSP48_X1Y14          DSP48E1                                      r  design_1_i/chorus_axi_wrapper_0/inst/chorus_internals/interp/B[0]
  -------------------------------------------------------------------    -------------------

                         (clock clk_out1_design_1_clk_wiz_0_0 rise edge)
                                                     81.380    81.380 r  <hidden>
    K17                                               0.000    81.380 r  sys_clock
                         net (fo=0)                   0.000    81.380    design_1_i/clk_wiz_0/inst/clk_in1
    K17                  IBUF (Prop_ibuf_I_O)         1.421    82.801 r  design_1_i/clk_wiz_0/inst/clkin1_ibufg/O
                         net (fo=1, routed)           1.162    83.963    design_1_i/clk_wiz_0/inst/clk_in1_design_1_clk_wiz_0_0
    MMCME2_ADV_X0Y1      MMCME2_ADV (Prop_mmcme2_adv_CLKIN1_CLKOUT0)
                                                     -7.105    76.858 r  design_1_i/clk_wiz_0/inst/mmcm_adv_inst/CLKOUT0
                         net (fo=1, routed)           1.599    78.457    design_1_i/clk_wiz_0/inst/clk_out1_design_1_clk_wiz_0_0
    BUFGCTRL_X0Y16       BUFG (Prop_bufg_I_O)         0.091    78.548 r  design_1_i/clk_wiz_0/inst/clkout1_buf/O
                         net (fo=300, routed)         1.588    80.136    design_1_i/chorus_axi_wrapper_0/inst/chorus_internals/audio_clk
    DSP48_X1Y14          DSP48E1                                      r  design_1_i/chorus_axi_wrapper_0/inst/chorus_internals/interp/CLK
                         clock pessimism              0.487    80.624    <hidden>
                         clock uncertainty           -0.240    80.384    <hidden>
    DSP48_X1Y14          DSP48E1 (Setup_dsp48e1_CLK_B[0])
                                                     -0.653    79.731    design_1_i/chorus_axi_wrapper_0/inst/chorus_internals/interp
  -------------------------------------------------------------------
                         required time                         79.731    <hidden>
                         arrival time                         -16.326    <hidden>
  -------------------------------------------------------------------
                         slack                                 63.405    <hidden>

Slack (MET) :             63.414ns  (required time - arrival time)
  Source:                 design_1_i/chorus_axi_wrapper_0/inst/chorus_internals/depth_term__0/CLK
                            (rising edge-triggered cell DSP48E1 clocked by clk_out1_design_1_clk_wiz_0_0  {rise@0.000ns fall@40.690ns period=81.380ns})
  Destination:            design_1_i/chorus_axi_wrapper_0/inst/chorus_internals/interp/B[5]
                            (rising edge-triggered cell DSP48E1 clocked by clk_out1_design_1_clk_wiz_0_0  {rise@0.000ns fall@40.690ns period=81.380ns})
  Path Group:             clk_out1_design_1_clk_wiz_0_0
  Path Type:              Setup (Max at Slow Process Corner)
  Requirement:            81.380ns  (clk_out1_design_1_clk_wiz_0_0 rise@81.380ns - clk_out1_design_1_clk_wiz_0_0 rise@0.000ns)
  Data Path Delay:        16.908ns  (logic 10.256ns (60.658%)  route 6.652ns (39.342%))
  Logic Levels:           17  (CARRY4=12 DSP48E1=2 LUT2=2 LUT3=1)
  Clock Path Skew:        -0.161ns (DCD - SCD + CPR)
    Destination Clock Delay (DCD):    -1.244ns = ( 80.136 - 81.380 ) 
    Source Clock Delay      (SCD):    -0.596ns
    Clock Pessimism Removal (CPR):    0.487ns
  Clock Uncertainty:      0.240ns  ((TSJ^2 + DJ^2)^1/2) / 2 + PE
    Total System Jitter     (TSJ):    0.071ns
    Discrete Jitter          (DJ):    0.474ns
    Phase Error              (PE):    0.000ns

    Location             Delay type                Incr(ns)  Path(ns)    Netlist Resource(s)
  -------------------------------------------------------------------    -------------------
                         (clock clk_out1_design_1_clk_wiz_0_0 rise edge)
                                                      0.000     0.000 r  <hidden>
    K17                                               0.000     0.000 r  sys_clock
                         net (fo=0)                   0.000     0.000    design_1_i/clk_wiz_0/inst/clk_in1
    K17                  IBUF (Prop_ibuf_I_O)         1.492     1.492 r  design_1_i/clk_wiz_0/inst/clkin1_ibufg/O
                         net (fo=1, routed)           1.285     2.777    design_1_i/clk_wiz_0/inst/clk_in1_design_1_clk_wiz_0_0
    MMCME2_ADV_X0Y1      MMCME2_ADV (Prop_mmcme2_adv_CLKIN1_CLKOUT0)
                                                     -6.996    -4.219 r  design_1_i/clk_wiz_0/inst/mmcm_adv_inst/CLKOUT0
                         net (fo=1, routed)           1.760    -2.459    design_1_i/clk_wiz_0/inst/clk_out1_design_1_clk_wiz_0_0
    BUFGCTRL_X0Y16       BUFG (Prop_bufg_I_O)         0.101    -2.358 r  design_1_i/clk_wiz_0/inst/clkout1_buf/O
                         net (fo=300, routed)         1.763    -0.596    design_1_i/chorus_axi_wrapper_0/inst/chorus_internals/audio_clk
    DSP48_X0Y12          DSP48E1                                      r  design_1_i/chorus_axi_wrapper_0/inst/chorus_internals/depth_term__0/CLK
  -------------------------------------------------------------------    -------------------
    DSP48_X0Y12          DSP48E1 (Prop_dsp48e1_CLK_PCOUT[47])
                                                      3.879     3.283 r  design_1_i/chorus_axi_wrapper_0/inst/chorus_internals/depth_term__0/PCOUT[47]
                         net (fo=1, routed)           0.002     3.285    design_1_i/chorus_axi_wrapper_0/inst/chorus_internals/depth_term__0_n_106
    DSP48_X0Y13          DSP48E1 (Prop_dsp48e1_PCIN[47]_P[17])
                                                      1.518     4.803 r  design_1_i/chorus_axi_wrapper_0/inst/chorus_internals/depth_term__1/P[17]
                         net (fo=2, routed)           1.214     6.017    design_1_i/chorus_axi_wrapper_0/inst/chorus_internals/depth_term__1_n_88
    SLICE_X9Y29          LUT2 (Prop_lut2_I0_O)        0.124     6.141 r  design_1_i/chorus_axi_wrapper_0/inst/chorus_internals/delay_unclamped_i_37/O
                         net (fo=1, routed)           0.000     6.141    design_1_i/chorus_axi_wrapper_0/inst/chorus_internals/delay_unclamped_i_37_n_0
    SLICE_X9Y29          CARRY4 (Prop_carry4_S[1]_CO[3])
                                                      0.550     6.691 r  design_1_i/chorus_axi_wrapper_0/inst/chorus_internals/delay_unclamped_i_8/CO[3]
                         net (fo=1, routed)           0.000     6.691    design_1_i/chorus_axi_wrapper_0/inst/chorus_internals/delay_unclamped_i_8_n_0
    SLICE_X9Y30          CARRY4 (Prop_carry4_CI_CO[3])
                                                      0.114     6.805 r  design_1_i/chorus_axi_wrapper_0/inst/chorus_internals/delay_unclamped_i_7/CO[3]
                         net (fo=1, routed)           0.000     6.805    design_1_i/chorus_axi_wrapper_0/inst/chorus_internals/delay_unclamped_i_7_n_0
    SLICE_X9Y31          CARRY4 (Prop_carry4_CI_CO[3])
                                                      0.114     6.919 r  design_1_i/chorus_axi_wrapper_0/inst/chorus_internals/delay_unclamped_i_6/CO[3]
                         net (fo=1, routed)           0.000     6.919    design_1_i/chorus_axi_wrapper_0/inst/chorus_internals/delay_unclamped_i_6_n_0
    SLICE_X9Y32          CARRY4 (Prop_carry4_CI_CO[3])
                                                      0.114     7.033 r  design_1_i/chorus_axi_wrapper_0/inst/chorus_internals/delay_unclamped_i_5/CO[3]
                         net (fo=1, routed)           0.000     7.033    design_1_i/chorus_axi_wrapper_0/inst/chorus_internals/delay_unclamped_i_5_n_0
    SLICE_X9Y33          CARRY4 (Prop_carry4_CI_CO[3])
                                                      0.114     7.147 r  design_1_i/chorus_axi_wrapper_0/inst/chorus_internals/delay_unclamped_i_4/CO[3]
                         net (fo=1, routed)           0.000     7.147    design_1_i/chorus_axi_wrapper_0/inst/chorus_internals/delay_unclamped_i_4_n_0
    SLICE_X9Y34          CARRY4 (Prop_carry4_CI_CO[3])
                                                      0.114     7.261 r  design_1_i/chorus_axi_wrapper_0/inst/chorus_internals/delay_unclamped_i_3/CO[3]
                         net (fo=1, routed)           0.000     7.261    design_1_i/chorus_axi_wrapper_0/inst/chorus_internals/delay_unclamped_i_3_n_0
    SLICE_X9Y35          CARRY4 (Prop_carry4_CI_CO[3])
                                                      0.114     7.375 r  design_1_i/chorus_axi_wrapper_0/inst/chorus_internals/delay_unclamped_i_2/CO[3]
                         net (fo=1, routed)           0.000     7.375    design_1_i/chorus_axi_wrapper_0/inst/chorus_internals/delay_unclamped_i_2_n_0
    SLICE_X9Y36          CARRY4 (Prop_carry4_CI_O[1])
                                                      0.334     7.709 r  design_1_i/chorus_axi_wrapper_0/inst/chorus_internals/delay_unclamped_i_1/O[1]
                         net (fo=9, routed)           1.242     8.951    design_1_i/chorus_axi_wrapper_0/inst/chorus_internals/C[39]
    DSP48_X0Y14          DSP48E1 (Prop_dsp48e1_C[46]_P[10])
                                                      1.999    10.950 f  design_1_i/chorus_axi_wrapper_0/inst/chorus_internals/delay_unclamped/P[10]
                         net (fo=4, routed)           1.295    12.245    design_1_i/chorus_axi_wrapper_0/inst/chorus_internals/delay_unclamped__0[10]
    SLICE_X11Y35         LUT2 (Prop_lut2_I0_O)        0.124    12.369 r  design_1_i/chorus_axi_wrapper_0/inst/chorus_internals/delay_q1_carry__0_i_7/O
                         net (fo=1, routed)           0.000    12.369    design_1_i/chorus_axi_wrapper_0/inst/chorus_internals/delay_q1_carry__0_i_7_n_0
    SLICE_X11Y35         CARRY4 (Prop_carry4_S[1]_CO[3])
                                                      0.550    12.919 r  design_1_i/chorus_axi_wrapper_0/inst/chorus_internals/delay_q1_carry__0/CO[3]
                         net (fo=1, routed)           0.000    12.919    design_1_i/chorus_axi_wrapper_0/inst/chorus_internals/delay_q1_carry__0_n_0
    SLICE_X11Y36         CARRY4 (Prop_carry4_CI_CO[3])
                                                      0.114    13.033 r  design_1_i/chorus_axi_wrapper_0/inst/chorus_internals/delay_q1_carry__1/CO[3]
                         net (fo=1, routed)           0.000    13.033    design_1_i/chorus_axi_wrapper_0/inst/chorus_internals/delay_q1_carry__1_n_0
    SLICE_X11Y37         CARRY4 (Prop_carry4_CI_CO[3])
                                                      0.114    13.147 r  design_1_i/chorus_axi_wrapper_0/inst/chorus_internals/delay_q1_carry__2/CO[3]
                         net (fo=1, routed)           0.000    13.147    design_1_i/chorus_axi_wrapper_0/inst/chorus_internals/delay_q1_carry__2_n_0
    SLICE_X11Y38         CARRY4 (Prop_carry4_CI_CO[3])
                                                      0.114    13.261 f  design_1_i/chorus_axi_wrapper_0/inst/chorus_internals/delay_q1_carry__3/CO[3]
                         net (fo=35, routed)          2.208    15.469    design_1_i/chorus_axi_wrapper_0/inst/chorus_internals/delay_q1
    SLICE_X27Y36         LUT3 (Prop_lut3_I0_O)        0.152    15.621 r  design_1_i/chorus_axi_wrapper_0/inst/chorus_internals/interp_i_8/O
                         net (fo=1, routed)           0.691    16.312    design_1_i/chorus_axi_wrapper_0/inst/chorus_internals/interp_i_8_n_0
    DSP48_X1Y14          DSP48E1                                      r  design_1_i/chorus_axi_wrapper_0/inst/chorus_internals/interp/B[5]
  -------------------------------------------------------------------    -------------------

                         (clock clk_out1_design_1_clk_wiz_0_0 rise edge)
                                                     81.380    81.380 r  <hidden>
    K17                                               0.000    81.380 r  sys_clock
                         net (fo=0)                   0.000    81.380    design_1_i/clk_wiz_0/inst/clk_in1
    K17                  IBUF (Prop_ibuf_I_O)         1.421    82.801 r  design_1_i/clk_wiz_0/inst/clkin1_ibufg/O
                         net (fo=1, routed)           1.162    83.963    design_1_i/clk_wiz_0/inst/clk_in1_design_1_clk_wiz_0_0
    MMCME2_ADV_X0Y1      MMCME2_ADV (Prop_mmcme2_adv_CLKIN1_CLKOUT0)
                                                     -7.105    76.858 r  design_1_i/clk_wiz_0/inst/mmcm_adv_inst/CLKOUT0
                         net (fo=1, routed)           1.599    78.457    design_1_i/clk_wiz_0/inst/clk_out1_design_1_clk_wiz_0_0
    BUFGCTRL_X0Y16       BUFG (Prop_bufg_I_O)         0.091    78.548 r  design_1_i/clk_wiz_0/inst/clkout1_buf/O
                         net (fo=300, routed)         1.588    80.136    design_1_i/chorus_axi_wrapper_0/inst/chorus_internals/audio_clk
    DSP48_X1Y14          DSP48E1                                      r  design_1_i/chorus_axi_wrapper_0/inst/chorus_internals/interp/CLK
                         clock pessimism              0.487    80.624    <hidden>
                         clock uncertainty           -0.240    80.384    <hidden>
    DSP48_X1Y14          DSP48E1 (Setup_dsp48e1_CLK_B[5])
                                                     -0.658    79.726    design_1_i/chorus_axi_wrapper_0/inst/chorus_internals/interp
  -------------------------------------------------------------------
                         required time                         79.726    <hidden>
                         arrival time                         -16.312    <hidden>
  -------------------------------------------------------------------
                         slack                                 63.414    <hidden>

Slack (MET) :             63.431ns  (required time - arrival time)
  Source:                 design_1_i/chorus_axi_wrapper_0/inst/chorus_internals/depth_term__0/CLK
                            (rising edge-triggered cell DSP48E1 clocked by clk_out1_design_1_clk_wiz_0_0  {rise@0.000ns fall@40.690ns period=81.380ns})
  Destination:            design_1_i/chorus_axi_wrapper_0/inst/chorus_internals/delay_q_reg[21]/R
                            (rising edge-triggered cell FDRE clocked by clk_out1_design_1_clk_wiz_0_0  {rise@0.000ns fall@40.690ns period=81.380ns})
  Path Group:             clk_out1_design_1_clk_wiz_0_0
  Path Type:              Setup (Max at Slow Process Corner)
  Requirement:            81.380ns  (clk_out1_design_1_clk_wiz_0_0 rise@81.380ns - clk_out1_design_1_clk_wiz_0_0 rise@0.000ns)
  Data Path Delay:        16.727ns  (logic 10.226ns (61.133%)  route 6.501ns (38.867%))
  Logic Levels:           16  (CARRY4=11 DSP48E1=2 LUT2=2 LUT5=1)
  Clock Path Skew:        -0.256ns (DCD - SCD + CPR)
    Destination Clock Delay (DCD):    -1.339ns = ( 80.041 - 81.380 ) 
    Source Clock Delay      (SCD):    -0.596ns
    Clock Pessimism Removal (CPR):    0.487ns
  Clock Uncertainty:      0.240ns  ((TSJ^2 + DJ^2)^1/2) / 2 + PE
    Total System Jitter     (TSJ):    0.071ns
    Discrete Jitter          (DJ):    0.474ns
    Phase Error              (PE):    0.000ns

    Location             Delay type                Incr(ns)  Path(ns)    Netlist Resource(s)
  -------------------------------------------------------------------    -------------------
                         (clock clk_out1_design_1_clk_wiz_0_0 rise edge)
                                                      0.000     0.000 r  <hidden>
    K17                                               0.000     0.000 r  sys_clock
                         net (fo=0)                   0.000     0.000    design_1_i/clk_wiz_0/inst/clk_in1
    K17                  IBUF (Prop_ibuf_I_O)         1.492     1.492 r  design_1_i/clk_wiz_0/inst/clkin1_ibufg/O
                         net (fo=1, routed)           1.285     2.777    design_1_i/clk_wiz_0/inst/clk_in1_design_1_clk_wiz_0_0
    MMCME2_ADV_X0Y1      MMCME2_ADV (Prop_mmcme2_adv_CLKIN1_CLKOUT0)
                                                     -6.996    -4.219 r  design_1_i/clk_wiz_0/inst/mmcm_adv_inst/CLKOUT0
                         net (fo=1, routed)           1.760    -2.459    design_1_i/clk_wiz_0/inst/clk_out1_design_1_clk_wiz_0_0
    BUFGCTRL_X0Y16       BUFG (Prop_bufg_I_O)         0.101    -2.358 r  design_1_i/clk_wiz_0/inst/clkout1_buf/O
                         net (fo=300, routed)         1.763    -0.596    design_1_i/chorus_axi_wrapper_0/inst/chorus_internals/audio_clk
    DSP48_X0Y12          DSP48E1                                      r  design_1_i/chorus_axi_wrapper_0/inst/chorus_internals/depth_term__0/CLK
  -------------------------------------------------------------------    -------------------
    DSP48_X0Y12          DSP48E1 (Prop_dsp48e1_CLK_PCOUT[47])
                                                      3.879     3.283 r  design_1_i/chorus_axi_wrapper_0/inst/chorus_internals/depth_term__0/PCOUT[47]
                         net (fo=1, routed)           0.002     3.285    design_1_i/chorus_axi_wrapper_0/inst/chorus_internals/depth_term__0_n_106
    DSP48_X0Y13          DSP48E1 (Prop_dsp48e1_PCIN[47]_P[17])
                                                      1.518     4.803 r  design_1_i/chorus_axi_wrapper_0/inst/chorus_internals/depth_term__1/P[17]
                         net (fo=2, routed)           1.214     6.017    design_1_i/chorus_axi_wrapper_0/inst/chorus_internals/depth_term__1_n_88
    SLICE_X9Y29          LUT2 (Prop_lut2_I0_O)        0.124     6.141 r  design_1_i/chorus_axi_wrapper_0/inst/chorus_internals/delay_unclamped_i_37/O
                         net (fo=1, routed)           0.000     6.141    design_1_i/chorus_axi_wrapper_0/inst/chorus_internals/delay_unclamped_i_37_n_0
    SLICE_X9Y29          CARRY4 (Prop_carry4_S[1]_CO[3])
                                                      0.550     6.691 r  design_1_i/chorus_axi_wrapper_0/inst/chorus_internals/delay_unclamped_i_8/CO[3]
                         net (fo=1, routed)           0.000     6.691    design_1_i/chorus_axi_wrapper_0/inst/chorus_internals/delay_unclamped_i_8_n_0
    SLICE_X9Y30          CARRY4 (Prop_carry4_CI_CO[3])
                                                      0.114     6.805 r  design_1_i/chorus_axi_wrapper_0/inst/chorus_internals/delay_unclamped_i_7/CO[3]
                         net (fo=1, routed)           0.000     6.805    design_1_i/chorus_axi_wrapper_0/inst/chorus_internals/delay_unclamped_i_7_n_0
    SLICE_X9Y31          CARRY4 (Prop_carry4_CI_CO[3])
                                                      0.114     6.919 r  design_1_i/chorus_axi_wrapper_0/inst/chorus_internals/delay_unclamped_i_6/CO[3]
                         net (fo=1, routed)           0.000     6.919    design_1_i/chorus_axi_wrapper_0/inst/chorus_internals/delay_unclamped_i_6_n_0
    SLICE_X9Y32          CARRY4 (Prop_carry4_CI_CO[3])
                                                      0.114     7.033 r  design_1_i/chorus_axi_wrapper_0/inst/chorus_internals/delay_unclamped_i_5/CO[3]
                         net (fo=1, routed)           0.000     7.033    design_1_i/chorus_axi_wrapper_0/inst/chorus_internals/delay_unclamped_i_5_n_0
    SLICE_X9Y33          CARRY4 (Prop_carry4_CI_CO[3])
                                                      0.114     7.147 r  design_1_i/chorus_axi_wrapper_0/inst/chorus_internals/delay_unclamped_i_4/CO[3]
                         net (fo=1, routed)           0.000     7.147    design_1_i/chorus_axi_wrapper_0/inst/chorus_internals/delay_unclamped_i_4_n_0
    SLICE_X9Y34          CARRY4 (Prop_carry4_CI_CO[3])
                                                      0.114     7.261 r  design_1_i/chorus_axi_wrapper_0/inst/chorus_internals/delay_unclamped_i_3/CO[3]
                         net (fo=1, routed)           0.000     7.261    design_1_i/chorus_axi_wrapper_0/inst/chorus_internals/delay_unclamped_i_3_n_0
    SLICE_X9Y35          CARRY4 (Prop_carry4_CI_CO[3])
                                                      0.114     7.375 r  design_1_i/chorus_axi_wrapper_0/inst/chorus_internals/delay_unclamped_i_2/CO[3]
                         net (fo=1, routed)           0.000     7.375    design_1_i/chorus_axi_wrapper_0/inst/chorus_internals/delay_unclamped_i_2_n_0
    SLICE_X9Y36          CARRY4 (Prop_carry4_CI_O[1])
                                                      0.334     7.709 r  design_1_i/chorus_axi_wrapper_0/inst/chorus_internals/delay_unclamped_i_1/O[1]
                         net (fo=9, routed)           1.242     8.951    design_1_i/chorus_axi_wrapper_0/inst/chorus_internals/C[39]
    DSP48_X0Y14          DSP48E1 (Prop_dsp48e1_C[46]_P[24])
                                                      1.999    10.950 f  design_1_i/chorus_axi_wrapper_0/inst/chorus_internals/delay_unclamped/P[24]
                         net (fo=3, routed)           1.184    12.134    design_1_i/chorus_axi_wrapper_0/inst/chorus_internals/delay_unclamped__0[24]
    SLICE_X10Y36         LUT2 (Prop_lut2_I0_O)        0.124    12.258 r  design_1_i/chorus_axi_wrapper_0/inst/chorus_internals/i__carry_i_3__1/O
                         net (fo=1, routed)           0.000    12.258    design_1_i/chorus_axi_wrapper_0/inst/chorus_internals/i__carry_i_3__1_n_0
    SLICE_X10Y36         CARRY4 (Prop_carry4_S[2]_CO[3])
                                                      0.380    12.638 r  design_1_i/chorus_axi_wrapper_0/inst/chorus_internals/delay_q1_inferred__0/i__carry/CO[3]
                         net (fo=1, routed)           0.000    12.638    design_1_i/chorus_axi_wrapper_0/inst/chorus_internals/delay_q1_inferred__0/i__carry_n_0
    SLICE_X10Y37         CARRY4 (Prop_carry4_CI_CO[3])
                                                      0.117    12.755 r  design_1_i/chorus_axi_wrapper_0/inst/chorus_internals/delay_q1_inferred__0/i__carry__0/CO[3]
                         net (fo=1, routed)           0.000    12.755    design_1_i/chorus_axi_wrapper_0/inst/chorus_internals/delay_q1_inferred__0/i__carry__0_n_0
    SLICE_X10Y38         CARRY4 (Prop_carry4_CI_CO[1])
                                                      0.157    12.912 r  design_1_i/chorus_axi_wrapper_0/inst/chorus_internals/delay_q1_inferred__0/i__carry__1/CO[1]
                         net (fo=14, routed)          2.132    15.043    design_1_i/chorus_axi_wrapper_0/inst/chorus_internals/delay_q10_in
    SLICE_X26Y33         LUT5 (Prop_lut5_I0_O)        0.360    15.403 r  design_1_i/chorus_axi_wrapper_0/inst/chorus_internals/delay_q[30]_i_1/O
                         net (fo=22, routed)          0.728    16.132    design_1_i/chorus_axi_wrapper_0/inst/chorus_internals/delay_q[30]_i_1_n_0
    SLICE_X24Y34         FDRE                                         r  design_1_i/chorus_axi_wrapper_0/inst/chorus_internals/delay_q_reg[21]/R
  -------------------------------------------------------------------    -------------------

                         (clock clk_out1_design_1_clk_wiz_0_0 rise edge)
                                                     81.380    81.380 r  <hidden>
    K17                                               0.000    81.380 r  sys_clock
                         net (fo=0)                   0.000    81.380    design_1_i/clk_wiz_0/inst/clk_in1
    K17                  IBUF (Prop_ibuf_I_O)         1.421    82.801 r  design_1_i/clk_wiz_0/inst/clkin1_ibufg/O
                         net (fo=1, routed)           1.162    83.963    design_1_i/clk_wiz_0/inst/clk_in1_design_1_clk_wiz_0_0
    MMCME2_ADV_X0Y1      MMCME2_ADV (Prop_mmcme2_adv_CLKIN1_CLKOUT0)
                                                     -7.105    76.858 r  design_1_i/clk_wiz_0/inst/mmcm_adv_inst/CLKOUT0
                         net (fo=1, routed)           1.599    78.457    design_1_i/clk_wiz_0/inst/clk_out1_design_1_clk_wiz_0_0
    BUFGCTRL_X0Y16       BUFG (Prop_bufg_I_O)         0.091    78.548 r  design_1_i/clk_wiz_0/inst/clkout1_buf/O
                         net (fo=300, routed)         1.492    80.041    design_1_i/chorus_axi_wrapper_0/inst/chorus_internals/audio_clk
    SLICE_X24Y34         FDRE                                         r  design_1_i/chorus_axi_wrapper_0/inst/chorus_internals/delay_q_reg[21]/C
                         clock pessimism              0.487    80.528    <hidden>
                         clock uncertainty           -0.240    80.289    <hidden>
    SLICE_X24Y34         FDRE (Setup_fdre_C_R)       -0.726    79.563    design_1_i/chorus_axi_wrapper_0/inst/chorus_internals/delay_q_reg[21]
  -------------------------------------------------------------------
                         required time                         79.563    <hidden>
                         arrival time                         -16.132    <hidden>
  -------------------------------------------------------------------
                         slack                                 63.431    <hidden>

Slack (MET) :             63.431ns  (required time - arrival time)
  Source:                 design_1_i/chorus_axi_wrapper_0/inst/chorus_internals/depth_term__0/CLK
                            (rising edge-triggered cell DSP48E1 clocked by clk_out1_design_1_clk_wiz_0_0  {rise@0.000ns fall@40.690ns period=81.380ns})
  Destination:            design_1_i/chorus_axi_wrapper_0/inst/chorus_internals/delay_q_reg[22]/R
                            (rising edge-triggered cell FDRE clocked by clk_out1_design_1_clk_wiz_0_0  {rise@0.000ns fall@40.690ns period=81.380ns})
  Path Group:             clk_out1_design_1_clk_wiz_0_0
  Path Type:              Setup (Max at Slow Process Corner)
  Requirement:            81.380ns  (clk_out1_design_1_clk_wiz_0_0 rise@81.380ns - clk_out1_design_1_clk_wiz_0_0 rise@0.000ns)
  Data Path Delay:        16.727ns  (logic 10.226ns (61.133%)  route 6.501ns (38.867%))
  Logic Levels:           16  (CARRY4=11 DSP48E1=2 LUT2=2 LUT5=1)
  Clock Path Skew:        -0.256ns (DCD - SCD + CPR)
    Destination Clock Delay (DCD):    -1.339ns = ( 80.041 - 81.380 ) 
    Source Clock Delay      (SCD):    -0.596ns
    Clock Pessimism Removal (CPR):    0.487ns
  Clock Uncertainty:      0.240ns  ((TSJ^2 + DJ^2)^1/2) / 2 + PE
    Total System Jitter     (TSJ):    0.071ns
    Discrete Jitter          (DJ):    0.474ns
    Phase Error              (PE):    0.000ns

    Location             Delay type                Incr(ns)  Path(ns)    Netlist Resource(s)
  -------------------------------------------------------------------    -------------------
                         (clock clk_out1_design_1_clk_wiz_0_0 rise edge)
                                                      0.000     0.000 r  <hidden>
    K17                                               0.000     0.000 r  sys_clock
                         net (fo=0)                   0.000     0.000    design_1_i/clk_wiz_0/inst/clk_in1
    K17                  IBUF (Prop_ibuf_I_O)         1.492     1.492 r  design_1_i/clk_wiz_0/inst/clkin1_ibufg/O
                         net (fo=1, routed)           1.285     2.777    design_1_i/clk_wiz_0/inst/clk_in1_design_1_clk_wiz_0_0
    MMCME2_ADV_X0Y1      MMCME2_ADV (Prop_mmcme2_adv_CLKIN1_CLKOUT0)
                                                     -6.996    -4.219 r  design_1_i/clk_wiz_0/inst/mmcm_adv_inst/CLKOUT0
                         net (fo=1, routed)           1.760    -2.459    design_1_i/clk_wiz_0/inst/clk_out1_design_1_clk_wiz_0_0
    BUFGCTRL_X0Y16       BUFG (Prop_bufg_I_O)         0.101    -2.358 r  design_1_i/clk_wiz_0/inst/clkout1_buf/O
                         net (fo=300, routed)         1.763    -0.596    design_1_i/chorus_axi_wrapper_0/inst/chorus_internals/audio_clk
    DSP48_X0Y12          DSP48E1                                      r  design_1_i/chorus_axi_wrapper_0/inst/chorus_internals/depth_term__0/CLK
  -------------------------------------------------------------------    -------------------
    DSP48_X0Y12          DSP48E1 (Prop_dsp48e1_CLK_PCOUT[47])
                                                      3.879     3.283 r  design_1_i/chorus_axi_wrapper_0/inst/chorus_internals/depth_term__0/PCOUT[47]
                         net (fo=1, routed)           0.002     3.285    design_1_i/chorus_axi_wrapper_0/inst/chorus_internals/depth_term__0_n_106
    DSP48_X0Y13          DSP48E1 (Prop_dsp48e1_PCIN[47]_P[17])
                                                      1.518     4.803 r  design_1_i/chorus_axi_wrapper_0/inst/chorus_internals/depth_term__1/P[17]
                         net (fo=2, routed)           1.214     6.017    design_1_i/chorus_axi_wrapper_0/inst/chorus_internals/depth_term__1_n_88
    SLICE_X9Y29          LUT2 (Prop_lut2_I0_O)        0.124     6.141 r  design_1_i/chorus_axi_wrapper_0/inst/chorus_internals/delay_unclamped_i_37/O
                         net (fo=1, routed)           0.000     6.141    design_1_i/chorus_axi_wrapper_0/inst/chorus_internals/delay_unclamped_i_37_n_0
    SLICE_X9Y29          CARRY4 (Prop_carry4_S[1]_CO[3])
                                                      0.550     6.691 r  design_1_i/chorus_axi_wrapper_0/inst/chorus_internals/delay_unclamped_i_8/CO[3]
                         net (fo=1, routed)           0.000     6.691    design_1_i/chorus_axi_wrapper_0/inst/chorus_internals/delay_unclamped_i_8_n_0
    SLICE_X9Y30          CARRY4 (Prop_carry4_CI_CO[3])
                                                      0.114     6.805 r  design_1_i/chorus_axi_wrapper_0/inst/chorus_internals/delay_unclamped_i_7/CO[3]
                         net (fo=1, routed)           0.000     6.805    design_1_i/chorus_axi_wrapper_0/inst/chorus_internals/delay_unclamped_i_7_n_0
    SLICE_X9Y31          CARRY4 (Prop_carry4_CI_CO[3])
                                                      0.114     6.919 r  design_1_i/chorus_axi_wrapper_0/inst/chorus_internals/delay_unclamped_i_6/CO[3]
                         net (fo=1, routed)           0.000     6.919    design_1_i/chorus_axi_wrapper_0/inst/chorus_internals/delay_unclamped_i_6_n_0
    SLICE_X9Y32          CARRY4 (Prop_carry4_CI_CO[3])
                                                      0.114     7.033 r  design_1_i/chorus_axi_wrapper_0/inst/chorus_internals/delay_unclamped_i_5/CO[3]
                         net (fo=1, routed)           0.000     7.033    design_1_i/chorus_axi_wrapper_0/inst/chorus_internals/delay_unclamped_i_5_n_0
    SLICE_X9Y33          CARRY4 (Prop_carry4_CI_CO[3])
                                                      0.114     7.147 r  design_1_i/chorus_axi_wrapper_0/inst/chorus_internals/delay_unclamped_i_4/CO[3]
                         net (fo=1, routed)           0.000     7.147    design_1_i/chorus_axi_wrapper_0/inst/chorus_internals/delay_unclamped_i_4_n_0
    SLICE_X9Y34          CARRY4 (Prop_carry4_CI_CO[3])
                                                      0.114     7.261 r  design_1_i/chorus_axi_wrapper_0/inst/chorus_internals/delay_unclamped_i_3/CO[3]
                         net (fo=1, routed)           0.000     7.261    design_1_i/chorus_axi_wrapper_0/inst/chorus_internals/delay_unclamped_i_3_n_0
    SLICE_X9Y35          CARRY4 (Prop_carry4_CI_CO[3])
                                                      0.114     7.375 r  design_1_i/chorus_axi_wrapper_0/inst/chorus_internals/delay_unclamped_i_2/CO[3]
                         net (fo=1, routed)           0.000     7.375    design_1_i/chorus_axi_wrapper_0/inst/chorus_internals/delay_unclamped_i_2_n_0
    SLICE_X9Y36          CARRY4 (Prop_carry4_CI_O[1])
                                                      0.334     7.709 r  design_1_i/chorus_axi_wrapper_0/inst/chorus_internals/delay_unclamped_i_1/O[1]
                         net (fo=9, routed)           1.242     8.951    design_1_i/chorus_axi_wrapper_0/inst/chorus_internals/C[39]
    DSP48_X0Y14          DSP48E1 (Prop_dsp48e1_C[46]_P[24])
                                                      1.999    10.950 f  design_1_i/chorus_axi_wrapper_0/inst/chorus_internals/delay_unclamped/P[24]
                         net (fo=3, routed)           1.184    12.134    design_1_i/chorus_axi_wrapper_0/inst/chorus_internals/delay_unclamped__0[24]
    SLICE_X10Y36         LUT2 (Prop_lut2_I0_O)        0.124    12.258 r  design_1_i/chorus_axi_wrapper_0/inst/chorus_internals/i__carry_i_3__1/O
                         net (fo=1, routed)           0.000    12.258    design_1_i/chorus_axi_wrapper_0/inst/chorus_internals/i__carry_i_3__1_n_0
    SLICE_X10Y36         CARRY4 (Prop_carry4_S[2]_CO[3])
                                                      0.380    12.638 r  design_1_i/chorus_axi_wrapper_0/inst/chorus_internals/delay_q1_inferred__0/i__carry/CO[3]
                         net (fo=1, routed)           0.000    12.638    design_1_i/chorus_axi_wrapper_0/inst/chorus_internals/delay_q1_inferred__0/i__carry_n_0
    SLICE_X10Y37         CARRY4 (Prop_carry4_CI_CO[3])
                                                      0.117    12.755 r  design_1_i/chorus_axi_wrapper_0/inst/chorus_internals/delay_q1_inferred__0/i__carry__0/CO[3]
                         net (fo=1, routed)           0.000    12.755    design_1_i/chorus_axi_wrapper_0/inst/chorus_internals/delay_q1_inferred__0/i__carry__0_n_0
    SLICE_X10Y38         CARRY4 (Prop_carry4_CI_CO[1])
                                                      0.157    12.912 r  design_1_i/chorus_axi_wrapper_0/inst/chorus_internals/delay_q1_inferred__0/i__carry__1/CO[1]
                         net (fo=14, routed)          2.132    15.043    design_1_i/chorus_axi_wrapper_0/inst/chorus_internals/delay_q10_in
    SLICE_X26Y33         LUT5 (Prop_lut5_I0_O)        0.360    15.403 r  design_1_i/chorus_axi_wrapper_0/inst/chorus_internals/delay_q[30]_i_1/O
                         net (fo=22, routed)          0.728    16.132    design_1_i/chorus_axi_wrapper_0/inst/chorus_internals/delay_q[30]_i_1_n_0
    SLICE_X24Y34         FDRE                                         r  design_1_i/chorus_axi_wrapper_0/inst/chorus_internals/delay_q_reg[22]/R
  -------------------------------------------------------------------    -------------------

                         (clock clk_out1_design_1_clk_wiz_0_0 rise edge)
                                                     81.380    81.380 r  <hidden>
    K17                                               0.000    81.380 r  sys_clock
                         net (fo=0)                   0.000    81.380    design_1_i/clk_wiz_0/inst/clk_in1
    K17                  IBUF (Prop_ibuf_I_O)         1.421    82.801 r  design_1_i/clk_wiz_0/inst/clkin1_ibufg/O
                         net (fo=1, routed)           1.162    83.963    design_1_i/clk_wiz_0/inst/clk_in1_design_1_clk_wiz_0_0
    MMCME2_ADV_X0Y1      MMCME2_ADV (Prop_mmcme2_adv_CLKIN1_CLKOUT0)
                                                     -7.105    76.858 r  design_1_i/clk_wiz_0/inst/mmcm_adv_inst/CLKOUT0
                         net (fo=1, routed)           1.599    78.457    design_1_i/clk_wiz_0/inst/clk_out1_design_1_clk_wiz_0_0
    BUFGCTRL_X0Y16       BUFG (Prop_bufg_I_O)         0.091    78.548 r  design_1_i/clk_wiz_0/inst/clkout1_buf/O
                         net (fo=300, routed)         1.492    80.041    design_1_i/chorus_axi_wrapper_0/inst/chorus_internals/audio_clk
    SLICE_X24Y34         FDRE                                         r  design_1_i/chorus_axi_wrapper_0/inst/chorus_internals/delay_q_reg[22]/C
                         clock pessimism              0.487    80.528    <hidden>
                         clock uncertainty           -0.240    80.289    <hidden>
    SLICE_X24Y34         FDRE (Setup_fdre_C_R)       -0.726    79.563    design_1_i/chorus_axi_wrapper_0/inst/chorus_internals/delay_q_reg[22]
  -------------------------------------------------------------------
                         required time                         79.563    <hidden>
                         arrival time                         -16.132    <hidden>
  -------------------------------------------------------------------
                         slack                                 63.431    <hidden>

Slack (MET) :             63.431ns  (required time - arrival time)
  Source:                 design_1_i/chorus_axi_wrapper_0/inst/chorus_internals/depth_term__0/CLK
                            (rising edge-triggered cell DSP48E1 clocked by clk_out1_design_1_clk_wiz_0_0  {rise@0.000ns fall@40.690ns period=81.380ns})
  Destination:            design_1_i/chorus_axi_wrapper_0/inst/chorus_internals/delay_q_reg[25]/R
                            (rising edge-triggered cell FDRE clocked by clk_out1_design_1_clk_wiz_0_0  {rise@0.000ns fall@40.690ns period=81.380ns})
  Path Group:             clk_out1_design_1_clk_wiz_0_0
  Path Type:              Setup (Max at Slow Process Corner)
  Requirement:            81.380ns  (clk_out1_design_1_clk_wiz_0_0 rise@81.380ns - clk_out1_design_1_clk_wiz_0_0 rise@0.000ns)
  Data Path Delay:        16.727ns  (logic 10.226ns (61.133%)  route 6.501ns (38.867%))
  Logic Levels:           16  (CARRY4=11 DSP48E1=2 LUT2=2 LUT5=1)
  Clock Path Skew:        -0.256ns (DCD - SCD + CPR)
    Destination Clock Delay (DCD):    -1.339ns = ( 80.041 - 81.380 ) 
    Source Clock Delay      (SCD):    -0.596ns
    Clock Pessimism Removal (CPR):    0.487ns
  Clock Uncertainty:      0.240ns  ((TSJ^2 + DJ^2)^1/2) / 2 + PE
    Total System Jitter     (TSJ):    0.071ns
    Discrete Jitter          (DJ):    0.474ns
    Phase Error              (PE):    0.000ns

    Location             Delay type                Incr(ns)  Path(ns)    Netlist Resource(s)
  -------------------------------------------------------------------    -------------------
                         (clock clk_out1_design_1_clk_wiz_0_0 rise edge)
                                                      0.000     0.000 r  <hidden>
    K17                                               0.000     0.000 r  sys_clock
                         net (fo=0)                   0.000     0.000    design_1_i/clk_wiz_0/inst/clk_in1
    K17                  IBUF (Prop_ibuf_I_O)         1.492     1.492 r  design_1_i/clk_wiz_0/inst/clkin1_ibufg/O
                         net (fo=1, routed)           1.285     2.777    design_1_i/clk_wiz_0/inst/clk_in1_design_1_clk_wiz_0_0
    MMCME2_ADV_X0Y1      MMCME2_ADV (Prop_mmcme2_adv_CLKIN1_CLKOUT0)
                                                     -6.996    -4.219 r  design_1_i/clk_wiz_0/inst/mmcm_adv_inst/CLKOUT0
                         net (fo=1, routed)           1.760    -2.459    design_1_i/clk_wiz_0/inst/clk_out1_design_1_clk_wiz_0_0
    BUFGCTRL_X0Y16       BUFG (Prop_bufg_I_O)         0.101    -2.358 r  design_1_i/clk_wiz_0/inst/clkout1_buf/O
                         net (fo=300, routed)         1.763    -0.596    design_1_i/chorus_axi_wrapper_0/inst/chorus_internals/audio_clk
    DSP48_X0Y12          DSP48E1                                      r  design_1_i/chorus_axi_wrapper_0/inst/chorus_internals/depth_term__0/CLK
  -------------------------------------------------------------------    -------------------
    DSP48_X0Y12          DSP48E1 (Prop_dsp48e1_CLK_PCOUT[47])
                                                      3.879     3.283 r  design_1_i/chorus_axi_wrapper_0/inst/chorus_internals/depth_term__0/PCOUT[47]
                         net (fo=1, routed)           0.002     3.285    design_1_i/chorus_axi_wrapper_0/inst/chorus_internals/depth_term__0_n_106
    DSP48_X0Y13          DSP48E1 (Prop_dsp48e1_PCIN[47]_P[17])
                                                      1.518     4.803 r  design_1_i/chorus_axi_wrapper_0/inst/chorus_internals/depth_term__1/P[17]
                         net (fo=2, routed)           1.214     6.017    design_1_i/chorus_axi_wrapper_0/inst/chorus_internals/depth_term__1_n_88
    SLICE_X9Y29          LUT2 (Prop_lut2_I0_O)        0.124     6.141 r  design_1_i/chorus_axi_wrapper_0/inst/chorus_internals/delay_unclamped_i_37/O
                         net (fo=1, routed)           0.000     6.141    design_1_i/chorus_axi_wrapper_0/inst/chorus_internals/delay_unclamped_i_37_n_0
    SLICE_X9Y29          CARRY4 (Prop_carry4_S[1]_CO[3])
                                                      0.550     6.691 r  design_1_i/chorus_axi_wrapper_0/inst/chorus_internals/delay_unclamped_i_8/CO[3]
                         net (fo=1, routed)           0.000     6.691    design_1_i/chorus_axi_wrapper_0/inst/chorus_internals/delay_unclamped_i_8_n_0
    SLICE_X9Y30          CARRY4 (Prop_carry4_CI_CO[3])
                                                      0.114     6.805 r  design_1_i/chorus_axi_wrapper_0/inst/chorus_internals/delay_unclamped_i_7/CO[3]
                         net (fo=1, routed)           0.000     6.805    design_1_i/chorus_axi_wrapper_0/inst/chorus_internals/delay_unclamped_i_7_n_0
    SLICE_X9Y31          CARRY4 (Prop_carry4_CI_CO[3])
                                                      0.114     6.919 r  design_1_i/chorus_axi_wrapper_0/inst/chorus_internals/delay_unclamped_i_6/CO[3]
                         net (fo=1, routed)           0.000     6.919    design_1_i/chorus_axi_wrapper_0/inst/chorus_internals/delay_unclamped_i_6_n_0
    SLICE_X9Y32          CARRY4 (Prop_carry4_CI_CO[3])
                                                      0.114     7.033 r  design_1_i/chorus_axi_wrapper_0/inst/chorus_internals/delay_unclamped_i_5/CO[3]
                         net (fo=1, routed)           0.000     7.033    design_1_i/chorus_axi_wrapper_0/inst/chorus_internals/delay_unclamped_i_5_n_0
    SLICE_X9Y33          CARRY4 (Prop_carry4_CI_CO[3])
                                                      0.114     7.147 r  design_1_i/chorus_axi_wrapper_0/inst/chorus_internals/delay_unclamped_i_4/CO[3]
                         net (fo=1, routed)           0.000     7.147    design_1_i/chorus_axi_wrapper_0/inst/chorus_internals/delay_unclamped_i_4_n_0
    SLICE_X9Y34          CARRY4 (Prop_carry4_CI_CO[3])
                                                      0.114     7.261 r  design_1_i/chorus_axi_wrapper_0/inst/chorus_internals/delay_unclamped_i_3/CO[3]
                         net (fo=1, routed)           0.000     7.261    design_1_i/chorus_axi_wrapper_0/inst/chorus_internals/delay_unclamped_i_3_n_0
    SLICE_X9Y35          CARRY4 (Prop_carry4_CI_CO[3])
                                                      0.114     7.375 r  design_1_i/chorus_axi_wrapper_0/inst/chorus_internals/delay_unclamped_i_2/CO[3]
                         net (fo=1, routed)           0.000     7.375    design_1_i/chorus_axi_wrapper_0/inst/chorus_internals/delay_unclamped_i_2_n_0
    SLICE_X9Y36          CARRY4 (Prop_carry4_CI_O[1])
                                                      0.334     7.709 r  design_1_i/chorus_axi_wrapper_0/inst/chorus_internals/delay_unclamped_i_1/O[1]
                         net (fo=9, routed)           1.242     8.951    design_1_i/chorus_axi_wrapper_0/inst/chorus_internals/C[39]
    DSP48_X0Y14          DSP48E1 (Prop_dsp48e1_C[46]_P[24])
                                                      1.999    10.950 f  design_1_i/chorus_axi_wrapper_0/inst/chorus_internals/delay_unclamped/P[24]
                         net (fo=3, routed)           1.184    12.134    design_1_i/chorus_axi_wrapper_0/inst/chorus_internals/delay_unclamped__0[24]
    SLICE_X10Y36         LUT2 (Prop_lut2_I0_O)        0.124    12.258 r  design_1_i/chorus_axi_wrapper_0/inst/chorus_internals/i__carry_i_3__1/O
                         net (fo=1, routed)           0.000    12.258    design_1_i/chorus_axi_wrapper_0/inst/chorus_internals/i__carry_i_3__1_n_0
    SLICE_X10Y36         CARRY4 (Prop_carry4_S[2]_CO[3])
                                                      0.380    12.638 r  design_1_i/chorus_axi_wrapper_0/inst/chorus_internals/delay_q1_inferred__0/i__carry/CO[3]
                         net (fo=1, routed)           0.000    12.638    design_1_i/chorus_axi_wrapper_0/inst/chorus_internals/delay_q1_inferred__0/i__carry_n_0
    SLICE_X10Y37         CARRY4 (Prop_carry4_CI_CO[3])
                                                      0.117    12.755 r  design_1_i/chorus_axi_wrapper_0/inst/chorus_internals/delay_q1_inferred__0/i__carry__0/CO[3]
                         net (fo=1, routed)           0.000    12.755    design_1_i/chorus_axi_wrapper_0/inst/chorus_internals/delay_q1_inferred__0/i__carry__0_n_0
    SLICE_X10Y38         CARRY4 (Prop_carry4_CI_CO[1])
                                                      0.157    12.912 r  design_1_i/chorus_axi_wrapper_0/inst/chorus_internals/delay_q1_inferred__0/i__carry__1/CO[1]
                         net (fo=14, routed)          2.132    15.043    design_1_i/chorus_axi_wrapper_0/inst/chorus_internals/delay_q10_in
    SLICE_X26Y33         LUT5 (Prop_lut5_I0_O)        0.360    15.403 r  design_1_i/chorus_axi_wrapper_0/inst/chorus_internals/delay_q[30]_i_1/O
                         net (fo=22, routed)          0.728    16.132    design_1_i/chorus_axi_wrapper_0/inst/chorus_internals/delay_q[30]_i_1_n_0
    SLICE_X24Y34         FDRE                                         r  design_1_i/chorus_axi_wrapper_0/inst/chorus_internals/delay_q_reg[25]/R
  -------------------------------------------------------------------    -------------------

                         (clock clk_out1_design_1_clk_wiz_0_0 rise edge)
                                                     81.380    81.380 r  <hidden>
    K17                                               0.000    81.380 r  sys_clock
                         net (fo=0)                   0.000    81.380    design_1_i/clk_wiz_0/inst/clk_in1
    K17                  IBUF (Prop_ibuf_I_O)         1.421    82.801 r  design_1_i/clk_wiz_0/inst/clkin1_ibufg/O
                         net (fo=1, routed)           1.162    83.963    design_1_i/clk_wiz_0/inst/clk_in1_design_1_clk_wiz_0_0
    MMCME2_ADV_X0Y1      MMCME2_ADV (Prop_mmcme2_adv_CLKIN1_CLKOUT0)
                                                     -7.105    76.858 r  design_1_i/clk_wiz_0/inst/mmcm_adv_inst/CLKOUT0
                         net (fo=1, routed)           1.599    78.457    design_1_i/clk_wiz_0/inst/clk_out1_design_1_clk_wiz_0_0
    BUFGCTRL_X0Y16       BUFG (Prop_bufg_I_O)         0.091    78.548 r  design_1_i/clk_wiz_0/inst/clkout1_buf/O
                         net (fo=300, routed)         1.492    80.041    design_1_i/chorus_axi_wrapper_0/inst/chorus_internals/audio_clk
    SLICE_X24Y34         FDRE                                         r  design_1_i/chorus_axi_wrapper_0/inst/chorus_internals/delay_q_reg[25]/C
                         clock pessimism              0.487    80.528    <hidden>
                         clock uncertainty           -0.240    80.289    <hidden>
    SLICE_X24Y34         FDRE (Setup_fdre_C_R)       -0.726    79.563    design_1_i/chorus_axi_wrapper_0/inst/chorus_internals/delay_q_reg[25]
  -------------------------------------------------------------------
                         required time                         79.563    <hidden>
                         arrival time                         -16.132    <hidden>
  -------------------------------------------------------------------
                         slack                                 63.431    <hidden>

Slack (MET) :             63.431ns  (required time - arrival time)
  Source:                 design_1_i/chorus_axi_wrapper_0/inst/chorus_internals/depth_term__0/CLK
                            (rising edge-triggered cell DSP48E1 clocked by clk_out1_design_1_clk_wiz_0_0  {rise@0.000ns fall@40.690ns period=81.380ns})
  Destination:            design_1_i/chorus_axi_wrapper_0/inst/chorus_internals/delay_q_reg[26]/R
                            (rising edge-triggered cell FDRE clocked by clk_out1_design_1_clk_wiz_0_0  {rise@0.000ns fall@40.690ns period=81.380ns})
  Path Group:             clk_out1_design_1_clk_wiz_0_0
  Path Type:              Setup (Max at Slow Process Corner)
  Requirement:            81.380ns  (clk_out1_design_1_clk_wiz_0_0 rise@81.380ns - clk_out1_design_1_clk_wiz_0_0 rise@0.000ns)
  Data Path Delay:        16.727ns  (logic 10.226ns (61.133%)  route 6.501ns (38.867%))
  Logic Levels:           16  (CARRY4=11 DSP48E1=2 LUT2=2 LUT5=1)
  Clock Path Skew:        -0.256ns (DCD - SCD + CPR)
    Destination Clock Delay (DCD):    -1.339ns = ( 80.041 - 81.380 ) 
    Source Clock Delay      (SCD):    -0.596ns
    Clock Pessimism Removal (CPR):    0.487ns
  Clock Uncertainty:      0.240ns  ((TSJ^2 + DJ^2)^1/2) / 2 + PE
    Total System Jitter     (TSJ):    0.071ns
    Discrete Jitter          (DJ):    0.474ns
    Phase Error              (PE):    0.000ns

    Location             Delay type                Incr(ns)  Path(ns)    Netlist Resource(s)
  -------------------------------------------------------------------    -------------------
                         (clock clk_out1_design_1_clk_wiz_0_0 rise edge)
                                                      0.000     0.000 r  <hidden>
    K17                                               0.000     0.000 r  sys_clock
                         net (fo=0)                   0.000     0.000    design_1_i/clk_wiz_0/inst/clk_in1
    K17                  IBUF (Prop_ibuf_I_O)         1.492     1.492 r  design_1_i/clk_wiz_0/inst/clkin1_ibufg/O
                         net (fo=1, routed)           1.285     2.777    design_1_i/clk_wiz_0/inst/clk_in1_design_1_clk_wiz_0_0
    MMCME2_ADV_X0Y1      MMCME2_ADV (Prop_mmcme2_adv_CLKIN1_CLKOUT0)
                                                     -6.996    -4.219 r  design_1_i/clk_wiz_0/inst/mmcm_adv_inst/CLKOUT0
                         net (fo=1, routed)           1.760    -2.459    design_1_i/clk_wiz_0/inst/clk_out1_design_1_clk_wiz_0_0
    BUFGCTRL_X0Y16       BUFG (Prop_bufg_I_O)         0.101    -2.358 r  design_1_i/clk_wiz_0/inst/clkout1_buf/O
                         net (fo=300, routed)         1.763    -0.596    design_1_i/chorus_axi_wrapper_0/inst/chorus_internals/audio_clk
    DSP48_X0Y12          DSP48E1                                      r  design_1_i/chorus_axi_wrapper_0/inst/chorus_internals/depth_term__0/CLK
  -------------------------------------------------------------------    -------------------
    DSP48_X0Y12          DSP48E1 (Prop_dsp48e1_CLK_PCOUT[47])
                                                      3.879     3.283 r  design_1_i/chorus_axi_wrapper_0/inst/chorus_internals/depth_term__0/PCOUT[47]
                         net (fo=1, routed)           0.002     3.285    design_1_i/chorus_axi_wrapper_0/inst/chorus_internals/depth_term__0_n_106
    DSP48_X0Y13          DSP48E1 (Prop_dsp48e1_PCIN[47]_P[17])
                                                      1.518     4.803 r  design_1_i/chorus_axi_wrapper_0/inst/chorus_internals/depth_term__1/P[17]
                         net (fo=2, routed)           1.214     6.017    design_1_i/chorus_axi_wrapper_0/inst/chorus_internals/depth_term__1_n_88
    SLICE_X9Y29          LUT2 (Prop_lut2_I0_O)        0.124     6.141 r  design_1_i/chorus_axi_wrapper_0/inst/chorus_internals/delay_unclamped_i_37/O
                         net (fo=1, routed)           0.000     6.141    design_1_i/chorus_axi_wrapper_0/inst/chorus_internals/delay_unclamped_i_37_n_0
    SLICE_X9Y29          CARRY4 (Prop_carry4_S[1]_CO[3])
                                                      0.550     6.691 r  design_1_i/chorus_axi_wrapper_0/inst/chorus_internals/delay_unclamped_i_8/CO[3]
                         net (fo=1, routed)           0.000     6.691    design_1_i/chorus_axi_wrapper_0/inst/chorus_internals/delay_unclamped_i_8_n_0
    SLICE_X9Y30          CARRY4 (Prop_carry4_CI_CO[3])
                                                      0.114     6.805 r  design_1_i/chorus_axi_wrapper_0/inst/chorus_internals/delay_unclamped_i_7/CO[3]
                         net (fo=1, routed)           0.000     6.805    design_1_i/chorus_axi_wrapper_0/inst/chorus_internals/delay_unclamped_i_7_n_0
    SLICE_X9Y31          CARRY4 (Prop_carry4_CI_CO[3])
                                                      0.114     6.919 r  design_1_i/chorus_axi_wrapper_0/inst/chorus_internals/delay_unclamped_i_6/CO[3]
                         net (fo=1, routed)           0.000     6.919    design_1_i/chorus_axi_wrapper_0/inst/chorus_internals/delay_unclamped_i_6_n_0
    SLICE_X9Y32          CARRY4 (Prop_carry4_CI_CO[3])
                                                      0.114     7.033 r  design_1_i/chorus_axi_wrapper_0/inst/chorus_internals/delay_unclamped_i_5/CO[3]
                         net (fo=1, routed)           0.000     7.033    design_1_i/chorus_axi_wrapper_0/inst/chorus_internals/delay_unclamped_i_5_n_0
    SLICE_X9Y33          CARRY4 (Prop_carry4_CI_CO[3])
                                                      0.114     7.147 r  design_1_i/chorus_axi_wrapper_0/inst/chorus_internals/delay_unclamped_i_4/CO[3]
                         net (fo=1, routed)           0.000     7.147    design_1_i/chorus_axi_wrapper_0/inst/chorus_internals/delay_unclamped_i_4_n_0
    SLICE_X9Y34          CARRY4 (Prop_carry4_CI_CO[3])
                                                      0.114     7.261 r  design_1_i/chorus_axi_wrapper_0/inst/chorus_internals/delay_unclamped_i_3/CO[3]
                         net (fo=1, routed)           0.000     7.261    design_1_i/chorus_axi_wrapper_0/inst/chorus_internals/delay_unclamped_i_3_n_0
    SLICE_X9Y35          CARRY4 (Prop_carry4_CI_CO[3])
                                                      0.114     7.375 r  design_1_i/chorus_axi_wrapper_0/inst/chorus_internals/delay_unclamped_i_2/CO[3]
                         net (fo=1, routed)           0.000     7.375    design_1_i/chorus_axi_wrapper_0/inst/chorus_internals/delay_unclamped_i_2_n_0
    SLICE_X9Y36          CARRY4 (Prop_carry4_CI_O[1])
                                                      0.334     7.709 r  design_1_i/chorus_axi_wrapper_0/inst/chorus_internals/delay_unclamped_i_1/O[1]
                         net (fo=9, routed)           1.242     8.951    design_1_i/chorus_axi_wrapper_0/inst/chorus_internals/C[39]
    DSP48_X0Y14          DSP48E1 (Prop_dsp48e1_C[46]_P[24])
                                                      1.999    10.950 f  design_1_i/chorus_axi_wrapper_0/inst/chorus_internals/delay_unclamped/P[24]
                         net (fo=3, routed)           1.184    12.134    design_1_i/chorus_axi_wrapper_0/inst/chorus_internals/delay_unclamped__0[24]
    SLICE_X10Y36         LUT2 (Prop_lut2_I0_O)        0.124    12.258 r  design_1_i/chorus_axi_wrapper_0/inst/chorus_internals/i__carry_i_3__1/O
                         net (fo=1, routed)           0.000    12.258    design_1_i/chorus_axi_wrapper_0/inst/chorus_internals/i__carry_i_3__1_n_0
    SLICE_X10Y36         CARRY4 (Prop_carry4_S[2]_CO[3])
                                                      0.380    12.638 r  design_1_i/chorus_axi_wrapper_0/inst/chorus_internals/delay_q1_inferred__0/i__carry/CO[3]
                         net (fo=1, routed)           0.000    12.638    design_1_i/chorus_axi_wrapper_0/inst/chorus_internals/delay_q1_inferred__0/i__carry_n_0
    SLICE_X10Y37         CARRY4 (Prop_carry4_CI_CO[3])
                                                      0.117    12.755 r  design_1_i/chorus_axi_wrapper_0/inst/chorus_internals/delay_q1_inferred__0/i__carry__0/CO[3]
                         net (fo=1, routed)           0.000    12.755    design_1_i/chorus_axi_wrapper_0/inst/chorus_internals/delay_q1_inferred__0/i__carry__0_n_0
    SLICE_X10Y38         CARRY4 (Prop_carry4_CI_CO[1])
                                                      0.157    12.912 r  design_1_i/chorus_axi_wrapper_0/inst/chorus_internals/delay_q1_inferred__0/i__carry__1/CO[1]
                         net (fo=14, routed)          2.132    15.043    design_1_i/chorus_axi_wrapper_0/inst/chorus_internals/delay_q10_in
    SLICE_X26Y33         LUT5 (Prop_lut5_I0_O)        0.360    15.403 r  design_1_i/chorus_axi_wrapper_0/inst/chorus_internals/delay_q[30]_i_1/O
                         net (fo=22, routed)          0.728    16.132    design_1_i/chorus_axi_wrapper_0/inst/chorus_internals/delay_q[30]_i_1_n_0
    SLICE_X24Y34         FDRE                                         r  design_1_i/chorus_axi_wrapper_0/inst/chorus_internals/delay_q_reg[26]/R
  -------------------------------------------------------------------    -------------------

                         (clock clk_out1_design_1_clk_wiz_0_0 rise edge)
                                                     81.380    81.380 r  <hidden>
    K17                                               0.000    81.380 r  sys_clock
                         net (fo=0)                   0.000    81.380    design_1_i/clk_wiz_0/inst/clk_in1
    K17                  IBUF (Prop_ibuf_I_O)         1.421    82.801 r  design_1_i/clk_wiz_0/inst/clkin1_ibufg/O
                         net (fo=1, routed)           1.162    83.963    design_1_i/clk_wiz_0/inst/clk_in1_design_1_clk_wiz_0_0
    MMCME2_ADV_X0Y1      MMCME2_ADV (Prop_mmcme2_adv_CLKIN1_CLKOUT0)
                                                     -7.105    76.858 r  design_1_i/clk_wiz_0/inst/mmcm_adv_inst/CLKOUT0
                         net (fo=1, routed)           1.599    78.457    design_1_i/clk_wiz_0/inst/clk_out1_design_1_clk_wiz_0_0
    BUFGCTRL_X0Y16       BUFG (Prop_bufg_I_O)         0.091    78.548 r  design_1_i/clk_wiz_0/inst/clkout1_buf/O
                         net (fo=300, routed)         1.492    80.041    design_1_i/chorus_axi_wrapper_0/inst/chorus_internals/audio_clk
    SLICE_X24Y34         FDRE                                         r  design_1_i/chorus_axi_wrapper_0/inst/chorus_internals/delay_q_reg[26]/C
                         clock pessimism              0.487    80.528    <hidden>
                         clock uncertainty           -0.240    80.289    <hidden>
    SLICE_X24Y34         FDRE (Setup_fdre_C_R)       -0.726    79.563    design_1_i/chorus_axi_wrapper_0/inst/chorus_internals/delay_q_reg[26]
  -------------------------------------------------------------------
                         required time                         79.563    <hidden>
                         arrival time                         -16.132    <hidden>
  -------------------------------------------------------------------
                         slack                                 63.431    <hidden>

Slack (MET) :             63.460ns  (required time - arrival time)
  Source:                 design_1_i/chorus_axi_wrapper_0/inst/chorus_internals/depth_term__0/CLK
                            (rising edge-triggered cell DSP48E1 clocked by clk_out1_design_1_clk_wiz_0_0  {rise@0.000ns fall@40.690ns period=81.380ns})
  Destination:            design_1_i/chorus_axi_wrapper_0/inst/chorus_internals/delay_q_reg[14]/R
                            (rising edge-triggered cell FDRE clocked by clk_out1_design_1_clk_wiz_0_0  {rise@0.000ns fall@40.690ns period=81.380ns})
  Path Group:             clk_out1_design_1_clk_wiz_0_0
  Path Type:              Setup (Max at Slow Process Corner)
  Requirement:            81.380ns  (clk_out1_design_1_clk_wiz_0_0 rise@81.380ns - clk_out1_design_1_clk_wiz_0_0 rise@0.000ns)
  Data Path Delay:        16.800ns  (logic 10.226ns (60.869%)  route 6.574ns (39.131%))
  Logic Levels:           16  (CARRY4=11 DSP48E1=2 LUT2=2 LUT5=1)
  Clock Path Skew:        -0.250ns (DCD - SCD + CPR)
    Destination Clock Delay (DCD):    -1.333ns = ( 80.047 - 81.380 ) 
    Source Clock Delay      (SCD):    -0.596ns
    Clock Pessimism Removal (CPR):    0.487ns
  Clock Uncertainty:      0.240ns  ((TSJ^2 + DJ^2)^1/2) / 2 + PE
    Total System Jitter     (TSJ):    0.071ns
    Discrete Jitter          (DJ):    0.474ns
    Phase Error              (PE):    0.000ns

    Location             Delay type                Incr(ns)  Path(ns)    Netlist Resource(s)
  -------------------------------------------------------------------    -------------------
                         (clock clk_out1_design_1_clk_wiz_0_0 rise edge)
                                                      0.000     0.000 r  <hidden>
    K17                                               0.000     0.000 r  sys_clock
                         net (fo=0)                   0.000     0.000    design_1_i/clk_wiz_0/inst/clk_in1
    K17                  IBUF (Prop_ibuf_I_O)         1.492     1.492 r  design_1_i/clk_wiz_0/inst/clkin1_ibufg/O
                         net (fo=1, routed)           1.285     2.777    design_1_i/clk_wiz_0/inst/clk_in1_design_1_clk_wiz_0_0
    MMCME2_ADV_X0Y1      MMCME2_ADV (Prop_mmcme2_adv_CLKIN1_CLKOUT0)
                                                     -6.996    -4.219 r  design_1_i/clk_wiz_0/inst/mmcm_adv_inst/CLKOUT0
                         net (fo=1, routed)           1.760    -2.459    design_1_i/clk_wiz_0/inst/clk_out1_design_1_clk_wiz_0_0
    BUFGCTRL_X0Y16       BUFG (Prop_bufg_I_O)         0.101    -2.358 r  design_1_i/clk_wiz_0/inst/clkout1_buf/O
                         net (fo=300, routed)         1.763    -0.596    design_1_i/chorus_axi_wrapper_0/inst/chorus_internals/audio_clk
    DSP48_X0Y12          DSP48E1                                      r  design_1_i/chorus_axi_wrapper_0/inst/chorus_internals/depth_term__0/CLK
  -------------------------------------------------------------------    -------------------
    DSP48_X0Y12          DSP48E1 (Prop_dsp48e1_CLK_PCOUT[47])
                                                      3.879     3.283 r  design_1_i/chorus_axi_wrapper_0/inst/chorus_internals/depth_term__0/PCOUT[47]
                         net (fo=1, routed)           0.002     3.285    design_1_i/chorus_axi_wrapper_0/inst/chorus_internals/depth_term__0_n_106
    DSP48_X0Y13          DSP48E1 (Prop_dsp48e1_PCIN[47]_P[17])
                                                      1.518     4.803 r  design_1_i/chorus_axi_wrapper_0/inst/chorus_internals/depth_term__1/P[17]
                         net (fo=2, routed)           1.214     6.017    design_1_i/chorus_axi_wrapper_0/inst/chorus_internals/depth_term__1_n_88
    SLICE_X9Y29          LUT2 (Prop_lut2_I0_O)        0.124     6.141 r  design_1_i/chorus_axi_wrapper_0/inst/chorus_internals/delay_unclamped_i_37/O
                         net (fo=1, routed)           0.000     6.141    design_1_i/chorus_axi_wrapper_0/inst/chorus_internals/delay_unclamped_i_37_n_0
    SLICE_X9Y29          CARRY4 (Prop_carry4_S[1]_CO[3])
                                                      0.550     6.691 r  design_1_i/chorus_axi_wrapper_0/inst/chorus_internals/delay_unclamped_i_8/CO[3]
                         net (fo=1, routed)           0.000     6.691    design_1_i/chorus_axi_wrapper_0/inst/chorus_internals/delay_unclamped_i_8_n_0
    SLICE_X9Y30          CARRY4 (Prop_carry4_CI_CO[3])
                                                      0.114     6.805 r  design_1_i/chorus_axi_wrapper_0/inst/chorus_internals/delay_unclamped_i_7/CO[3]
                         net (fo=1, routed)           0.000     6.805    design_1_i/chorus_axi_wrapper_0/inst/chorus_internals/delay_unclamped_i_7_n_0
    SLICE_X9Y31          CARRY4 (Prop_carry4_CI_CO[3])
                                                      0.114     6.919 r  design_1_i/chorus_axi_wrapper_0/inst/chorus_internals/delay_unclamped_i_6/CO[3]
                         net (fo=1, routed)           0.000     6.919    design_1_i/chorus_axi_wrapper_0/inst/chorus_internals/delay_unclamped_i_6_n_0
    SLICE_X9Y32          CARRY4 (Prop_carry4_CI_CO[3])
                                                      0.114     7.033 r  design_1_i/chorus_axi_wrapper_0/inst/chorus_internals/delay_unclamped_i_5/CO[3]
                         net (fo=1, routed)           0.000     7.033    design_1_i/chorus_axi_wrapper_0/inst/chorus_internals/delay_unclamped_i_5_n_0
    SLICE_X9Y33          CARRY4 (Prop_carry4_CI_CO[3])
                                                      0.114     7.147 r  design_1_i/chorus_axi_wrapper_0/inst/chorus_internals/delay_unclamped_i_4/CO[3]
                         net (fo=1, routed)           0.000     7.147    design_1_i/chorus_axi_wrapper_0/inst/chorus_internals/delay_unclamped_i_4_n_0
    SLICE_X9Y34          CARRY4 (Prop_carry4_CI_CO[3])
                                                      0.114     7.261 r  design_1_i/chorus_axi_wrapper_0/inst/chorus_internals/delay_unclamped_i_3/CO[3]
                         net (fo=1, routed)           0.000     7.261    design_1_i/chorus_axi_wrapper_0/inst/chorus_internals/delay_unclamped_i_3_n_0
    SLICE_X9Y35          CARRY4 (Prop_carry4_CI_CO[3])
                                                      0.114     7.375 r  design_1_i/chorus_axi_wrapper_0/inst/chorus_internals/delay_unclamped_i_2/CO[3]
                         net (fo=1, routed)           0.000     7.375    design_1_i/chorus_axi_wrapper_0/inst/chorus_internals/delay_unclamped_i_2_n_0
    SLICE_X9Y36          CARRY4 (Prop_carry4_CI_O[1])
                                                      0.334     7.709 r  design_1_i/chorus_axi_wrapper_0/inst/chorus_internals/delay_unclamped_i_1/O[1]
                         net (fo=9, routed)           1.242     8.951    design_1_i/chorus_axi_wrapper_0/inst/chorus_internals/C[39]
    DSP48_X0Y14          DSP48E1 (Prop_dsp48e1_C[46]_P[24])
                                                      1.999    10.950 f  design_1_i/chorus_axi_wrapper_0/inst/chorus_internals/delay_unclamped/P[24]
                         net (fo=3, routed)           1.184    12.134    design_1_i/chorus_axi_wrapper_0/inst/chorus_internals/delay_unclamped__0[24]
    SLICE_X10Y36         LUT2 (Prop_lut2_I0_O)        0.124    12.258 r  design_1_i/chorus_axi_wrapper_0/inst/chorus_internals/i__carry_i_3__1/O
                         net (fo=1, routed)           0.000    12.258    design_1_i/chorus_axi_wrapper_0/inst/chorus_internals/i__carry_i_3__1_n_0
    SLICE_X10Y36         CARRY4 (Prop_carry4_S[2]_CO[3])
                                                      0.380    12.638 r  design_1_i/chorus_axi_wrapper_0/inst/chorus_internals/delay_q1_inferred__0/i__carry/CO[3]
                         net (fo=1, routed)           0.000    12.638    design_1_i/chorus_axi_wrapper_0/inst/chorus_internals/delay_q1_inferred__0/i__carry_n_0
    SLICE_X10Y37         CARRY4 (Prop_carry4_CI_CO[3])
                                                      0.117    12.755 r  design_1_i/chorus_axi_wrapper_0/inst/chorus_internals/delay_q1_inferred__0/i__carry__0/CO[3]
                         net (fo=1, routed)           0.000    12.755    design_1_i/chorus_axi_wrapper_0/inst/chorus_internals/delay_q1_inferred__0/i__carry__0_n_0
    SLICE_X10Y38         CARRY4 (Prop_carry4_CI_CO[1])
                                                      0.157    12.912 r  design_1_i/chorus_axi_wrapper_0/inst/chorus_internals/delay_q1_inferred__0/i__carry__1/CO[1]
                         net (fo=14, routed)          2.132    15.043    design_1_i/chorus_axi_wrapper_0/inst/chorus_internals/delay_q10_in
    SLICE_X26Y33         LUT5 (Prop_lut5_I0_O)        0.360    15.403 r  design_1_i/chorus_axi_wrapper_0/inst/chorus_internals/delay_q[30]_i_1/O
                         net (fo=22, routed)          0.801    16.204    design_1_i/chorus_axi_wrapper_0/inst/chorus_internals/delay_q[30]_i_1_n_0
    SLICE_X26Y37         FDRE                                         r  design_1_i/chorus_axi_wrapper_0/inst/chorus_internals/delay_q_reg[14]/R
  -------------------------------------------------------------------    -------------------

                         (clock clk_out1_design_1_clk_wiz_0_0 rise edge)
                                                     81.380    81.380 r  <hidden>
    K17                                               0.000    81.380 r  sys_clock
                         net (fo=0)                   0.000    81.380    design_1_i/clk_wiz_0/inst/clk_in1
    K17                  IBUF (Prop_ibuf_I_O)         1.421    82.801 r  design_1_i/clk_wiz_0/inst/clkin1_ibufg/O
                         net (fo=1, routed)           1.162    83.963    design_1_i/clk_wiz_0/inst/clk_in1_design_1_clk_wiz_0_0
    MMCME2_ADV_X0Y1      MMCME2_ADV (Prop_mmcme2_adv_CLKIN1_CLKOUT0)
                                                     -7.105    76.858 r  design_1_i/clk_wiz_0/inst/mmcm_adv_inst/CLKOUT0
                         net (fo=1, routed)           1.599    78.457    design_1_i/clk_wiz_0/inst/clk_out1_design_1_clk_wiz_0_0
    BUFGCTRL_X0Y16       BUFG (Prop_bufg_I_O)         0.091    78.548 r  design_1_i/clk_wiz_0/inst/clkout1_buf/O
                         net (fo=300, routed)         1.498    80.047    design_1_i/chorus_axi_wrapper_0/inst/chorus_internals/audio_clk
    SLICE_X26Y37         FDRE                                         r  design_1_i/chorus_axi_wrapper_0/inst/chorus_internals/delay_q_reg[14]/C
                         clock pessimism              0.487    80.534    <hidden>
                         clock uncertainty           -0.240    80.295    <hidden>
    SLICE_X26Y37         FDRE (Setup_fdre_C_R)       -0.631    79.664    design_1_i/chorus_axi_wrapper_0/inst/chorus_internals/delay_q_reg[14]
  -------------------------------------------------------------------
                         required time                         79.664    <hidden>
                         arrival time                         -16.204    <hidden>
  -------------------------------------------------------------------
                         slack                                 63.460    <hidden>





Min Delay Paths
--------------------------------------------------------------------------------------
Slack (MET) :             0.056ns  (arrival time - required time)
  Source:                 design_1_i/chorus_axi_wrapper_0/inst/chorus_internals/sample_x_reg[2]/C
                            (rising edge-triggered cell FDRE clocked by clk_out1_design_1_clk_wiz_0_0  {rise@0.000ns fall@40.690ns period=81.380ns})
  Destination:            design_1_i/chorus_axi_wrapper_0/inst/chorus_internals/sample_buf_reg_0/DIADI[2]
                            (rising edge-triggered cell RAMB36E1 clocked by clk_out1_design_1_clk_wiz_0_0  {rise@0.000ns fall@40.690ns period=81.380ns})
  Path Group:             clk_out1_design_1_clk_wiz_0_0
  Path Type:              Hold (Min at Fast Process Corner)
  Requirement:            0.000ns  (clk_out1_design_1_clk_wiz_0_0 rise@0.000ns - clk_out1_design_1_clk_wiz_0_0 rise@0.000ns)
  Data Path Delay:        0.289ns  (logic 0.164ns (56.737%)  route 0.125ns (43.263%))
  Logic Levels:           0  
  Clock Path Skew:        0.078ns (DCD - SCD - CPR)
    Destination Clock Delay (DCD):    -0.694ns
    Source Clock Delay      (SCD):    -0.503ns
    Clock Pessimism Removal (CPR):    -0.269ns

    Location             Delay type                Incr(ns)  Path(ns)    Netlist Resource(s)
  -------------------------------------------------------------------    -------------------
                         (clock clk_out1_design_1_clk_wiz_0_0 rise edge)
                                                      0.000     0.000 r  <hidden>
    K17                                               0.000     0.000 r  sys_clock
                         net (fo=0)                   0.000     0.000    design_1_i/clk_wiz_0/inst/clk_in1
    K17                  IBUF (Prop_ibuf_I_O)         0.259     0.259 r  design_1_i/clk_wiz_0/inst/clkin1_ibufg/O
                         net (fo=1, routed)           0.440     0.700    design_1_i/clk_wiz_0/inst/clk_in1_design_1_clk_wiz_0_0
    MMCME2_ADV_X0Y1      MMCME2_ADV (Prop_mmcme2_adv_CLKIN1_CLKOUT0)
                                                     -2.268    -1.568 r  design_1_i/clk_wiz_0/inst/mmcm_adv_inst/CLKOUT0
                         net (fo=1, routed)           0.482    -1.086    design_1_i/clk_wiz_0/inst/clk_out1_design_1_clk_wiz_0_0
    BUFGCTRL_X0Y16       BUFG (Prop_bufg_I_O)         0.026    -1.060 r  design_1_i/clk_wiz_0/inst/clkout1_buf/O
                         net (fo=300, routed)         0.557    -0.503    design_1_i/chorus_axi_wrapper_0/inst/chorus_internals/audio_clk
    SLICE_X28Y30         FDRE                                         r  design_1_i/chorus_axi_wrapper_0/inst/chorus_internals/sample_x_reg[2]/C
  -------------------------------------------------------------------    -------------------
    SLICE_X28Y30         FDRE (Prop_fdre_C_Q)         0.164    -0.339 r  design_1_i/chorus_axi_wrapper_0/inst/chorus_internals/sample_x_reg[2]/Q
                         net (fo=1, routed)           0.125    -0.214    design_1_i/chorus_axi_wrapper_0/inst/chorus_internals/sample_x[2]
    RAMB36_X1Y6          RAMB36E1                                     r  design_1_i/chorus_axi_wrapper_0/inst/chorus_internals/sample_buf_reg_0/DIADI[2]
  -------------------------------------------------------------------    -------------------

                         (clock clk_out1_design_1_clk_wiz_0_0 rise edge)
                                                      0.000     0.000 r  <hidden>
    K17                                               0.000     0.000 r  sys_clock
                         net (fo=0)                   0.000     0.000    design_1_i/clk_wiz_0/inst/clk_in1
    K17                  IBUF (Prop_ibuf_I_O)         0.447     0.447 r  design_1_i/clk_wiz_0/inst/clkin1_ibufg/O
                         net (fo=1, routed)           0.480     0.927    design_1_i/clk_wiz_0/inst/clk_in1_design_1_clk_wiz_0_0
    MMCME2_ADV_X0Y1      MMCME2_ADV (Prop_mmcme2_adv_CLKIN1_CLKOUT0)
                                                     -3.047    -2.120 r  design_1_i/clk_wiz_0/inst/mmcm_adv_inst/CLKOUT0
                         net (fo=1, routed)           0.528    -1.592    design_1_i/clk_wiz_0/inst/clk_out1_design_1_clk_wiz_0_0
    BUFGCTRL_X0Y16       BUFG (Prop_bufg_I_O)         0.029    -1.563 r  design_1_i/clk_wiz_0/inst/clkout1_buf/O
                         net (fo=300, routed)         0.868    -0.694    design_1_i/chorus_axi_wrapper_0/inst/chorus_internals/audio_clk
    RAMB36_X1Y6          RAMB36E1                                     r  design_1_i/chorus_axi_wrapper_0/inst/chorus_internals/sample_buf_reg_0/CLKARDCLK
                         clock pessimism              0.269    -0.425    <hidden>
    RAMB36_X1Y6          RAMB36E1 (Hold_ramb36e1_CLKARDCLK_DIADI[2])
                                                      0.155    -0.270    design_1_i/chorus_axi_wrapper_0/inst/chorus_internals/sample_buf_reg_0
  -------------------------------------------------------------------
                         required time                          0.270    <hidden>
                         arrival time                          -0.214    <hidden>
  -------------------------------------------------------------------
                         slack                                  0.056    <hidden>

Slack (MET) :             0.061ns  (arrival time - required time)
  Source:                 design_1_i/chorus_axi_wrapper_0/inst/chorus_internals/rd_addr_reg[7]/C
                            (rising edge-triggered cell FDRE clocked by clk_out1_design_1_clk_wiz_0_0  {rise@0.000ns fall@40.690ns period=81.380ns})
  Destination:            design_1_i/chorus_axi_wrapper_0/inst/chorus_internals/sample_buf_reg_0/ADDRBWRADDR[11]
                            (rising edge-triggered cell RAMB36E1 clocked by clk_out1_design_1_clk_wiz_0_0  {rise@0.000ns fall@40.690ns period=81.380ns})
  Path Group:             clk_out1_design_1_clk_wiz_0_0
  Path Type:              Hold (Min at Fast Process Corner)
  Requirement:            0.000ns  (clk_out1_design_1_clk_wiz_0_0 rise@0.000ns - clk_out1_design_1_clk_wiz_0_0 rise@0.000ns)
  Data Path Delay:        0.302ns  (logic 0.141ns (46.695%)  route 0.161ns (53.305%))
  Logic Levels:           0  
  Clock Path Skew:        0.057ns (DCD - SCD - CPR)
    Destination Clock Delay (DCD):    -0.696ns
    Source Clock Delay      (SCD):    -0.503ns
    Clock Pessimism Removal (CPR):    -0.250ns

    Location             Delay type                Incr(ns)  Path(ns)    Netlist Resource(s)
  -------------------------------------------------------------------    -------------------
                         (clock clk_out1_design_1_clk_wiz_0_0 rise edge)
                                                      0.000     0.000 r  <hidden>
    K17                                               0.000     0.000 r  sys_clock
                         net (fo=0)                   0.000     0.000    design_1_i/clk_wiz_0/inst/clk_in1
    K17                  IBUF (Prop_ibuf_I_O)         0.259     0.259 r  design_1_i/clk_wiz_0/inst/clkin1_ibufg/O
                         net (fo=1, routed)           0.440     0.700    design_1_i/clk_wiz_0/inst/clk_in1_design_1_clk_wiz_0_0
    MMCME2_ADV_X0Y1      MMCME2_ADV (Prop_mmcme2_adv_CLKIN1_CLKOUT0)
                                                     -2.268    -1.568 r  design_1_i/clk_wiz_0/inst/mmcm_adv_inst/CLKOUT0
                         net (fo=1, routed)           0.482    -1.086    design_1_i/clk_wiz_0/inst/clk_out1_design_1_clk_wiz_0_0
    BUFGCTRL_X0Y16       BUFG (Prop_bufg_I_O)         0.026    -1.060 r  design_1_i/clk_wiz_0/inst/clkout1_buf/O
                         net (fo=300, routed)         0.557    -0.503    design_1_i/chorus_axi_wrapper_0/inst/chorus_internals/audio_clk
    SLICE_X26Y30         FDRE                                         r  design_1_i/chorus_axi_wrapper_0/inst/chorus_internals/rd_addr_reg[7]/C
  -------------------------------------------------------------------    -------------------
    SLICE_X26Y30         FDRE (Prop_fdre_C_Q)         0.141    -0.362 r  design_1_i/chorus_axi_wrapper_0/inst/chorus_internals/rd_addr_reg[7]/Q
                         net (fo=2, routed)           0.161    -0.201    design_1_i/chorus_axi_wrapper_0/inst/chorus_internals/rd_addr[7]
    RAMB36_X1Y6          RAMB36E1                                     r  design_1_i/chorus_axi_wrapper_0/inst/chorus_internals/sample_buf_reg_0/ADDRBWRADDR[11]
  -------------------------------------------------------------------    -------------------

                         (clock clk_out1_design_1_clk_wiz_0_0 rise edge)
                                                      0.000     0.000 r  <hidden>
    K17                                               0.000     0.000 r  sys_clock
                         net (fo=0)                   0.000     0.000    design_1_i/clk_wiz_0/inst/clk_in1
    K17                  IBUF (Prop_ibuf_I_O)         0.447     0.447 r  design_1_i/clk_wiz_0/inst/clkin1_ibufg/O
                         net (fo=1, routed)           0.480     0.927    design_1_i/clk_wiz_0/inst/clk_in1_design_1_clk_wiz_0_0
    MMCME2_ADV_X0Y1      MMCME2_ADV (Prop_mmcme2_adv_CLKIN1_CLKOUT0)
                                                     -3.047    -2.120 r  design_1_i/clk_wiz_0/inst/mmcm_adv_inst/CLKOUT0
                         net (fo=1, routed)           0.528    -1.592    design_1_i/clk_wiz_0/inst/clk_out1_design_1_clk_wiz_0_0
    BUFGCTRL_X0Y16       BUFG (Prop_bufg_I_O)         0.029    -1.563 r  design_1_i/clk_wiz_0/inst/clkout1_buf/O
                         net (fo=300, routed)         0.866    -0.696    design_1_i/chorus_axi_wrapper_0/inst/chorus_internals/audio_clk
    RAMB36_X1Y6          RAMB36E1                                     r  design_1_i/chorus_axi_wrapper_0/inst/chorus_internals/sample_buf_reg_0/CLKBWRCLK
                         clock pessimism              0.250    -0.446    <hidden>
    RAMB36_X1Y6          RAMB36E1 (Hold_ramb36e1_CLKBWRCLK_ADDRBWRADDR[11])
                                                      0.183    -0.263    design_1_i/chorus_axi_wrapper_0/inst/chorus_internals/sample_buf_reg_0
  -------------------------------------------------------------------
                         required time                          0.263    <hidden>
                         arrival time                          -0.201    <hidden>
  -------------------------------------------------------------------
                         slack                                  0.061    <hidden>

Slack (MET) :             0.073ns  (arrival time - required time)
  Source:                 design_1_i/chorus_axi_wrapper_0/inst/chorus_internals/sample_x_reg[16]/C
                            (rising edge-triggered cell FDRE clocked by clk_out1_design_1_clk_wiz_0_0  {rise@0.000ns fall@40.690ns period=81.380ns})
  Destination:            design_1_i/chorus_axi_wrapper_0/inst/chorus_internals/sample_buf_reg_0/DIPADIP[0]
                            (rising edge-triggered cell RAMB36E1 clocked by clk_out1_design_1_clk_wiz_0_0  {rise@0.000ns fall@40.690ns period=81.380ns})
  Path Group:             clk_out1_design_1_clk_wiz_0_0
  Path Type:              Hold (Min at Fast Process Corner)
  Requirement:            0.000ns  (clk_out1_design_1_clk_wiz_0_0 rise@0.000ns - clk_out1_design_1_clk_wiz_0_0 rise@0.000ns)
  Data Path Delay:        0.285ns  (logic 0.141ns (49.440%)  route 0.144ns (50.560%))
  Logic Levels:           0  
  Clock Path Skew:        0.057ns (DCD - SCD - CPR)
    Destination Clock Delay (DCD):    -0.694ns
    Source Clock Delay      (SCD):    -0.501ns
    Clock Pessimism Removal (CPR):    -0.250ns

    Location             Delay type                Incr(ns)  Path(ns)    Netlist Resource(s)
  -------------------------------------------------------------------    -------------------
                         (clock clk_out1_design_1_clk_wiz_0_0 rise edge)
                                                      0.000     0.000 r  <hidden>
    K17                                               0.000     0.000 r  sys_clock
                         net (fo=0)                   0.000     0.000    design_1_i/clk_wiz_0/inst/clk_in1
    K17                  IBUF (Prop_ibuf_I_O)         0.259     0.259 r  design_1_i/clk_wiz_0/inst/clkin1_ibufg/O
                         net (fo=1, routed)           0.440     0.700    design_1_i/clk_wiz_0/inst/clk_in1_design_1_clk_wiz_0_0
    MMCME2_ADV_X0Y1      MMCME2_ADV (Prop_mmcme2_adv_CLKIN1_CLKOUT0)
                                                     -2.268    -1.568 r  design_1_i/clk_wiz_0/inst/mmcm_adv_inst/CLKOUT0
                         net (fo=1, routed)           0.482    -1.086    design_1_i/clk_wiz_0/inst/clk_out1_design_1_clk_wiz_0_0
    BUFGCTRL_X0Y16       BUFG (Prop_bufg_I_O)         0.026    -1.060 r  design_1_i/clk_wiz_0/inst/clkout1_buf/O
                         net (fo=300, routed)         0.559    -0.501    design_1_i/chorus_axi_wrapper_0/inst/chorus_internals/audio_clk
    SLICE_X26Y32         FDRE                                         r  design_1_i/chorus_axi_wrapper_0/inst/chorus_internals/sample_x_reg[16]/C
  -------------------------------------------------------------------    -------------------
    SLICE_X26Y32         FDRE (Prop_fdre_C_Q)         0.141    -0.360 r  design_1_i/chorus_axi_wrapper_0/inst/chorus_internals/sample_x_reg[16]/Q
                         net (fo=1, routed)           0.144    -0.216    design_1_i/chorus_axi_wrapper_0/inst/chorus_internals/sample_x[16]
    RAMB36_X1Y6          RAMB36E1                                     r  design_1_i/chorus_axi_wrapper_0/inst/chorus_internals/sample_buf_reg_0/DIPADIP[0]
  -------------------------------------------------------------------    -------------------

                         (clock clk_out1_design_1_clk_wiz_0_0 rise edge)
                                                      0.000     0.000 r  <hidden>
    K17                                               0.000     0.000 r  sys_clock
                         net (fo=0)                   0.000     0.000    design_1_i/clk_wiz_0/inst/clk_in1
    K17                  IBUF (Prop_ibuf_I_O)         0.447     0.447 r  design_1_i/clk_wiz_0/inst/clkin1_ibufg/O
                         net (fo=1, routed)           0.480     0.927    design_1_i/clk_wiz_0/inst/clk_in1_design_1_clk_wiz_0_0
    MMCME2_ADV_X0Y1      MMCME2_ADV (Prop_mmcme2_adv_CLKIN1_CLKOUT0)
                                                     -3.047    -2.120 r  design_1_i/clk_wiz_0/inst/mmcm_adv_inst/CLKOUT0
                         net (fo=1, routed)           0.528    -1.592    design_1_i/clk_wiz_0/inst/clk_out1_design_1_clk_wiz_0_0
    BUFGCTRL_X0Y16       BUFG (Prop_bufg_I_O)         0.029    -1.563 r  design_1_i/clk_wiz_0/inst/clkout1_buf/O
                         net (fo=300, routed)         0.868    -0.694    design_1_i/chorus_axi_wrapper_0/inst/chorus_internals/audio_clk
    RAMB36_X1Y6          RAMB36E1                                     r  design_1_i/chorus_axi_wrapper_0/inst/chorus_internals/sample_buf_reg_0/CLKARDCLK
                         clock pessimism              0.250    -0.444    <hidden>
    RAMB36_X1Y6          RAMB36E1 (Hold_ramb36e1_CLKARDCLK_DIPADIP[0])
                                                      0.155    -0.289    design_1_i/chorus_axi_wrapper_0/inst/chorus_internals/sample_buf_reg_0
  -------------------------------------------------------------------
                         required time                          0.289    <hidden>
                         arrival time                          -0.216    <hidden>
  -------------------------------------------------------------------
                         slack                                  0.073    <hidden>

Slack (MET) :             0.091ns  (arrival time - required time)
  Source:                 design_1_i/chorus_axi_wrapper_0/inst/chorus_internals/sample_x_reg[3]/C
                            (rising edge-triggered cell FDRE clocked by clk_out1_design_1_clk_wiz_0_0  {rise@0.000ns fall@40.690ns period=81.380ns})
  Destination:            design_1_i/chorus_axi_wrapper_0/inst/chorus_internals/sample_buf_reg_0/DIADI[3]
                            (rising edge-triggered cell RAMB36E1 clocked by clk_out1_design_1_clk_wiz_0_0  {rise@0.000ns fall@40.690ns period=81.380ns})
  Path Group:             clk_out1_design_1_clk_wiz_0_0
  Path Type:              Hold (Min at Fast Process Corner)
  Requirement:            0.000ns  (clk_out1_design_1_clk_wiz_0_0 rise@0.000ns - clk_out1_design_1_clk_wiz_0_0 rise@0.000ns)
  Data Path Delay:        0.304ns  (logic 0.141ns (46.456%)  route 0.163ns (53.544%))
  Logic Levels:           0  
  Clock Path Skew:        0.057ns (DCD - SCD - CPR)
    Destination Clock Delay (DCD):    -0.694ns
    Source Clock Delay      (SCD):    -0.501ns
    Clock Pessimism Removal (CPR):    -0.250ns

    Location             Delay type                Incr(ns)  Path(ns)    Netlist Resource(s)
  -------------------------------------------------------------------    -------------------
                         (clock clk_out1_design_1_clk_wiz_0_0 rise edge)
                                                      0.000     0.000 r  <hidden>
    K17                                               0.000     0.000 r  sys_clock
                         net (fo=0)                   0.000     0.000    design_1_i/clk_wiz_0/inst/clk_in1
    K17                  IBUF (Prop_ibuf_I_O)         0.259     0.259 r  design_1_i/clk_wiz_0/inst/clkin1_ibufg/O
                         net (fo=1, routed)           0.440     0.700    design_1_i/clk_wiz_0/inst/clk_in1_design_1_clk_wiz_0_0
    MMCME2_ADV_X0Y1      MMCME2_ADV (Prop_mmcme2_adv_CLKIN1_CLKOUT0)
                                                     -2.268    -1.568 r  design_1_i/clk_wiz_0/inst/mmcm_adv_inst/CLKOUT0
                         net (fo=1, routed)           0.482    -1.086    design_1_i/clk_wiz_0/inst/clk_out1_design_1_clk_wiz_0_0
    BUFGCTRL_X0Y16       BUFG (Prop_bufg_I_O)         0.026    -1.060 r  design_1_i/clk_wiz_0/inst/clkout1_buf/O
                         net (fo=300, routed)         0.559    -0.501    design_1_i/chorus_axi_wrapper_0/inst/chorus_internals/audio_clk
    SLICE_X26Y32         FDRE                                         r  design_1_i/chorus_axi_wrapper_0/inst/chorus_internals/sample_x_reg[3]/C
  -------------------------------------------------------------------    -------------------
    SLICE_X26Y32         FDRE (Prop_fdre_C_Q)         0.141    -0.360 r  design_1_i/chorus_axi_wrapper_0/inst/chorus_internals/sample_x_reg[3]/Q
                         net (fo=1, routed)           0.163    -0.198    design_1_i/chorus_axi_wrapper_0/inst/chorus_internals/sample_x[3]
    RAMB36_X1Y6          RAMB36E1                                     r  design_1_i/chorus_axi_wrapper_0/inst/chorus_internals/sample_buf_reg_0/DIADI[3]
  -------------------------------------------------------------------    -------------------

                         (clock clk_out1_design_1_clk_wiz_0_0 rise edge)
                                                      0.000     0.000 r  <hidden>
    K17                                               0.000     0.000 r  sys_clock
                         net (fo=0)                   0.000     0.000    design_1_i/clk_wiz_0/inst/clk_in1
    K17                  IBUF (Prop_ibuf_I_O)         0.447     0.447 r  design_1_i/clk_wiz_0/inst/clkin1_ibufg/O
                         net (fo=1, routed)           0.480     0.927    design_1_i/clk_wiz_0/inst/clk_in1_design_1_clk_wiz_0_0
    MMCME2_ADV_X0Y1      MMCME2_ADV (Prop_mmcme2_adv_CLKIN1_CLKOUT0)
                                                     -3.047    -2.120 r  design_1_i/clk_wiz_0/inst/mmcm_adv_inst/CLKOUT0
                         net (fo=1, routed)           0.528    -1.592    design_1_i/clk_wiz_0/inst/clk_out1_design_1_clk_wiz_0_0
    BUFGCTRL_X0Y16       BUFG (Prop_bufg_I_O)         0.029    -1.563 r  design_1_i/clk_wiz_0/inst/clkout1_buf/O
                         net (fo=300, routed)         0.868    -0.694    design_1_i/chorus_axi_wrapper_0/inst/chorus_internals/audio_clk
    RAMB36_X1Y6          RAMB36E1                                     r  design_1_i/chorus_axi_wrapper_0/inst/chorus_internals/sample_buf_reg_0/CLKARDCLK
                         clock pessimism              0.250    -0.444    <hidden>
    RAMB36_X1Y6          RAMB36E1 (Hold_ramb36e1_CLKARDCLK_DIADI[3])
                                                      0.155    -0.289    design_1_i/chorus_axi_wrapper_0/inst/chorus_internals/sample_buf_reg_0
  -------------------------------------------------------------------
                         required time                          0.289    <hidden>
                         arrival time                          -0.198    <hidden>
  -------------------------------------------------------------------
                         slack                                  0.091    <hidden>

Slack (MET) :             0.092ns  (arrival time - required time)
  Source:                 design_1_i/chorus_axi_wrapper_0/inst/chorus_internals/sample_x_reg[7]/C
                            (rising edge-triggered cell FDRE clocked by clk_out1_design_1_clk_wiz_0_0  {rise@0.000ns fall@40.690ns period=81.380ns})
  Destination:            design_1_i/chorus_axi_wrapper_0/inst/chorus_internals/sample_buf_reg_0/DIADI[7]
                            (rising edge-triggered cell RAMB36E1 clocked by clk_out1_design_1_clk_wiz_0_0  {rise@0.000ns fall@40.690ns period=81.380ns})
  Path Group:             clk_out1_design_1_clk_wiz_0_0
  Path Type:              Hold (Min at Fast Process Corner)
  Requirement:            0.000ns  (clk_out1_design_1_clk_wiz_0_0 rise@0.000ns - clk_out1_design_1_clk_wiz_0_0 rise@0.000ns)
  Data Path Delay:        0.305ns  (logic 0.141ns (46.303%)  route 0.164ns (53.697%))
  Logic Levels:           0  
  Clock Path Skew:        0.057ns (DCD - SCD - CPR)
    Destination Clock Delay (DCD):    -0.694ns
    Source Clock Delay      (SCD):    -0.501ns
    Clock Pessimism Removal (CPR):    -0.250ns

    Location             Delay type                Incr(ns)  Path(ns)    Netlist Resource(s)
  -------------------------------------------------------------------    -------------------
                         (clock clk_out1_design_1_clk_wiz_0_0 rise edge)
                                                      0.000     0.000 r  <hidden>
    K17                                               0.000     0.000 r  sys_clock
                         net (fo=0)                   0.000     0.000    design_1_i/clk_wiz_0/inst/clk_in1
    K17                  IBUF (Prop_ibuf_I_O)         0.259     0.259 r  design_1_i/clk_wiz_0/inst/clkin1_ibufg/O
                         net (fo=1, routed)           0.440     0.700    design_1_i/clk_wiz_0/inst/clk_in1_design_1_clk_wiz_0_0
    MMCME2_ADV_X0Y1      MMCME2_ADV (Prop_mmcme2_adv_CLKIN1_CLKOUT0)
                                                     -2.268    -1.568 r  design_1_i/clk_wiz_0/inst/mmcm_adv_inst/CLKOUT0
                         net (fo=1, routed)           0.482    -1.086    design_1_i/clk_wiz_0/inst/clk_out1_design_1_clk_wiz_0_0
    BUFGCTRL_X0Y16       BUFG (Prop_bufg_I_O)         0.026    -1.060 r  design_1_i/clk_wiz_0/inst/clkout1_buf/O
                         net (fo=300, routed)         0.559    -0.501    design_1_i/chorus_axi_wrapper_0/inst/chorus_internals/audio_clk
    SLICE_X26Y32         FDRE                                         r  design_1_i/chorus_axi_wrapper_0/inst/chorus_internals/sample_x_reg[7]/C
  -------------------------------------------------------------------    -------------------
    SLICE_X26Y32         FDRE (Prop_fdre_C_Q)         0.141    -0.360 r  design_1_i/chorus_axi_wrapper_0/inst/chorus_internals/sample_x_reg[7]/Q
                         net (fo=1, routed)           0.164    -0.197    design_1_i/chorus_axi_wrapper_0/inst/chorus_internals/sample_x[7]
    RAMB36_X1Y6          RAMB36E1                                     r  design_1_i/chorus_axi_wrapper_0/inst/chorus_internals/sample_buf_reg_0/DIADI[7]
  -------------------------------------------------------------------    -------------------

                         (clock clk_out1_design_1_clk_wiz_0_0 rise edge)
                                                      0.000     0.000 r  <hidden>
    K17                                               0.000     0.000 r  sys_clock
                         net (fo=0)                   0.000     0.000    design_1_i/clk_wiz_0/inst/clk_in1
    K17                  IBUF (Prop_ibuf_I_O)         0.447     0.447 r  design_1_i/clk_wiz_0/inst/clkin1_ibufg/O
                         net (fo=1, routed)           0.480     0.927    design_1_i/clk_wiz_0/inst/clk_in1_design_1_clk_wiz_0_0
    MMCME2_ADV_X0Y1      MMCME2_ADV (Prop_mmcme2_adv_CLKIN1_CLKOUT0)
                                                     -3.047    -2.120 r  design_1_i/clk_wiz_0/inst/mmcm_adv_inst/CLKOUT0
                         net (fo=1, routed)           0.528    -1.592    design_1_i/clk_wiz_0/inst/clk_out1_design_1_clk_wiz_0_0
    BUFGCTRL_X0Y16       BUFG (Prop_bufg_I_O)         0.029    -1.563 r  design_1_i/clk_wiz_0/inst/clkout1_buf/O
                         net (fo=300, routed)         0.868    -0.694    design_1_i/chorus_axi_wrapper_0/inst/chorus_internals/audio_clk
    RAMB36_X1Y6          RAMB36E1                                     r  design_1_i/chorus_axi_wrapper_0/inst/chorus_internals/sample_buf_reg_0/CLKARDCLK
                         clock pessimism              0.250    -0.444    <hidden>
    RAMB36_X1Y6          RAMB36E1 (Hold_ramb36e1_CLKARDCLK_DIADI[7])
                                                      0.155    -0.289    design_1_i/chorus_axi_wrapper_0/inst/chorus_internals/sample_buf_reg_0
  -------------------------------------------------------------------
                         required time                          0.289    <hidden>
                         arrival time                          -0.197    <hidden>
  -------------------------------------------------------------------
                         slack                                  0.092    <hidden>

Slack (MET) :             0.092ns  (arrival time - required time)
  Source:                 design_1_i/chorus_axi_wrapper_0/inst/chorus_internals/sample_x_reg[5]/C
                            (rising edge-triggered cell FDRE clocked by clk_out1_design_1_clk_wiz_0_0  {rise@0.000ns fall@40.690ns period=81.380ns})
  Destination:            design_1_i/chorus_axi_wrapper_0/inst/chorus_internals/sample_buf_reg_0/DIADI[5]
                            (rising edge-triggered cell RAMB36E1 clocked by clk_out1_design_1_clk_wiz_0_0  {rise@0.000ns fall@40.690ns period=81.380ns})
  Path Group:             clk_out1_design_1_clk_wiz_0_0
  Path Type:              Hold (Min at Fast Process Corner)
  Requirement:            0.000ns  (clk_out1_design_1_clk_wiz_0_0 rise@0.000ns - clk_out1_design_1_clk_wiz_0_0 rise@0.000ns)
  Data Path Delay:        0.305ns  (logic 0.141ns (46.299%)  route 0.164ns (53.701%))
  Logic Levels:           0  
  Clock Path Skew:        0.057ns (DCD - SCD - CPR)
    Destination Clock Delay (DCD):    -0.694ns
    Source Clock Delay      (SCD):    -0.501ns
    Clock Pessimism Removal (CPR):    -0.250ns

    Location             Delay type                Incr(ns)  Path(ns)    Netlist Resource(s)
  -------------------------------------------------------------------    -------------------
                         (clock clk_out1_design_1_clk_wiz_0_0 rise edge)
                                                      0.000     0.000 r  <hidden>
    K17                                               0.000     0.000 r  sys_clock
                         net (fo=0)                   0.000     0.000    design_1_i/clk_wiz_0/inst/clk_in1
    K17                  IBUF (Prop_ibuf_I_O)         0.259     0.259 r  design_1_i/clk_wiz_0/inst/clkin1_ibufg/O
                         net (fo=1, routed)           0.440     0.700    design_1_i/clk_wiz_0/inst/clk_in1_design_1_clk_wiz_0_0
    MMCME2_ADV_X0Y1      MMCME2_ADV (Prop_mmcme2_adv_CLKIN1_CLKOUT0)
                                                     -2.268    -1.568 r  design_1_i/clk_wiz_0/inst/mmcm_adv_inst/CLKOUT0
                         net (fo=1, routed)           0.482    -1.086    design_1_i/clk_wiz_0/inst/clk_out1_design_1_clk_wiz_0_0
    BUFGCTRL_X0Y16       BUFG (Prop_bufg_I_O)         0.026    -1.060 r  design_1_i/clk_wiz_0/inst/clkout1_buf/O
                         net (fo=300, routed)         0.559    -0.501    design_1_i/chorus_axi_wrapper_0/inst/chorus_internals/audio_clk
    SLICE_X26Y32         FDRE                                         r  design_1_i/chorus_axi_wrapper_0/inst/chorus_internals/sample_x_reg[5]/C
  -------------------------------------------------------------------    -------------------
    SLICE_X26Y32         FDRE (Prop_fdre_C_Q)         0.141    -0.360 r  design_1_i/chorus_axi_wrapper_0/inst/chorus_internals/sample_x_reg[5]/Q
                         net (fo=1, routed)           0.164    -0.197    design_1_i/chorus_axi_wrapper_0/inst/chorus_internals/sample_x[5]
    RAMB36_X1Y6          RAMB36E1                                     r  design_1_i/chorus_axi_wrapper_0/inst/chorus_internals/sample_buf_reg_0/DIADI[5]
  -------------------------------------------------------------------    -------------------

                         (clock clk_out1_design_1_clk_wiz_0_0 rise edge)
                                                      0.000     0.000 r  <hidden>
    K17                                               0.000     0.000 r  sys_clock
                         net (fo=0)                   0.000     0.000    design_1_i/clk_wiz_0/inst/clk_in1
    K17                  IBUF (Prop_ibuf_I_O)         0.447     0.447 r  design_1_i/clk_wiz_0/inst/clkin1_ibufg/O
                         net (fo=1, routed)           0.480     0.927    design_1_i/clk_wiz_0/inst/clk_in1_design_1_clk_wiz_0_0
    MMCME2_ADV_X0Y1      MMCME2_ADV (Prop_mmcme2_adv_CLKIN1_CLKOUT0)
                                                     -3.047    -2.120 r  design_1_i/clk_wiz_0/inst/mmcm_adv_inst/CLKOUT0
                         net (fo=1, routed)           0.528    -1.592    design_1_i/clk_wiz_0/inst/clk_out1_design_1_clk_wiz_0_0
    BUFGCTRL_X0Y16       BUFG (Prop_bufg_I_O)         0.029    -1.563 r  design_1_i/clk_wiz_0/inst/clkout1_buf/O
                         net (fo=300, routed)         0.868    -0.694    design_1_i/chorus_axi_wrapper_0/inst/chorus_internals/audio_clk
    RAMB36_X1Y6          RAMB36E1                                     r  design_1_i/chorus_axi_wrapper_0/inst/chorus_internals/sample_buf_reg_0/CLKARDCLK
                         clock pessimism              0.250    -0.444    <hidden>
    RAMB36_X1Y6          RAMB36E1 (Hold_ramb36e1_CLKARDCLK_DIADI[5])
                                                      0.155    -0.289    design_1_i/chorus_axi_wrapper_0/inst/chorus_internals/sample_buf_reg_0
  -------------------------------------------------------------------
                         required time                          0.289    <hidden>
                         arrival time                          -0.197    <hidden>
  -------------------------------------------------------------------
                         slack                                  0.092    <hidden>

Slack (MET) :             0.093ns  (arrival time - required time)
  Source:                 design_1_i/chorus_axi_wrapper_0/inst/chorus_internals/sample_x_reg[12]/C
                            (rising edge-triggered cell FDRE clocked by clk_out1_design_1_clk_wiz_0_0  {rise@0.000ns fall@40.690ns period=81.380ns})
  Destination:            design_1_i/chorus_axi_wrapper_0/inst/chorus_internals/sample_buf_reg_0/DIADI[12]
                            (rising edge-triggered cell RAMB36E1 clocked by clk_out1_design_1_clk_wiz_0_0  {rise@0.000ns fall@40.690ns period=81.380ns})
  Path Group:             clk_out1_design_1_clk_wiz_0_0
  Path Type:              Hold (Min at Fast Process Corner)
  Requirement:            0.000ns  (clk_out1_design_1_clk_wiz_0_0 rise@0.000ns - clk_out1_design_1_clk_wiz_0_0 rise@0.000ns)
  Data Path Delay:        0.306ns  (logic 0.141ns (46.125%)  route 0.165ns (53.875%))
  Logic Levels:           0  
  Clock Path Skew:        0.057ns (DCD - SCD - CPR)
    Destination Clock Delay (DCD):    -0.694ns
    Source Clock Delay      (SCD):    -0.501ns
    Clock Pessimism Removal (CPR):    -0.250ns

    Location             Delay type                Incr(ns)  Path(ns)    Netlist Resource(s)
  -------------------------------------------------------------------    -------------------
                         (clock clk_out1_design_1_clk_wiz_0_0 rise edge)
                                                      0.000     0.000 r  <hidden>
    K17                                               0.000     0.000 r  sys_clock
                         net (fo=0)                   0.000     0.000    design_1_i/clk_wiz_0/inst/clk_in1
    K17                  IBUF (Prop_ibuf_I_O)         0.259     0.259 r  design_1_i/clk_wiz_0/inst/clkin1_ibufg/O
                         net (fo=1, routed)           0.440     0.700    design_1_i/clk_wiz_0/inst/clk_in1_design_1_clk_wiz_0_0
    MMCME2_ADV_X0Y1      MMCME2_ADV (Prop_mmcme2_adv_CLKIN1_CLKOUT0)
                                                     -2.268    -1.568 r  design_1_i/clk_wiz_0/inst/mmcm_adv_inst/CLKOUT0
                         net (fo=1, routed)           0.482    -1.086    design_1_i/clk_wiz_0/inst/clk_out1_design_1_clk_wiz_0_0
    BUFGCTRL_X0Y16       BUFG (Prop_bufg_I_O)         0.026    -1.060 r  design_1_i/clk_wiz_0/inst/clkout1_buf/O
                         net (fo=300, routed)         0.559    -0.501    design_1_i/chorus_axi_wrapper_0/inst/chorus_internals/audio_clk
    SLICE_X27Y32         FDRE                                         r  design_1_i/chorus_axi_wrapper_0/inst/chorus_internals/sample_x_reg[12]/C
  -------------------------------------------------------------------    -------------------
    SLICE_X27Y32         FDRE (Prop_fdre_C_Q)         0.141    -0.360 r  design_1_i/chorus_axi_wrapper_0/inst/chorus_internals/sample_x_reg[12]/Q
                         net (fo=1, routed)           0.165    -0.196    design_1_i/chorus_axi_wrapper_0/inst/chorus_internals/sample_x[12]
    RAMB36_X1Y6          RAMB36E1                                     r  design_1_i/chorus_axi_wrapper_0/inst/chorus_internals/sample_buf_reg_0/DIADI[12]
  -------------------------------------------------------------------    -------------------

                         (clock clk_out1_design_1_clk_wiz_0_0 rise edge)
                                                      0.000     0.000 r  <hidden>
    K17                                               0.000     0.000 r  sys_clock
                         net (fo=0)                   0.000     0.000    design_1_i/clk_wiz_0/inst/clk_in1
    K17                  IBUF (Prop_ibuf_I_O)         0.447     0.447 r  design_1_i/clk_wiz_0/inst/clkin1_ibufg/O
                         net (fo=1, routed)           0.480     0.927    design_1_i/clk_wiz_0/inst/clk_in1_design_1_clk_wiz_0_0
    MMCME2_ADV_X0Y1      MMCME2_ADV (Prop_mmcme2_adv_CLKIN1_CLKOUT0)
                                                     -3.047    -2.120 r  design_1_i/clk_wiz_0/inst/mmcm_adv_inst/CLKOUT0
                         net (fo=1, routed)           0.528    -1.592    design_1_i/clk_wiz_0/inst/clk_out1_design_1_clk_wiz_0_0
    BUFGCTRL_X0Y16       BUFG (Prop_bufg_I_O)         0.029    -1.563 r  design_1_i/clk_wiz_0/inst/clkout1_buf/O
                         net (fo=300, routed)         0.868    -0.694    design_1_i/chorus_axi_wrapper_0/inst/chorus_internals/audio_clk
    RAMB36_X1Y6          RAMB36E1                                     r  design_1_i/chorus_axi_wrapper_0/inst/chorus_internals/sample_buf_reg_0/CLKARDCLK
                         clock pessimism              0.250    -0.444    <hidden>
    RAMB36_X1Y6          RAMB36E1 (Hold_ramb36e1_CLKARDCLK_DIADI[12])
                                                      0.155    -0.289    design_1_i/chorus_axi_wrapper_0/inst/chorus_internals/sample_buf_reg_0
  -------------------------------------------------------------------
                         required time                          0.289    <hidden>
                         arrival time                          -0.196    <hidden>
  -------------------------------------------------------------------
                         slack                                  0.093    <hidden>

Slack (MET) :             0.093ns  (arrival time - required time)
  Source:                 design_1_i/chorus_axi_wrapper_0/inst/chorus_internals/sample_x_reg[14]/C
                            (rising edge-triggered cell FDRE clocked by clk_out1_design_1_clk_wiz_0_0  {rise@0.000ns fall@40.690ns period=81.380ns})
  Destination:            design_1_i/chorus_axi_wrapper_0/inst/chorus_internals/sample_buf_reg_0/DIADI[14]
                            (rising edge-triggered cell RAMB36E1 clocked by clk_out1_design_1_clk_wiz_0_0  {rise@0.000ns fall@40.690ns period=81.380ns})
  Path Group:             clk_out1_design_1_clk_wiz_0_0
  Path Type:              Hold (Min at Fast Process Corner)
  Requirement:            0.000ns  (clk_out1_design_1_clk_wiz_0_0 rise@0.000ns - clk_out1_design_1_clk_wiz_0_0 rise@0.000ns)
  Data Path Delay:        0.306ns  (logic 0.141ns (46.125%)  route 0.165ns (53.875%))
  Logic Levels:           0  
  Clock Path Skew:        0.057ns (DCD - SCD - CPR)
    Destination Clock Delay (DCD):    -0.694ns
    Source Clock Delay      (SCD):    -0.501ns
    Clock Pessimism Removal (CPR):    -0.250ns

    Location             Delay type                Incr(ns)  Path(ns)    Netlist Resource(s)
  -------------------------------------------------------------------    -------------------
                         (clock clk_out1_design_1_clk_wiz_0_0 rise edge)
                                                      0.000     0.000 r  <hidden>
    K17                                               0.000     0.000 r  sys_clock
                         net (fo=0)                   0.000     0.000    design_1_i/clk_wiz_0/inst/clk_in1
    K17                  IBUF (Prop_ibuf_I_O)         0.259     0.259 r  design_1_i/clk_wiz_0/inst/clkin1_ibufg/O
                         net (fo=1, routed)           0.440     0.700    design_1_i/clk_wiz_0/inst/clk_in1_design_1_clk_wiz_0_0
    MMCME2_ADV_X0Y1      MMCME2_ADV (Prop_mmcme2_adv_CLKIN1_CLKOUT0)
                                                     -2.268    -1.568 r  design_1_i/clk_wiz_0/inst/mmcm_adv_inst/CLKOUT0
                         net (fo=1, routed)           0.482    -1.086    design_1_i/clk_wiz_0/inst/clk_out1_design_1_clk_wiz_0_0
    BUFGCTRL_X0Y16       BUFG (Prop_bufg_I_O)         0.026    -1.060 r  design_1_i/clk_wiz_0/inst/clkout1_buf/O
                         net (fo=300, routed)         0.559    -0.501    design_1_i/chorus_axi_wrapper_0/inst/chorus_internals/audio_clk
    SLICE_X27Y32         FDRE                                         r  design_1_i/chorus_axi_wrapper_0/inst/chorus_internals/sample_x_reg[14]/C
  -------------------------------------------------------------------    -------------------
    SLICE_X27Y32         FDRE (Prop_fdre_C_Q)         0.141    -0.360 r  design_1_i/chorus_axi_wrapper_0/inst/chorus_internals/sample_x_reg[14]/Q
                         net (fo=1, routed)           0.165    -0.196    design_1_i/chorus_axi_wrapper_0/inst/chorus_internals/sample_x[14]
    RAMB36_X1Y6          RAMB36E1                                     r  design_1_i/chorus_axi_wrapper_0/inst/chorus_internals/sample_buf_reg_0/DIADI[14]
  -------------------------------------------------------------------    -------------------

                         (clock clk_out1_design_1_clk_wiz_0_0 rise edge)
                                                      0.000     0.000 r  <hidden>
    K17                                               0.000     0.000 r  sys_clock
                         net (fo=0)                   0.000     0.000    design_1_i/clk_wiz_0/inst/clk_in1
    K17                  IBUF (Prop_ibuf_I_O)         0.447     0.447 r  design_1_i/clk_wiz_0/inst/clkin1_ibufg/O
                         net (fo=1, routed)           0.480     0.927    design_1_i/clk_wiz_0/inst/clk_in1_design_1_clk_wiz_0_0
    MMCME2_ADV_X0Y1      MMCME2_ADV (Prop_mmcme2_adv_CLKIN1_CLKOUT0)
                                                     -3.047    -2.120 r  design_1_i/clk_wiz_0/inst/mmcm_adv_inst/CLKOUT0
                         net (fo=1, routed)           0.528    -1.592    design_1_i/clk_wiz_0/inst/clk_out1_design_1_clk_wiz_0_0
    BUFGCTRL_X0Y16       BUFG (Prop_bufg_I_O)         0.029    -1.563 r  design_1_i/clk_wiz_0/inst/clkout1_buf/O
                         net (fo=300, routed)         0.868    -0.694    design_1_i/chorus_axi_wrapper_0/inst/chorus_internals/audio_clk
    RAMB36_X1Y6          RAMB36E1                                     r  design_1_i/chorus_axi_wrapper_0/inst/chorus_internals/sample_buf_reg_0/CLKARDCLK
                         clock pessimism              0.250    -0.444    <hidden>
    RAMB36_X1Y6          RAMB36E1 (Hold_ramb36e1_CLKARDCLK_DIADI[14])
                                                      0.155    -0.289    design_1_i/chorus_axi_wrapper_0/inst/chorus_internals/sample_buf_reg_0
  -------------------------------------------------------------------
                         required time                          0.289    <hidden>
                         arrival time                          -0.196    <hidden>
  -------------------------------------------------------------------
                         slack                                  0.093    <hidden>

Slack (MET) :             0.096ns  (arrival time - required time)
  Source:                 design_1_i/chorus_axi_wrapper_0/inst/chorus_internals/sample_x_reg[10]/C
                            (rising edge-triggered cell FDRE clocked by clk_out1_design_1_clk_wiz_0_0  {rise@0.000ns fall@40.690ns period=81.380ns})
  Destination:            design_1_i/chorus_axi_wrapper_0/inst/chorus_internals/sample_buf_reg_0/DIADI[10]
                            (rising edge-triggered cell RAMB36E1 clocked by clk_out1_design_1_clk_wiz_0_0  {rise@0.000ns fall@40.690ns period=81.380ns})
  Path Group:             clk_out1_design_1_clk_wiz_0_0
  Path Type:              Hold (Min at Fast Process Corner)
  Requirement:            0.000ns  (clk_out1_design_1_clk_wiz_0_0 rise@0.000ns - clk_out1_design_1_clk_wiz_0_0 rise@0.000ns)
  Data Path Delay:        0.308ns  (logic 0.141ns (45.760%)  route 0.167ns (54.240%))
  Logic Levels:           0  
  Clock Path Skew:        0.057ns (DCD - SCD - CPR)
    Destination Clock Delay (DCD):    -0.694ns
    Source Clock Delay      (SCD):    -0.501ns
    Clock Pessimism Removal (CPR):    -0.250ns

    Location             Delay type                Incr(ns)  Path(ns)    Netlist Resource(s)
  -------------------------------------------------------------------    -------------------
                         (clock clk_out1_design_1_clk_wiz_0_0 rise edge)
                                                      0.000     0.000 r  <hidden>
    K17                                               0.000     0.000 r  sys_clock
                         net (fo=0)                   0.000     0.000    design_1_i/clk_wiz_0/inst/clk_in1
    K17                  IBUF (Prop_ibuf_I_O)         0.259     0.259 r  design_1_i/clk_wiz_0/inst/clkin1_ibufg/O
                         net (fo=1, routed)           0.440     0.700    design_1_i/clk_wiz_0/inst/clk_in1_design_1_clk_wiz_0_0
    MMCME2_ADV_X0Y1      MMCME2_ADV (Prop_mmcme2_adv_CLKIN1_CLKOUT0)
                                                     -2.268    -1.568 r  design_1_i/clk_wiz_0/inst/mmcm_adv_inst/CLKOUT0
                         net (fo=1, routed)           0.482    -1.086    design_1_i/clk_wiz_0/inst/clk_out1_design_1_clk_wiz_0_0
    BUFGCTRL_X0Y16       BUFG (Prop_bufg_I_O)         0.026    -1.060 r  design_1_i/clk_wiz_0/inst/clkout1_buf/O
                         net (fo=300, routed)         0.559    -0.501    design_1_i/chorus_axi_wrapper_0/inst/chorus_internals/audio_clk
    SLICE_X27Y32         FDRE                                         r  design_1_i/chorus_axi_wrapper_0/inst/chorus_internals/sample_x_reg[10]/C
  -------------------------------------------------------------------    -------------------
    SLICE_X27Y32         FDRE (Prop_fdre_C_Q)         0.141    -0.360 r  design_1_i/chorus_axi_wrapper_0/inst/chorus_internals/sample_x_reg[10]/Q
                         net (fo=1, routed)           0.167    -0.193    design_1_i/chorus_axi_wrapper_0/inst/chorus_internals/sample_x[10]
    RAMB36_X1Y6          RAMB36E1                                     r  design_1_i/chorus_axi_wrapper_0/inst/chorus_internals/sample_buf_reg_0/DIADI[10]
  -------------------------------------------------------------------    -------------------

                         (clock clk_out1_design_1_clk_wiz_0_0 rise edge)
                                                      0.000     0.000 r  <hidden>
    K17                                               0.000     0.000 r  sys_clock
                         net (fo=0)                   0.000     0.000    design_1_i/clk_wiz_0/inst/clk_in1
    K17                  IBUF (Prop_ibuf_I_O)         0.447     0.447 r  design_1_i/clk_wiz_0/inst/clkin1_ibufg/O
                         net (fo=1, routed)           0.480     0.927    design_1_i/clk_wiz_0/inst/clk_in1_design_1_clk_wiz_0_0
    MMCME2_ADV_X0Y1      MMCME2_ADV (Prop_mmcme2_adv_CLKIN1_CLKOUT0)
                                                     -3.047    -2.120 r  design_1_i/clk_wiz_0/inst/mmcm_adv_inst/CLKOUT0
                         net (fo=1, routed)           0.528    -1.592    design_1_i/clk_wiz_0/inst/clk_out1_design_1_clk_wiz_0_0
    BUFGCTRL_X0Y16       BUFG (Prop_bufg_I_O)         0.029    -1.563 r  design_1_i/clk_wiz_0/inst/clkout1_buf/O
                         net (fo=300, routed)         0.868    -0.694    design_1_i/chorus_axi_wrapper_0/inst/chorus_internals/audio_clk
    RAMB36_X1Y6          RAMB36E1                                     r  design_1_i/chorus_axi_wrapper_0/inst/chorus_internals/sample_buf_reg_0/CLKARDCLK
                         clock pessimism              0.250    -0.444    <hidden>
    RAMB36_X1Y6          RAMB36E1 (Hold_ramb36e1_CLKARDCLK_DIADI[10])
                                                      0.155    -0.289    design_1_i/chorus_axi_wrapper_0/inst/chorus_internals/sample_buf_reg_0
  -------------------------------------------------------------------
                         required time                          0.289    <hidden>
                         arrival time                          -0.193    <hidden>
  -------------------------------------------------------------------
                         slack                                  0.096    <hidden>

Slack (MET) :             0.096ns  (arrival time - required time)
  Source:                 design_1_i/chorus_axi_wrapper_0/inst/chorus_internals/sample_x_reg[13]/C
                            (rising edge-triggered cell FDRE clocked by clk_out1_design_1_clk_wiz_0_0  {rise@0.000ns fall@40.690ns period=81.380ns})
  Destination:            design_1_i/chorus_axi_wrapper_0/inst/chorus_internals/sample_buf_reg_0/DIADI[13]
                            (rising edge-triggered cell RAMB36E1 clocked by clk_out1_design_1_clk_wiz_0_0  {rise@0.000ns fall@40.690ns period=81.380ns})
  Path Group:             clk_out1_design_1_clk_wiz_0_0
  Path Type:              Hold (Min at Fast Process Corner)
  Requirement:            0.000ns  (clk_out1_design_1_clk_wiz_0_0 rise@0.000ns - clk_out1_design_1_clk_wiz_0_0 rise@0.000ns)
  Data Path Delay:        0.307ns  (logic 0.141ns (45.874%)  route 0.166ns (54.126%))
  Logic Levels:           0  
  Clock Path Skew:        0.056ns (DCD - SCD - CPR)
    Destination Clock Delay (DCD):    -0.694ns
    Source Clock Delay      (SCD):    -0.500ns
    Clock Pessimism Removal (CPR):    -0.250ns

    Location             Delay type                Incr(ns)  Path(ns)    Netlist Resource(s)
  -------------------------------------------------------------------    -------------------
                         (clock clk_out1_design_1_clk_wiz_0_0 rise edge)
                                                      0.000     0.000 r  <hidden>
    K17                                               0.000     0.000 r  sys_clock
                         net (fo=0)                   0.000     0.000    design_1_i/clk_wiz_0/inst/clk_in1
    K17                  IBUF (Prop_ibuf_I_O)         0.259     0.259 r  design_1_i/clk_wiz_0/inst/clkin1_ibufg/O
                         net (fo=1, routed)           0.440     0.700    design_1_i/clk_wiz_0/inst/clk_in1_design_1_clk_wiz_0_0
    MMCME2_ADV_X0Y1      MMCME2_ADV (Prop_mmcme2_adv_CLKIN1_CLKOUT0)
                                                     -2.268    -1.568 r  design_1_i/clk_wiz_0/inst/mmcm_adv_inst/CLKOUT0
                         net (fo=1, routed)           0.482    -1.086    design_1_i/clk_wiz_0/inst/clk_out1_design_1_clk_wiz_0_0
    BUFGCTRL_X0Y16       BUFG (Prop_bufg_I_O)         0.026    -1.060 r  design_1_i/clk_wiz_0/inst/clkout1_buf/O
                         net (fo=300, routed)         0.560    -0.500    design_1_i/chorus_axi_wrapper_0/inst/chorus_internals/audio_clk
    SLICE_X27Y33         FDRE                                         r  design_1_i/chorus_axi_wrapper_0/inst/chorus_internals/sample_x_reg[13]/C
  -------------------------------------------------------------------    -------------------
    SLICE_X27Y33         FDRE (Prop_fdre_C_Q)         0.141    -0.359 r  design_1_i/chorus_axi_wrapper_0/inst/chorus_internals/sample_x_reg[13]/Q
                         net (fo=1, routed)           0.166    -0.193    design_1_i/chorus_axi_wrapper_0/inst/chorus_internals/sample_x[13]
    RAMB36_X1Y6          RAMB36E1                                     r  design_1_i/chorus_axi_wrapper_0/inst/chorus_internals/sample_buf_reg_0/DIADI[13]
  -------------------------------------------------------------------    -------------------

                         (clock clk_out1_design_1_clk_wiz_0_0 rise edge)
                                                      0.000     0.000 r  <hidden>
    K17                                               0.000     0.000 r  sys_clock
                         net (fo=0)                   0.000     0.000    design_1_i/clk_wiz_0/inst/clk_in1
    K17                  IBUF (Prop_ibuf_I_O)         0.447     0.447 r  design_1_i/clk_wiz_0/inst/clkin1_ibufg/O
                         net (fo=1, routed)           0.480     0.927    design_1_i/clk_wiz_0/inst/clk_in1_design_1_clk_wiz_0_0
    MMCME2_ADV_X0Y1      MMCME2_ADV (Prop_mmcme2_adv_CLKIN1_CLKOUT0)
                                                     -3.047    -2.120 r  design_1_i/clk_wiz_0/inst/mmcm_adv_inst/CLKOUT0
                         net (fo=1, routed)           0.528    -1.592    design_1_i/clk_wiz_0/inst/clk_out1_design_1_clk_wiz_0_0
    BUFGCTRL_X0Y16       BUFG (Prop_bufg_I_O)         0.029    -1.563 r  design_1_i/clk_wiz_0/inst/clkout1_buf/O
                         net (fo=300, routed)         0.868    -0.694    design_1_i/chorus_axi_wrapper_0/inst/chorus_internals/audio_clk
    RAMB36_X1Y6          RAMB36E1                                     r  design_1_i/chorus_axi_wrapper_0/inst/chorus_internals/sample_buf_reg_0/CLKARDCLK
                         clock pessimism              0.250    -0.444    <hidden>
    RAMB36_X1Y6          RAMB36E1 (Hold_ramb36e1_CLKARDCLK_DIADI[13])
                                                      0.155    -0.289    design_1_i/chorus_axi_wrapper_0/inst/chorus_internals/sample_buf_reg_0
  -------------------------------------------------------------------
                         required time                          0.289    <hidden>
                         arrival time                          -0.193    <hidden>
  -------------------------------------------------------------------
                         slack                                  0.096    <hidden>





Pulse Width Checks
--------------------------------------------------------------------------------------
Clock Name:         clk_out1_design_1_clk_wiz_0_0
Waveform(ns):       { 0.000 40.690 }
Period(ns):         81.380
Sources:            { design_1_i/clk_wiz_0/inst/mmcm_adv_inst/CLKOUT0 }

Check Type        Corner  Lib Pin             Reference Pin  Required(ns)  Actual(ns)  Slack(ns)  Location         Pin
Min Period        n/a     DSP48E1/CLK         n/a            3.884         81.380      77.496     DSP48_X1Y12      design_1_i/chorus_axi_wrapper_0/inst/chorus_internals/mixed/CLK
Min Period        n/a     RAMB36E1/CLKARDCLK  n/a            2.944         81.380      78.436     RAMB36_X1Y6      design_1_i/chorus_axi_wrapper_0/inst/chorus_internals/sample_buf_reg_0/CLKARDCLK
Min Period        n/a     RAMB18E1/CLKARDCLK  n/a            2.944         81.380      78.436     RAMB18_X1Y10     design_1_i/chorus_axi_wrapper_0/inst/chorus_internals/sample_buf_reg_1/CLKARDCLK
Min Period        n/a     RAMB36E1/CLKBWRCLK  n/a            2.576         81.380      78.804     RAMB36_X1Y6      design_1_i/chorus_axi_wrapper_0/inst/chorus_internals/sample_buf_reg_0/CLKBWRCLK
Min Period        n/a     RAMB18E1/CLKBWRCLK  n/a            2.576         81.380      78.804     RAMB18_X1Y10     design_1_i/chorus_axi_wrapper_0/inst/chorus_internals/sample_buf_reg_1/CLKBWRCLK
Min Period        n/a     RAMB36E1/CLKARDCLK  n/a            2.576         81.380      78.804     RAMB36_X0Y6      design_1_i/chorus_axi_wrapper_0/inst/chorus_internals/sine_q_reg/CLKARDCLK
Min Period        n/a     BUFG/I              n/a            2.155         81.380      79.225     BUFGCTRL_X0Y16   design_1_i/clk_wiz_0/inst/clkout1_buf/I
Min Period        n/a     DSP48E1/CLK         n/a            2.154         81.380      79.226     DSP48_X0Y11      design_1_i/chorus_axi_wrapper_0/inst/chorus_internals/depth_term/CLK
Min Period        n/a     DSP48E1/CLK         n/a            2.154         81.380      79.226     DSP48_X0Y12      design_1_i/chorus_axi_wrapper_0/inst/chorus_internals/depth_term__0/CLK
Min Period        n/a     DSP48E1/CLK         n/a            2.154         81.380      79.226     DSP48_X0Y13      design_1_i/chorus_axi_wrapper_0/inst/chorus_internals/depth_term__1/CLK
Max Period        n/a     MMCME2_ADV/CLKOUT0  n/a            213.360       81.380      131.980    MMCME2_ADV_X0Y1  design_1_i/clk_wiz_0/inst/mmcm_adv_inst/CLKOUT0
Low Pulse Width   Slow    FDRE/C              n/a            0.500         40.690      40.190     SLICE_X35Y38     design_1_i/bclk_div_0/inst/bclk_fall_en_reg/C
Low Pulse Width   Fast    FDRE/C              n/a            0.500         40.690      40.190     SLICE_X35Y38     design_1_i/bclk_div_0/inst/bclk_fall_en_reg/C
Low Pulse Width   Slow    FDRE/C              n/a            0.500         40.690      40.190     SLICE_X35Y38     design_1_i/bclk_div_0/inst/bclk_rise_en_reg/C
Low Pulse Width   Fast    FDRE/C              n/a            0.500         40.690      40.190     SLICE_X35Y38     design_1_i/bclk_div_0/inst/bclk_rise_en_reg/C
Low Pulse Width   Slow    FDRE/C              n/a            0.500         40.690      40.190     SLICE_X35Y38     design_1_i/bclk_div_0/inst/counter_reg[0]/C
Low Pulse Width   Fast    FDRE/C              n/a            0.500         40.690      40.190     SLICE_X35Y38     design_1_i/bclk_div_0/inst/counter_reg[0]/C
Low Pulse Width   Slow    FDRE/C              n/a            0.500         40.690      40.190     SLICE_X35Y38     design_1_i/bclk_div_0/inst/counter_reg[1]/C
Low Pulse Width   Fast    FDRE/C              n/a            0.500         40.690      40.190     SLICE_X35Y38     design_1_i/bclk_div_0/inst/counter_reg[1]/C
Low Pulse Width   Slow    FDRE/C              n/a            0.500         40.690      40.190     SLICE_X25Y30     design_1_i/chorus_axi_wrapper_0/inst/chorus_internals/buf_we_reg/C
Low Pulse Width   Fast    FDRE/C              n/a            0.500         40.690      40.190     SLICE_X25Y30     design_1_i/chorus_axi_wrapper_0/inst/chorus_internals/buf_we_reg/C
High Pulse Width  Slow    FDRE/C              n/a            0.500         40.690      40.190     SLICE_X35Y38     design_1_i/bclk_div_0/inst/bclk_fall_en_reg/C
High Pulse Width  Fast    FDRE/C              n/a            0.500         40.690      40.190     SLICE_X35Y38     design_1_i/bclk_div_0/inst/bclk_fall_en_reg/C
High Pulse Width  Slow    FDRE/C              n/a            0.500         40.690      40.190     SLICE_X35Y38     design_1_i/bclk_div_0/inst/bclk_rise_en_reg/C
High Pulse Width  Fast    FDRE/C              n/a            0.500         40.690      40.190     SLICE_X35Y38     design_1_i/bclk_div_0/inst/bclk_rise_en_reg/C
High Pulse Width  Slow    FDRE/C              n/a            0.500         40.690      40.190     SLICE_X35Y38     design_1_i/bclk_div_0/inst/counter_reg[0]/C
High Pulse Width  Fast    FDRE/C              n/a            0.500         40.690      40.190     SLICE_X35Y38     design_1_i/bclk_div_0/inst/counter_reg[0]/C
High Pulse Width  Slow    FDRE/C              n/a            0.500         40.690      40.190     SLICE_X35Y38     design_1_i/bclk_div_0/inst/counter_reg[1]/C
High Pulse Width  Fast    FDRE/C              n/a            0.500         40.690      40.190     SLICE_X35Y38     design_1_i/bclk_div_0/inst/counter_reg[1]/C
High Pulse Width  Slow    FDRE/C              n/a            0.500         40.690      40.190     SLICE_X25Y30     design_1_i/chorus_axi_wrapper_0/inst/chorus_internals/buf_we_reg/C
High Pulse Width  Fast    FDRE/C              n/a            0.500         40.690      40.190     SLICE_X25Y30     design_1_i/chorus_axi_wrapper_0/inst/chorus_internals/buf_we_reg/C



---------------------------------------------------------------------------------------------------
From Clock:  clkfbout_design_1_clk_wiz_0_0
  To Clock:  clkfbout_design_1_clk_wiz_0_0

Setup :           NA  Failing Endpoints,  Worst Slack           NA  ,  Total Violation           NA
Hold  :           NA  Failing Endpoints,  Worst Slack           NA  ,  Total Violation           NA
PW    :            0  Failing Endpoints,  Worst Slack       44.000ns,  Total Violation        0.000ns
---------------------------------------------------------------------------------------------------


Pulse Width Checks
--------------------------------------------------------------------------------------
Clock Name:         clkfbout_design_1_clk_wiz_0_0
Waveform(ns):       { 0.000 28.000 }
Period(ns):         56.000
Sources:            { design_1_i/clk_wiz_0/inst/mmcm_adv_inst/CLKFBOUT }

Check Type  Corner  Lib Pin              Reference Pin  Required(ns)  Actual(ns)  Slack(ns)  Location         Pin
Min Period  n/a     BUFG/I               n/a            2.155         56.000      53.845     BUFGCTRL_X0Y17   design_1_i/clk_wiz_0/inst/clkf_buf/I
Min Period  n/a     MMCME2_ADV/CLKFBOUT  n/a            1.249         56.000      54.751     MMCME2_ADV_X0Y1  design_1_i/clk_wiz_0/inst/mmcm_adv_inst/CLKFBOUT
Min Period  n/a     MMCME2_ADV/CLKFBIN   n/a            1.249         56.000      54.751     MMCME2_ADV_X0Y1  design_1_i/clk_wiz_0/inst/mmcm_adv_inst/CLKFBIN
Max Period  n/a     MMCME2_ADV/CLKFBIN   n/a            100.000       56.000      44.000     MMCME2_ADV_X0Y1  design_1_i/clk_wiz_0/inst/mmcm_adv_inst/CLKFBIN
Max Period  n/a     MMCME2_ADV/CLKFBOUT  n/a            213.360       56.000      157.360    MMCME2_ADV_X0Y1  design_1_i/clk_wiz_0/inst/mmcm_adv_inst/CLKFBOUT



--------------------------------------------------------------------------------------
Path Group:  (none)
From Clock:  
  To Clock:  clk_fpga_0

Max Delay             1 Endpoint
Min Delay             1 Endpoint
--------------------------------------------------------------------------------------


Max Delay Paths
--------------------------------------------------------------------------------------
Slack:                    inf
  Source:                 design_1_i/processing_system7_0/inst/PS7_i/FCLKRESETN[0]
                            (internal pin)
  Destination:            design_1_i/rst_ps7_0_50M/U0/EXT_LPF/ACTIVE_LOW_EXT.ACT_LO_EXT/syncstages_ff_reg[0]/D
                            (rising edge-triggered cell FDRE clocked by clk_fpga_0  {rise@0.000ns fall@10.000ns period=20.000ns})
  Path Group:             (none)
  Path Type:              Setup (Max at Slow Process Corner)
  Data Path Delay:        1.830ns  (logic 0.124ns (6.778%)  route 1.706ns (93.222%))
  Logic Levels:           1  (LUT1=1)
  Clock Uncertainty:      0.301ns  ((TSJ^2 + TIJ^2)^1/2 + DJ) / 2 + PE
    Total System Jitter     (TSJ):    0.050ns
    Total Input Jitter      (TIJ):    0.600ns
    Discrete Jitter          (DJ):    0.000ns
    Phase Error              (PE):    0.000ns
  Timing Exception:       False Path

    Location             Delay type                Incr(ns)  Path(ns)    Netlist Resource(s)
  -------------------------------------------------------------------    -------------------
    PS7_X0Y0             PS7                          0.000     0.000 f  design_1_i/processing_system7_0/inst/PS7_i/FCLKRESETN[0]
                         net (fo=1, routed)           1.706     1.706    design_1_i/rst_ps7_0_50M/U0/EXT_LPF/ext_reset_in
    SLICE_X10Y51         LUT1 (Prop_lut1_I0_O)        0.124     1.830 r  design_1_i/rst_ps7_0_50M/U0/EXT_LPF/ACTIVE_LOW_EXT.ACT_LO_EXT_i_1/O
                         net (fo=1, routed)           0.000     1.830    design_1_i/rst_ps7_0_50M/U0/EXT_LPF/ACTIVE_LOW_EXT.ACT_LO_EXT/src_in
    SLICE_X10Y51         FDRE                                         r  design_1_i/rst_ps7_0_50M/U0/EXT_LPF/ACTIVE_LOW_EXT.ACT_LO_EXT/syncstages_ff_reg[0]/D
  -------------------------------------------------------------------    -------------------

                         (clock clk_fpga_0 rise edge)
                                                      0.000     0.000 r  <hidden>
    PS7_X0Y0             PS7                          0.000     0.000 r  design_1_i/processing_system7_0/inst/PS7_i/FCLKCLK[0]
                         net (fo=1, routed)           1.101     1.101    design_1_i/processing_system7_0/inst/FCLK_CLK_unbuffered[0]
    BUFGCTRL_X0Y0        BUFG (Prop_bufg_I_O)         0.091     1.192 r  design_1_i/processing_system7_0/inst/buffer_fclk_clk_0.FCLK_CLK_0_BUFG/O
                         net (fo=761, routed)         1.498     2.690    design_1_i/rst_ps7_0_50M/U0/EXT_LPF/ACTIVE_LOW_EXT.ACT_LO_EXT/dest_clk
    SLICE_X10Y51         FDRE                                         r  design_1_i/rst_ps7_0_50M/U0/EXT_LPF/ACTIVE_LOW_EXT.ACT_LO_EXT/syncstages_ff_reg[0]/C





Min Delay Paths
--------------------------------------------------------------------------------------
Slack:                    inf
  Source:                 design_1_i/processing_system7_0/inst/PS7_i/FCLKRESETN[0]
                            (internal pin)
  Destination:            design_1_i/rst_ps7_0_50M/U0/EXT_LPF/ACTIVE_LOW_EXT.ACT_LO_EXT/syncstages_ff_reg[0]/D
                            (rising edge-triggered cell FDRE clocked by clk_fpga_0  {rise@0.000ns fall@10.000ns period=20.000ns})
  Path Group:             (none)
  Path Type:              Hold (Min at Fast Process Corner)
  Data Path Delay:        0.748ns  (logic 0.045ns (6.020%)  route 0.703ns (93.980%))
  Logic Levels:           1  (LUT1=1)
  Clock Uncertainty:      0.301ns  ((TSJ^2 + TIJ^2)^1/2 + DJ) / 2 + PE
    Total System Jitter     (TSJ):    0.050ns
    Total Input Jitter      (TIJ):    0.600ns
    Discrete Jitter          (DJ):    0.000ns
    Phase Error              (PE):    0.000ns
  Timing Exception:       False Path

    Location             Delay type                Incr(ns)  Path(ns)    Netlist Resource(s)
  -------------------------------------------------------------------    -------------------
    PS7_X0Y0             PS7                          0.000     0.000 f  design_1_i/processing_system7_0/inst/PS7_i/FCLKRESETN[0]
                         net (fo=1, routed)           0.703     0.703    design_1_i/rst_ps7_0_50M/U0/EXT_LPF/ext_reset_in
    SLICE_X10Y51         LUT1 (Prop_lut1_I0_O)        0.045     0.748 r  design_1_i/rst_ps7_0_50M/U0/EXT_LPF/ACTIVE_LOW_EXT.ACT_LO_EXT_i_1/O
                         net (fo=1, routed)           0.000     0.748    design_1_i/rst_ps7_0_50M/U0/EXT_LPF/ACTIVE_LOW_EXT.ACT_LO_EXT/src_in
    SLICE_X10Y51         FDRE                                         r  design_1_i/rst_ps7_0_50M/U0/EXT_LPF/ACTIVE_LOW_EXT.ACT_LO_EXT/syncstages_ff_reg[0]/D
  -------------------------------------------------------------------    -------------------

                         (clock clk_fpga_0 rise edge)
                                                      0.000     0.000 r  <hidden>
    PS7_X0Y0             PS7                          0.000     0.000 r  design_1_i/processing_system7_0/inst/PS7_i/FCLKCLK[0]
                         net (fo=1, routed)           0.341     0.341    design_1_i/processing_system7_0/inst/FCLK_CLK_unbuffered[0]
    BUFGCTRL_X0Y0        BUFG (Prop_bufg_I_O)         0.029     0.370 r  design_1_i/processing_system7_0/inst/buffer_fclk_clk_0.FCLK_CLK_0_BUFG/O
                         net (fo=761, routed)         0.834     1.204    design_1_i/rst_ps7_0_50M/U0/EXT_LPF/ACTIVE_LOW_EXT.ACT_LO_EXT/dest_clk
    SLICE_X10Y51         FDRE                                         r  design_1_i/rst_ps7_0_50M/U0/EXT_LPF/ACTIVE_LOW_EXT.ACT_LO_EXT/syncstages_ff_reg[0]/C





--------------------------------------------------------------------------------------
Path Group:  (none)
From Clock:  clk_fpga_0
  To Clock:  clk_fpga_0

Max Delay             1 Endpoint
Min Delay             1 Endpoint
--------------------------------------------------------------------------------------


Max Delay Paths
--------------------------------------------------------------------------------------
Slack:                    inf
  Source:                 design_1_i/rst_ps7_0_50M/U0/ACTIVE_LOW_PR_OUT_DFF[0].FDRE_PER_N/C
                            (rising edge-triggered cell FDRE clocked by clk_fpga_0  {rise@0.000ns fall@10.000ns period=20.000ns})
  Destination:            design_1_i/axi_smc/inst/sc_ul/inst/cdc_aresetn/syncstages_ff_reg[0]/D
                            (rising edge-triggered cell FDRE clocked by clk_fpga_0  {rise@0.000ns fall@10.000ns period=20.000ns})
  Path Group:             (none)
  Path Type:              Setup (Max at Slow Process Corner)
  Data Path Delay:        1.085ns  (logic 0.456ns (42.043%)  route 0.629ns (57.957%))
  Logic Levels:           0  
  Clock Path Skew:        -0.279ns (DCD - SCD + CPR)
    Destination Clock Delay (DCD):    2.699ns
    Source Clock Delay      (SCD):    2.979ns
    Clock Pessimism Removal (CPR):    0.000ns
  Clock Uncertainty:      0.302ns  ((TSJ^2 + TIJ^2)^1/2 + DJ) / 2 + PE
    Total System Jitter     (TSJ):    0.071ns
    Total Input Jitter      (TIJ):    0.600ns
    Discrete Jitter          (DJ):    0.000ns
    Phase Error              (PE):    0.000ns
  Timing Exception:       False Path

    Location             Delay type                Incr(ns)  Path(ns)    Netlist Resource(s)
  -------------------------------------------------------------------    -------------------
                         (clock clk_fpga_0 rise edge)
                                                      0.000     0.000 r  <hidden>
    PS7_X0Y0             PS7                          0.000     0.000 r  design_1_i/processing_system7_0/inst/PS7_i/FCLKCLK[0]
                         net (fo=1, routed)           1.207     1.207    design_1_i/processing_system7_0/inst/FCLK_CLK_unbuffered[0]
    BUFGCTRL_X0Y0        BUFG (Prop_bufg_I_O)         0.101     1.308 r  design_1_i/processing_system7_0/inst/buffer_fclk_clk_0.FCLK_CLK_0_BUFG/O
                         net (fo=761, routed)         1.671     2.979    design_1_i/rst_ps7_0_50M/U0/slowest_sync_clk
    SLICE_X13Y51         FDRE                                         r  design_1_i/rst_ps7_0_50M/U0/ACTIVE_LOW_PR_OUT_DFF[0].FDRE_PER_N/C
  -------------------------------------------------------------------    -------------------
    SLICE_X13Y51         FDRE (Prop_fdre_C_Q)         0.456     3.435 r  design_1_i/rst_ps7_0_50M/U0/ACTIVE_LOW_PR_OUT_DFF[0].FDRE_PER_N/Q
                         net (fo=7, routed)           0.629     4.064    design_1_i/axi_smc/inst/sc_ul/inst/cdc_aresetn/src_rst
    SLICE_X7Y49          FDRE                                         r  design_1_i/axi_smc/inst/sc_ul/inst/cdc_aresetn/syncstages_ff_reg[0]/D
  -------------------------------------------------------------------    -------------------

                         (clock clk_fpga_0 rise edge)
                                                      0.000     0.000 r  <hidden>
    PS7_X0Y0             PS7                          0.000     0.000 r  design_1_i/processing_system7_0/inst/PS7_i/FCLKCLK[0]
                         net (fo=1, routed)           1.101     1.101    design_1_i/processing_system7_0/inst/FCLK_CLK_unbuffered[0]
    BUFGCTRL_X0Y0        BUFG (Prop_bufg_I_O)         0.091     1.192 r  design_1_i/processing_system7_0/inst/buffer_fclk_clk_0.FCLK_CLK_0_BUFG/O
                         net (fo=761, routed)         1.507     2.700    design_1_i/axi_smc/inst/sc_ul/inst/cdc_aresetn/dest_clk
    SLICE_X7Y49          FDRE                                         r  design_1_i/axi_smc/inst/sc_ul/inst/cdc_aresetn/syncstages_ff_reg[0]/C





Min Delay Paths
--------------------------------------------------------------------------------------
Slack:                    inf
  Source:                 design_1_i/rst_ps7_0_50M/U0/ACTIVE_LOW_PR_OUT_DFF[0].FDRE_PER_N/C
                            (rising edge-triggered cell FDRE clocked by clk_fpga_0  {rise@0.000ns fall@10.000ns period=20.000ns})
  Destination:            design_1_i/axi_smc/inst/sc_ul/inst/cdc_aresetn/syncstages_ff_reg[0]/D
                            (rising edge-triggered cell FDRE clocked by clk_fpga_0  {rise@0.000ns fall@10.000ns period=20.000ns})
  Path Group:             (none)
  Path Type:              Hold (Min at Fast Process Corner)
  Data Path Delay:        0.405ns  (logic 0.141ns (34.848%)  route 0.264ns (65.152%))
  Logic Levels:           0  
  Clock Path Skew:        0.299ns (DCD - SCD - CPR)
    Destination Clock Delay (DCD):    1.205ns
    Source Clock Delay      (SCD):    0.906ns
    Clock Pessimism Removal (CPR):    -0.000ns
  Clock Uncertainty:      0.302ns  ((TSJ^2 + TIJ^2)^1/2 + DJ) / 2 + PE
    Total System Jitter     (TSJ):    0.071ns
    Total Input Jitter      (TIJ):    0.600ns
    Discrete Jitter          (DJ):    0.000ns
    Phase Error              (PE):    0.000ns
  Timing Exception:       False Path

    Location             Delay type                Incr(ns)  Path(ns)    Netlist Resource(s)
  -------------------------------------------------------------------    -------------------
                         (clock clk_fpga_0 rise edge)
                                                      0.000     0.000 r  <hidden>
    PS7_X0Y0             PS7                          0.000     0.000 r  design_1_i/processing_system7_0/inst/PS7_i/FCLKCLK[0]
                         net (fo=1, routed)           0.315     0.315    design_1_i/processing_system7_0/inst/FCLK_CLK_unbuffered[0]
    BUFGCTRL_X0Y0        BUFG (Prop_bufg_I_O)         0.026     0.341 r  design_1_i/processing_system7_0/inst/buffer_fclk_clk_0.FCLK_CLK_0_BUFG/O
                         net (fo=761, routed)         0.565     0.906    design_1_i/rst_ps7_0_50M/U0/slowest_sync_clk
    SLICE_X13Y51         FDRE                                         r  design_1_i/rst_ps7_0_50M/U0/ACTIVE_LOW_PR_OUT_DFF[0].FDRE_PER_N/C
  -------------------------------------------------------------------    -------------------
    SLICE_X13Y51         FDRE (Prop_fdre_C_Q)         0.141     1.047 r  design_1_i/rst_ps7_0_50M/U0/ACTIVE_LOW_PR_OUT_DFF[0].FDRE_PER_N/Q
                         net (fo=7, routed)           0.264     1.310    design_1_i/axi_smc/inst/sc_ul/inst/cdc_aresetn/src_rst
    SLICE_X7Y49          FDRE                                         r  design_1_i/axi_smc/inst/sc_ul/inst/cdc_aresetn/syncstages_ff_reg[0]/D
  -------------------------------------------------------------------    -------------------

                         (clock clk_fpga_0 rise edge)
                                                      0.000     0.000 r  <hidden>
    PS7_X0Y0             PS7                          0.000     0.000 r  design_1_i/processing_system7_0/inst/PS7_i/FCLKCLK[0]
                         net (fo=1, routed)           0.341     0.341    design_1_i/processing_system7_0/inst/FCLK_CLK_unbuffered[0]
    BUFGCTRL_X0Y0        BUFG (Prop_bufg_I_O)         0.029     0.370 r  design_1_i/processing_system7_0/inst/buffer_fclk_clk_0.FCLK_CLK_0_BUFG/O
                         net (fo=761, routed)         0.835     1.205    design_1_i/axi_smc/inst/sc_ul/inst/cdc_aresetn/dest_clk
    SLICE_X7Y49          FDRE                                         r  design_1_i/axi_smc/inst/sc_ul/inst/cdc_aresetn/syncstages_ff_reg[0]/C





--------------------------------------------------------------------------------------
Path Group:  (none)
From Clock:  clk_fpga_0
  To Clock:  clk_out1_design_1_clk_wiz_0_0

Max Delay           181 Endpoints
Min Delay           181 Endpoints
--------------------------------------------------------------------------------------


Max Delay Paths
--------------------------------------------------------------------------------------
Slack:                    inf
  Source:                 design_1_i/chorus_axi_wrapper_0/inst/chorus_axi_wrapper_slave_lite_v1_0_S00_AXI_inst/slv_reg1_reg[7]/C
                            (rising edge-triggered cell FDRE clocked by clk_fpga_0  {rise@0.000ns fall@10.000ns period=20.000ns})
  Destination:            design_1_i/chorus_axi_wrapper_0/inst/chorus_internals/interp/B[8]
                            (rising edge-triggered cell DSP48E1 clocked by clk_out1_design_1_clk_wiz_0_0  {rise@0.000ns fall@40.690ns period=81.380ns})
  Path Group:             (none)
  Path Type:              Setup (Max at Slow Process Corner)
  Data Path Delay:        23.194ns  (logic 14.404ns (62.103%)  route 8.790ns (37.897%))
  Logic Levels:           19  (CARRY4=12 DSP48E1=4 LUT2=2 LUT3=1)
  Clock Path Skew:        -4.228ns (DCD - SCD + CPR)
    Destination Clock Delay (DCD):    -1.244ns
    Source Clock Delay      (SCD):    2.984ns
    Clock Pessimism Removal (CPR):    0.000ns
  Clock Uncertainty:      0.736ns  ((TSJ^2 + TIJ^2 + DJ^2)^1/2) / 2 + PE
    Total System Jitter     (TSJ):    0.071ns
    Total Input Jitter      (TIJ):    0.600ns
    Discrete Jitter          (DJ):    0.474ns
    Phase Error              (PE):    0.352ns
  Timing Exception:       Asynchronous Clock Groups

    Location             Delay type                Incr(ns)  Path(ns)    Netlist Resource(s)
  -------------------------------------------------------------------    -------------------
                         (clock clk_fpga_0 rise edge)
                                                      0.000     0.000 r  <hidden>
    PS7_X0Y0             PS7                          0.000     0.000 r  design_1_i/processing_system7_0/inst/PS7_i/FCLKCLK[0]
                         net (fo=1, routed)           1.207     1.207    design_1_i/processing_system7_0/inst/FCLK_CLK_unbuffered[0]
    BUFGCTRL_X0Y0        BUFG (Prop_bufg_I_O)         0.101     1.308 r  design_1_i/processing_system7_0/inst/buffer_fclk_clk_0.FCLK_CLK_0_BUFG/O
                         net (fo=761, routed)         1.676     2.984    design_1_i/chorus_axi_wrapper_0/inst/chorus_axi_wrapper_slave_lite_v1_0_S00_AXI_inst/s00_axi_aclk
    SLICE_X12Y36         FDRE                                         r  design_1_i/chorus_axi_wrapper_0/inst/chorus_axi_wrapper_slave_lite_v1_0_S00_AXI_inst/slv_reg1_reg[7]/C
  -------------------------------------------------------------------    -------------------
    SLICE_X12Y36         FDRE (Prop_fdre_C_Q)         0.518     3.502 r  design_1_i/chorus_axi_wrapper_0/inst/chorus_axi_wrapper_slave_lite_v1_0_S00_AXI_inst/slv_reg1_reg[7]/Q
                         net (fo=2, routed)           0.702     4.204    design_1_i/chorus_axi_wrapper_0/inst/chorus_internals/depth_scaled_0[7]
    DSP48_X0Y15          DSP48E1 (Prop_dsp48e1_B[7]_P[10])
                                                      3.656     7.860 r  design_1_i/chorus_axi_wrapper_0/inst/chorus_internals/depth_scaled/P[10]
                         net (fo=1, routed)           1.086     8.945    design_1_i/chorus_axi_wrapper_0/inst/chorus_internals/depth_scaled__0[10]
    DSP48_X0Y12          DSP48E1 (Prop_dsp48e1_B[10]_PCOUT[47])
                                                      3.851    12.796 r  design_1_i/chorus_axi_wrapper_0/inst/chorus_internals/depth_term__0/PCOUT[47]
                         net (fo=1, routed)           0.002    12.798    design_1_i/chorus_axi_wrapper_0/inst/chorus_internals/depth_term__0_n_106
    DSP48_X0Y13          DSP48E1 (Prop_dsp48e1_PCIN[47]_P[17])
                                                      1.518    14.316 r  design_1_i/chorus_axi_wrapper_0/inst/chorus_internals/depth_term__1/P[17]
                         net (fo=2, routed)           1.214    15.530    design_1_i/chorus_axi_wrapper_0/inst/chorus_internals/depth_term__1_n_88
    SLICE_X9Y29          LUT2 (Prop_lut2_I0_O)        0.124    15.654 r  design_1_i/chorus_axi_wrapper_0/inst/chorus_internals/delay_unclamped_i_37/O
                         net (fo=1, routed)           0.000    15.654    design_1_i/chorus_axi_wrapper_0/inst/chorus_internals/delay_unclamped_i_37_n_0
    SLICE_X9Y29          CARRY4 (Prop_carry4_S[1]_CO[3])
                                                      0.550    16.204 r  design_1_i/chorus_axi_wrapper_0/inst/chorus_internals/delay_unclamped_i_8/CO[3]
                         net (fo=1, routed)           0.000    16.204    design_1_i/chorus_axi_wrapper_0/inst/chorus_internals/delay_unclamped_i_8_n_0
    SLICE_X9Y30          CARRY4 (Prop_carry4_CI_CO[3])
                                                      0.114    16.318 r  design_1_i/chorus_axi_wrapper_0/inst/chorus_internals/delay_unclamped_i_7/CO[3]
                         net (fo=1, routed)           0.000    16.318    design_1_i/chorus_axi_wrapper_0/inst/chorus_internals/delay_unclamped_i_7_n_0
    SLICE_X9Y31          CARRY4 (Prop_carry4_CI_CO[3])
                                                      0.114    16.432 r  design_1_i/chorus_axi_wrapper_0/inst/chorus_internals/delay_unclamped_i_6/CO[3]
                         net (fo=1, routed)           0.000    16.432    design_1_i/chorus_axi_wrapper_0/inst/chorus_internals/delay_unclamped_i_6_n_0
    SLICE_X9Y32          CARRY4 (Prop_carry4_CI_CO[3])
                                                      0.114    16.546 r  design_1_i/chorus_axi_wrapper_0/inst/chorus_internals/delay_unclamped_i_5/CO[3]
                         net (fo=1, routed)           0.000    16.546    design_1_i/chorus_axi_wrapper_0/inst/chorus_internals/delay_unclamped_i_5_n_0
    SLICE_X9Y33          CARRY4 (Prop_carry4_CI_CO[3])
                                                      0.114    16.660 r  design_1_i/chorus_axi_wrapper_0/inst/chorus_internals/delay_unclamped_i_4/CO[3]
                         net (fo=1, routed)           0.000    16.660    design_1_i/chorus_axi_wrapper_0/inst/chorus_internals/delay_unclamped_i_4_n_0
    SLICE_X9Y34          CARRY4 (Prop_carry4_CI_CO[3])
                                                      0.114    16.774 r  design_1_i/chorus_axi_wrapper_0/inst/chorus_internals/delay_unclamped_i_3/CO[3]
                         net (fo=1, routed)           0.000    16.774    design_1_i/chorus_axi_wrapper_0/inst/chorus_internals/delay_unclamped_i_3_n_0
    SLICE_X9Y35          CARRY4 (Prop_carry4_CI_CO[3])
                                                      0.114    16.888 r  design_1_i/chorus_axi_wrapper_0/inst/chorus_internals/delay_unclamped_i_2/CO[3]
                         net (fo=1, routed)           0.000    16.888    design_1_i/chorus_axi_wrapper_0/inst/chorus_internals/delay_unclamped_i_2_n_0
    SLICE_X9Y36          CARRY4 (Prop_carry4_CI_O[1])
                                                      0.334    17.222 r  design_1_i/chorus_axi_wrapper_0/inst/chorus_internals/delay_unclamped_i_1/O[1]
                         net (fo=9, routed)           1.242    18.464    design_1_i/chorus_axi_wrapper_0/inst/chorus_internals/C[39]
    DSP48_X0Y14          DSP48E1 (Prop_dsp48e1_C[46]_P[10])
                                                      1.999    20.463 f  design_1_i/chorus_axi_wrapper_0/inst/chorus_internals/delay_unclamped/P[10]
                         net (fo=4, routed)           1.295    21.758    design_1_i/chorus_axi_wrapper_0/inst/chorus_internals/delay_unclamped__0[10]
    SLICE_X11Y35         LUT2 (Prop_lut2_I0_O)        0.124    21.882 r  design_1_i/chorus_axi_wrapper_0/inst/chorus_internals/delay_q1_carry__0_i_7/O
                         net (fo=1, routed)           0.000    21.882    design_1_i/chorus_axi_wrapper_0/inst/chorus_internals/delay_q1_carry__0_i_7_n_0
    SLICE_X11Y35         CARRY4 (Prop_carry4_S[1]_CO[3])
                                                      0.550    22.432 r  design_1_i/chorus_axi_wrapper_0/inst/chorus_internals/delay_q1_carry__0/CO[3]
                         net (fo=1, routed)           0.000    22.432    design_1_i/chorus_axi_wrapper_0/inst/chorus_internals/delay_q1_carry__0_n_0
    SLICE_X11Y36         CARRY4 (Prop_carry4_CI_CO[3])
                                                      0.114    22.546 r  design_1_i/chorus_axi_wrapper_0/inst/chorus_internals/delay_q1_carry__1/CO[3]
                         net (fo=1, routed)           0.000    22.546    design_1_i/chorus_axi_wrapper_0/inst/chorus_internals/delay_q1_carry__1_n_0
    SLICE_X11Y37         CARRY4 (Prop_carry4_CI_CO[3])
                                                      0.114    22.660 r  design_1_i/chorus_axi_wrapper_0/inst/chorus_internals/delay_q1_carry__2/CO[3]
                         net (fo=1, routed)           0.000    22.660    design_1_i/chorus_axi_wrapper_0/inst/chorus_internals/delay_q1_carry__2_n_0
    SLICE_X11Y38         CARRY4 (Prop_carry4_CI_CO[3])
                                                      0.114    22.774 f  design_1_i/chorus_axi_wrapper_0/inst/chorus_internals/delay_q1_carry__3/CO[3]
                         net (fo=35, routed)          2.557    25.331    design_1_i/chorus_axi_wrapper_0/inst/chorus_internals/delay_q1
    SLICE_X26Y37         LUT3 (Prop_lut3_I0_O)        0.154    25.485 r  design_1_i/chorus_axi_wrapper_0/inst/chorus_internals/interp_i_5/O
                         net (fo=1, routed)           0.693    26.178    design_1_i/chorus_axi_wrapper_0/inst/chorus_internals/interp_i_5_n_0
    DSP48_X1Y14          DSP48E1                                      r  design_1_i/chorus_axi_wrapper_0/inst/chorus_internals/interp/B[8]
  -------------------------------------------------------------------    -------------------

                         (clock clk_out1_design_1_clk_wiz_0_0 rise edge)
                                                      0.000     0.000 r  <hidden>
    K17                                               0.000     0.000 r  sys_clock
                         net (fo=0)                   0.000     0.000    design_1_i/clk_wiz_0/inst/clk_in1
    K17                  IBUF (Prop_ibuf_I_O)         1.421     1.421 r  design_1_i/clk_wiz_0/inst/clkin1_ibufg/O
                         net (fo=1, routed)           1.162     2.583    design_1_i/clk_wiz_0/inst/clk_in1_design_1_clk_wiz_0_0
    MMCME2_ADV_X0Y1      MMCME2_ADV (Prop_mmcme2_adv_CLKIN1_CLKOUT0)
                                                     -7.105    -4.522 r  design_1_i/clk_wiz_0/inst/mmcm_adv_inst/CLKOUT0
                         net (fo=1, routed)           1.599    -2.923    design_1_i/clk_wiz_0/inst/clk_out1_design_1_clk_wiz_0_0
    BUFGCTRL_X0Y16       BUFG (Prop_bufg_I_O)         0.091    -2.832 r  design_1_i/clk_wiz_0/inst/clkout1_buf/O
                         net (fo=300, routed)         1.588    -1.244    design_1_i/chorus_axi_wrapper_0/inst/chorus_internals/audio_clk
    DSP48_X1Y14          DSP48E1                                      r  design_1_i/chorus_axi_wrapper_0/inst/chorus_internals/interp/CLK

Slack:                    inf
  Source:                 design_1_i/chorus_axi_wrapper_0/inst/chorus_axi_wrapper_slave_lite_v1_0_S00_AXI_inst/slv_reg1_reg[7]/C
                            (rising edge-triggered cell FDRE clocked by clk_fpga_0  {rise@0.000ns fall@10.000ns period=20.000ns})
  Destination:            design_1_i/chorus_axi_wrapper_0/inst/chorus_internals/interp/B[9]
                            (rising edge-triggered cell DSP48E1 clocked by clk_out1_design_1_clk_wiz_0_0  {rise@0.000ns fall@40.690ns period=81.380ns})
  Path Group:             (none)
  Path Type:              Setup (Max at Slow Process Corner)
  Data Path Delay:        23.168ns  (logic 14.374ns (62.041%)  route 8.794ns (37.959%))
  Logic Levels:           19  (CARRY4=12 DSP48E1=4 LUT2=2 LUT3=1)
  Clock Path Skew:        -4.228ns (DCD - SCD + CPR)
    Destination Clock Delay (DCD):    -1.244ns
    Source Clock Delay      (SCD):    2.984ns
    Clock Pessimism Removal (CPR):    0.000ns
  Clock Uncertainty:      0.736ns  ((TSJ^2 + TIJ^2 + DJ^2)^1/2) / 2 + PE
    Total System Jitter     (TSJ):    0.071ns
    Total Input Jitter      (TIJ):    0.600ns
    Discrete Jitter          (DJ):    0.474ns
    Phase Error              (PE):    0.352ns
  Timing Exception:       Asynchronous Clock Groups

    Location             Delay type                Incr(ns)  Path(ns)    Netlist Resource(s)
  -------------------------------------------------------------------    -------------------
                         (clock clk_fpga_0 rise edge)
                                                      0.000     0.000 r  <hidden>
    PS7_X0Y0             PS7                          0.000     0.000 r  design_1_i/processing_system7_0/inst/PS7_i/FCLKCLK[0]
                         net (fo=1, routed)           1.207     1.207    design_1_i/processing_system7_0/inst/FCLK_CLK_unbuffered[0]
    BUFGCTRL_X0Y0        BUFG (Prop_bufg_I_O)         0.101     1.308 r  design_1_i/processing_system7_0/inst/buffer_fclk_clk_0.FCLK_CLK_0_BUFG/O
                         net (fo=761, routed)         1.676     2.984    design_1_i/chorus_axi_wrapper_0/inst/chorus_axi_wrapper_slave_lite_v1_0_S00_AXI_inst/s00_axi_aclk
    SLICE_X12Y36         FDRE                                         r  design_1_i/chorus_axi_wrapper_0/inst/chorus_axi_wrapper_slave_lite_v1_0_S00_AXI_inst/slv_reg1_reg[7]/C
  -------------------------------------------------------------------    -------------------
    SLICE_X12Y36         FDRE (Prop_fdre_C_Q)         0.518     3.502 r  design_1_i/chorus_axi_wrapper_0/inst/chorus_axi_wrapper_slave_lite_v1_0_S00_AXI_inst/slv_reg1_reg[7]/Q
                         net (fo=2, routed)           0.702     4.204    design_1_i/chorus_axi_wrapper_0/inst/chorus_internals/depth_scaled_0[7]
    DSP48_X0Y15          DSP48E1 (Prop_dsp48e1_B[7]_P[10])
                                                      3.656     7.860 r  design_1_i/chorus_axi_wrapper_0/inst/chorus_internals/depth_scaled/P[10]
                         net (fo=1, routed)           1.086     8.945    design_1_i/chorus_axi_wrapper_0/inst/chorus_internals/depth_scaled__0[10]
    DSP48_X0Y12          DSP48E1 (Prop_dsp48e1_B[10]_PCOUT[47])
                                                      3.851    12.796 r  design_1_i/chorus_axi_wrapper_0/inst/chorus_internals/depth_term__0/PCOUT[47]
                         net (fo=1, routed)           0.002    12.798    design_1_i/chorus_axi_wrapper_0/inst/chorus_internals/depth_term__0_n_106
    DSP48_X0Y13          DSP48E1 (Prop_dsp48e1_PCIN[47]_P[17])
                                                      1.518    14.316 r  design_1_i/chorus_axi_wrapper_0/inst/chorus_internals/depth_term__1/P[17]
                         net (fo=2, routed)           1.214    15.530    design_1_i/chorus_axi_wrapper_0/inst/chorus_internals/depth_term__1_n_88
    SLICE_X9Y29          LUT2 (Prop_lut2_I0_O)        0.124    15.654 r  design_1_i/chorus_axi_wrapper_0/inst/chorus_internals/delay_unclamped_i_37/O
                         net (fo=1, routed)           0.000    15.654    design_1_i/chorus_axi_wrapper_0/inst/chorus_internals/delay_unclamped_i_37_n_0
    SLICE_X9Y29          CARRY4 (Prop_carry4_S[1]_CO[3])
                                                      0.550    16.204 r  design_1_i/chorus_axi_wrapper_0/inst/chorus_internals/delay_unclamped_i_8/CO[3]
                         net (fo=1, routed)           0.000    16.204    design_1_i/chorus_axi_wrapper_0/inst/chorus_internals/delay_unclamped_i_8_n_0
    SLICE_X9Y30          CARRY4 (Prop_carry4_CI_CO[3])
                                                      0.114    16.318 r  design_1_i/chorus_axi_wrapper_0/inst/chorus_internals/delay_unclamped_i_7/CO[3]
                         net (fo=1, routed)           0.000    16.318    design_1_i/chorus_axi_wrapper_0/inst/chorus_internals/delay_unclamped_i_7_n_0
    SLICE_X9Y31          CARRY4 (Prop_carry4_CI_CO[3])
                                                      0.114    16.432 r  design_1_i/chorus_axi_wrapper_0/inst/chorus_internals/delay_unclamped_i_6/CO[3]
                         net (fo=1, routed)           0.000    16.432    design_1_i/chorus_axi_wrapper_0/inst/chorus_internals/delay_unclamped_i_6_n_0
    SLICE_X9Y32          CARRY4 (Prop_carry4_CI_CO[3])
                                                      0.114    16.546 r  design_1_i/chorus_axi_wrapper_0/inst/chorus_internals/delay_unclamped_i_5/CO[3]
                         net (fo=1, routed)           0.000    16.546    design_1_i/chorus_axi_wrapper_0/inst/chorus_internals/delay_unclamped_i_5_n_0
    SLICE_X9Y33          CARRY4 (Prop_carry4_CI_CO[3])
                                                      0.114    16.660 r  design_1_i/chorus_axi_wrapper_0/inst/chorus_internals/delay_unclamped_i_4/CO[3]
                         net (fo=1, routed)           0.000    16.660    design_1_i/chorus_axi_wrapper_0/inst/chorus_internals/delay_unclamped_i_4_n_0
    SLICE_X9Y34          CARRY4 (Prop_carry4_CI_CO[3])
                                                      0.114    16.774 r  design_1_i/chorus_axi_wrapper_0/inst/chorus_internals/delay_unclamped_i_3/CO[3]
                         net (fo=1, routed)           0.000    16.774    design_1_i/chorus_axi_wrapper_0/inst/chorus_internals/delay_unclamped_i_3_n_0
    SLICE_X9Y35          CARRY4 (Prop_carry4_CI_CO[3])
                                                      0.114    16.888 r  design_1_i/chorus_axi_wrapper_0/inst/chorus_internals/delay_unclamped_i_2/CO[3]
                         net (fo=1, routed)           0.000    16.888    design_1_i/chorus_axi_wrapper_0/inst/chorus_internals/delay_unclamped_i_2_n_0
    SLICE_X9Y36          CARRY4 (Prop_carry4_CI_O[1])
                                                      0.334    17.222 r  design_1_i/chorus_axi_wrapper_0/inst/chorus_internals/delay_unclamped_i_1/O[1]
                         net (fo=9, routed)           1.242    18.464    design_1_i/chorus_axi_wrapper_0/inst/chorus_internals/C[39]
    DSP48_X0Y14          DSP48E1 (Prop_dsp48e1_C[46]_P[10])
                                                      1.999    20.463 f  design_1_i/chorus_axi_wrapper_0/inst/chorus_internals/delay_unclamped/P[10]
                         net (fo=4, routed)           1.295    21.758    design_1_i/chorus_axi_wrapper_0/inst/chorus_internals/delay_unclamped__0[10]
    SLICE_X11Y35         LUT2 (Prop_lut2_I0_O)        0.124    21.882 r  design_1_i/chorus_axi_wrapper_0/inst/chorus_internals/delay_q1_carry__0_i_7/O
                         net (fo=1, routed)           0.000    21.882    design_1_i/chorus_axi_wrapper_0/inst/chorus_internals/delay_q1_carry__0_i_7_n_0
    SLICE_X11Y35         CARRY4 (Prop_carry4_S[1]_CO[3])
                                                      0.550    22.432 r  design_1_i/chorus_axi_wrapper_0/inst/chorus_internals/delay_q1_carry__0/CO[3]
                         net (fo=1, routed)           0.000    22.432    design_1_i/chorus_axi_wrapper_0/inst/chorus_internals/delay_q1_carry__0_n_0
    SLICE_X11Y36         CARRY4 (Prop_carry4_CI_CO[3])
                                                      0.114    22.546 r  design_1_i/chorus_axi_wrapper_0/inst/chorus_internals/delay_q1_carry__1/CO[3]
                         net (fo=1, routed)           0.000    22.546    design_1_i/chorus_axi_wrapper_0/inst/chorus_internals/delay_q1_carry__1_n_0
    SLICE_X11Y37         CARRY4 (Prop_carry4_CI_CO[3])
                                                      0.114    22.660 r  design_1_i/chorus_axi_wrapper_0/inst/chorus_internals/delay_q1_carry__2/CO[3]
                         net (fo=1, routed)           0.000    22.660    design_1_i/chorus_axi_wrapper_0/inst/chorus_internals/delay_q1_carry__2_n_0
    SLICE_X11Y38         CARRY4 (Prop_carry4_CI_CO[3])
                                                      0.114    22.774 f  design_1_i/chorus_axi_wrapper_0/inst/chorus_internals/delay_q1_carry__3/CO[3]
                         net (fo=35, routed)          2.557    25.331    design_1_i/chorus_axi_wrapper_0/inst/chorus_internals/delay_q1
    SLICE_X26Y37         LUT3 (Prop_lut3_I0_O)        0.124    25.455 r  design_1_i/chorus_axi_wrapper_0/inst/chorus_internals/interp_i_4/O
                         net (fo=1, routed)           0.697    26.152    design_1_i/chorus_axi_wrapper_0/inst/chorus_internals/interp_i_4_n_0
    DSP48_X1Y14          DSP48E1                                      r  design_1_i/chorus_axi_wrapper_0/inst/chorus_internals/interp/B[9]
  -------------------------------------------------------------------    -------------------

                         (clock clk_out1_design_1_clk_wiz_0_0 rise edge)
                                                      0.000     0.000 r  <hidden>
    K17                                               0.000     0.000 r  sys_clock
                         net (fo=0)                   0.000     0.000    design_1_i/clk_wiz_0/inst/clk_in1
    K17                  IBUF (Prop_ibuf_I_O)         1.421     1.421 r  design_1_i/clk_wiz_0/inst/clkin1_ibufg/O
                         net (fo=1, routed)           1.162     2.583    design_1_i/clk_wiz_0/inst/clk_in1_design_1_clk_wiz_0_0
    MMCME2_ADV_X0Y1      MMCME2_ADV (Prop_mmcme2_adv_CLKIN1_CLKOUT0)
                                                     -7.105    -4.522 r  design_1_i/clk_wiz_0/inst/mmcm_adv_inst/CLKOUT0
                         net (fo=1, routed)           1.599    -2.923    design_1_i/clk_wiz_0/inst/clk_out1_design_1_clk_wiz_0_0
    BUFGCTRL_X0Y16       BUFG (Prop_bufg_I_O)         0.091    -2.832 r  design_1_i/clk_wiz_0/inst/clkout1_buf/O
                         net (fo=300, routed)         1.588    -1.244    design_1_i/chorus_axi_wrapper_0/inst/chorus_internals/audio_clk
    DSP48_X1Y14          DSP48E1                                      r  design_1_i/chorus_axi_wrapper_0/inst/chorus_internals/interp/CLK

Slack:                    inf
  Source:                 design_1_i/chorus_axi_wrapper_0/inst/chorus_axi_wrapper_slave_lite_v1_0_S00_AXI_inst/slv_reg1_reg[7]/C
                            (rising edge-triggered cell FDRE clocked by clk_fpga_0  {rise@0.000ns fall@10.000ns period=20.000ns})
  Destination:            design_1_i/chorus_axi_wrapper_0/inst/chorus_internals/interp/B[0]
                            (rising edge-triggered cell DSP48E1 clocked by clk_out1_design_1_clk_wiz_0_0  {rise@0.000ns fall@40.690ns period=81.380ns})
  Path Group:             (none)
  Path Type:              Setup (Max at Slow Process Corner)
  Data Path Delay:        22.855ns  (logic 14.404ns (63.022%)  route 8.451ns (36.978%))
  Logic Levels:           19  (CARRY4=12 DSP48E1=4 LUT2=2 LUT3=1)
  Clock Path Skew:        -4.228ns (DCD - SCD + CPR)
    Destination Clock Delay (DCD):    -1.244ns
    Source Clock Delay      (SCD):    2.984ns
    Clock Pessimism Removal (CPR):    0.000ns
  Clock Uncertainty:      0.736ns  ((TSJ^2 + TIJ^2 + DJ^2)^1/2) / 2 + PE
    Total System Jitter     (TSJ):    0.071ns
    Total Input Jitter      (TIJ):    0.600ns
    Discrete Jitter          (DJ):    0.474ns
    Phase Error              (PE):    0.352ns
  Timing Exception:       Asynchronous Clock Groups

    Location             Delay type                Incr(ns)  Path(ns)    Netlist Resource(s)
  -------------------------------------------------------------------    -------------------
                         (clock clk_fpga_0 rise edge)
                                                      0.000     0.000 r  <hidden>
    PS7_X0Y0             PS7                          0.000     0.000 r  design_1_i/processing_system7_0/inst/PS7_i/FCLKCLK[0]
                         net (fo=1, routed)           1.207     1.207    design_1_i/processing_system7_0/inst/FCLK_CLK_unbuffered[0]
    BUFGCTRL_X0Y0        BUFG (Prop_bufg_I_O)         0.101     1.308 r  design_1_i/processing_system7_0/inst/buffer_fclk_clk_0.FCLK_CLK_0_BUFG/O
                         net (fo=761, routed)         1.676     2.984    design_1_i/chorus_axi_wrapper_0/inst/chorus_axi_wrapper_slave_lite_v1_0_S00_AXI_inst/s00_axi_aclk
    SLICE_X12Y36         FDRE                                         r  design_1_i/chorus_axi_wrapper_0/inst/chorus_axi_wrapper_slave_lite_v1_0_S00_AXI_inst/slv_reg1_reg[7]/C
  -------------------------------------------------------------------    -------------------
    SLICE_X12Y36         FDRE (Prop_fdre_C_Q)         0.518     3.502 r  design_1_i/chorus_axi_wrapper_0/inst/chorus_axi_wrapper_slave_lite_v1_0_S00_AXI_inst/slv_reg1_reg[7]/Q
                         net (fo=2, routed)           0.702     4.204    design_1_i/chorus_axi_wrapper_0/inst/chorus_internals/depth_scaled_0[7]
    DSP48_X0Y15          DSP48E1 (Prop_dsp48e1_B[7]_P[10])
                                                      3.656     7.860 r  design_1_i/chorus_axi_wrapper_0/inst/chorus_internals/depth_scaled/P[10]
                         net (fo=1, routed)           1.086     8.945    design_1_i/chorus_axi_wrapper_0/inst/chorus_internals/depth_scaled__0[10]
    DSP48_X0Y12          DSP48E1 (Prop_dsp48e1_B[10]_PCOUT[47])
                                                      3.851    12.796 r  design_1_i/chorus_axi_wrapper_0/inst/chorus_internals/depth_term__0/PCOUT[47]
                         net (fo=1, routed)           0.002    12.798    design_1_i/chorus_axi_wrapper_0/inst/chorus_internals/depth_term__0_n_106
    DSP48_X0Y13          DSP48E1 (Prop_dsp48e1_PCIN[47]_P[17])
                                                      1.518    14.316 r  design_1_i/chorus_axi_wrapper_0/inst/chorus_internals/depth_term__1/P[17]
                         net (fo=2, routed)           1.214    15.530    design_1_i/chorus_axi_wrapper_0/inst/chorus_internals/depth_term__1_n_88
    SLICE_X9Y29          LUT2 (Prop_lut2_I0_O)        0.124    15.654 r  design_1_i/chorus_axi_wrapper_0/inst/chorus_internals/delay_unclamped_i_37/O
                         net (fo=1, routed)           0.000    15.654    design_1_i/chorus_axi_wrapper_0/inst/chorus_internals/delay_unclamped_i_37_n_0
    SLICE_X9Y29          CARRY4 (Prop_carry4_S[1]_CO[3])
                                                      0.550    16.204 r  design_1_i/chorus_axi_wrapper_0/inst/chorus_internals/delay_unclamped_i_8/CO[3]
                         net (fo=1, routed)           0.000    16.204    design_1_i/chorus_axi_wrapper_0/inst/chorus_internals/delay_unclamped_i_8_n_0
    SLICE_X9Y30          CARRY4 (Prop_carry4_CI_CO[3])
                                                      0.114    16.318 r  design_1_i/chorus_axi_wrapper_0/inst/chorus_internals/delay_unclamped_i_7/CO[3]
                         net (fo=1, routed)           0.000    16.318    design_1_i/chorus_axi_wrapper_0/inst/chorus_internals/delay_unclamped_i_7_n_0
    SLICE_X9Y31          CARRY4 (Prop_carry4_CI_CO[3])
                                                      0.114    16.432 r  design_1_i/chorus_axi_wrapper_0/inst/chorus_internals/delay_unclamped_i_6/CO[3]
                         net (fo=1, routed)           0.000    16.432    design_1_i/chorus_axi_wrapper_0/inst/chorus_internals/delay_unclamped_i_6_n_0
    SLICE_X9Y32          CARRY4 (Prop_carry4_CI_CO[3])
                                                      0.114    16.546 r  design_1_i/chorus_axi_wrapper_0/inst/chorus_internals/delay_unclamped_i_5/CO[3]
                         net (fo=1, routed)           0.000    16.546    design_1_i/chorus_axi_wrapper_0/inst/chorus_internals/delay_unclamped_i_5_n_0
    SLICE_X9Y33          CARRY4 (Prop_carry4_CI_CO[3])
                                                      0.114    16.660 r  design_1_i/chorus_axi_wrapper_0/inst/chorus_internals/delay_unclamped_i_4/CO[3]
                         net (fo=1, routed)           0.000    16.660    design_1_i/chorus_axi_wrapper_0/inst/chorus_internals/delay_unclamped_i_4_n_0
    SLICE_X9Y34          CARRY4 (Prop_carry4_CI_CO[3])
                                                      0.114    16.774 r  design_1_i/chorus_axi_wrapper_0/inst/chorus_internals/delay_unclamped_i_3/CO[3]
                         net (fo=1, routed)           0.000    16.774    design_1_i/chorus_axi_wrapper_0/inst/chorus_internals/delay_unclamped_i_3_n_0
    SLICE_X9Y35          CARRY4 (Prop_carry4_CI_CO[3])
                                                      0.114    16.888 r  design_1_i/chorus_axi_wrapper_0/inst/chorus_internals/delay_unclamped_i_2/CO[3]
                         net (fo=1, routed)           0.000    16.888    design_1_i/chorus_axi_wrapper_0/inst/chorus_internals/delay_unclamped_i_2_n_0
    SLICE_X9Y36          CARRY4 (Prop_carry4_CI_O[1])
                                                      0.334    17.222 r  design_1_i/chorus_axi_wrapper_0/inst/chorus_internals/delay_unclamped_i_1/O[1]
                         net (fo=9, routed)           1.242    18.464    design_1_i/chorus_axi_wrapper_0/inst/chorus_internals/C[39]
    DSP48_X0Y14          DSP48E1 (Prop_dsp48e1_C[46]_P[10])
                                                      1.999    20.463 f  design_1_i/chorus_axi_wrapper_0/inst/chorus_internals/delay_unclamped/P[10]
                         net (fo=4, routed)           1.295    21.758    design_1_i/chorus_axi_wrapper_0/inst/chorus_internals/delay_unclamped__0[10]
    SLICE_X11Y35         LUT2 (Prop_lut2_I0_O)        0.124    21.882 r  design_1_i/chorus_axi_wrapper_0/inst/chorus_internals/delay_q1_carry__0_i_7/O
                         net (fo=1, routed)           0.000    21.882    design_1_i/chorus_axi_wrapper_0/inst/chorus_internals/delay_q1_carry__0_i_7_n_0
    SLICE_X11Y35         CARRY4 (Prop_carry4_S[1]_CO[3])
                                                      0.550    22.432 r  design_1_i/chorus_axi_wrapper_0/inst/chorus_internals/delay_q1_carry__0/CO[3]
                         net (fo=1, routed)           0.000    22.432    design_1_i/chorus_axi_wrapper_0/inst/chorus_internals/delay_q1_carry__0_n_0
    SLICE_X11Y36         CARRY4 (Prop_carry4_CI_CO[3])
                                                      0.114    22.546 r  design_1_i/chorus_axi_wrapper_0/inst/chorus_internals/delay_q1_carry__1/CO[3]
                         net (fo=1, routed)           0.000    22.546    design_1_i/chorus_axi_wrapper_0/inst/chorus_internals/delay_q1_carry__1_n_0
    SLICE_X11Y37         CARRY4 (Prop_carry4_CI_CO[3])
                                                      0.114    22.660 r  design_1_i/chorus_axi_wrapper_0/inst/chorus_internals/delay_q1_carry__2/CO[3]
                         net (fo=1, routed)           0.000    22.660    design_1_i/chorus_axi_wrapper_0/inst/chorus_internals/delay_q1_carry__2_n_0
    SLICE_X11Y38         CARRY4 (Prop_carry4_CI_CO[3])
                                                      0.114    22.774 f  design_1_i/chorus_axi_wrapper_0/inst/chorus_internals/delay_q1_carry__3/CO[3]
                         net (fo=35, routed)          2.218    24.992    design_1_i/chorus_axi_wrapper_0/inst/chorus_internals/delay_q1
    SLICE_X27Y35         LUT3 (Prop_lut3_I0_O)        0.154    25.146 r  design_1_i/chorus_axi_wrapper_0/inst/chorus_internals/interp_i_13/O
                         net (fo=1, routed)           0.693    25.839    design_1_i/chorus_axi_wrapper_0/inst/chorus_internals/interp_i_13_n_0
    DSP48_X1Y14          DSP48E1                                      r  design_1_i/chorus_axi_wrapper_0/inst/chorus_internals/interp/B[0]
  -------------------------------------------------------------------    -------------------

                         (clock clk_out1_design_1_clk_wiz_0_0 rise edge)
                                                      0.000     0.000 r  <hidden>
    K17                                               0.000     0.000 r  sys_clock
                         net (fo=0)                   0.000     0.000    design_1_i/clk_wiz_0/inst/clk_in1
    K17                  IBUF (Prop_ibuf_I_O)         1.421     1.421 r  design_1_i/clk_wiz_0/inst/clkin1_ibufg/O
                         net (fo=1, routed)           1.162     2.583    design_1_i/clk_wiz_0/inst/clk_in1_design_1_clk_wiz_0_0
    MMCME2_ADV_X0Y1      MMCME2_ADV (Prop_mmcme2_adv_CLKIN1_CLKOUT0)
                                                     -7.105    -4.522 r  design_1_i/clk_wiz_0/inst/mmcm_adv_inst/CLKOUT0
                         net (fo=1, routed)           1.599    -2.923    design_1_i/clk_wiz_0/inst/clk_out1_design_1_clk_wiz_0_0
    BUFGCTRL_X0Y16       BUFG (Prop_bufg_I_O)         0.091    -2.832 r  design_1_i/clk_wiz_0/inst/clkout1_buf/O
                         net (fo=300, routed)         1.588    -1.244    design_1_i/chorus_axi_wrapper_0/inst/chorus_internals/audio_clk
    DSP48_X1Y14          DSP48E1                                      r  design_1_i/chorus_axi_wrapper_0/inst/chorus_internals/interp/CLK

Slack:                    inf
  Source:                 design_1_i/chorus_axi_wrapper_0/inst/chorus_axi_wrapper_slave_lite_v1_0_S00_AXI_inst/slv_reg1_reg[7]/C
                            (rising edge-triggered cell FDRE clocked by clk_fpga_0  {rise@0.000ns fall@10.000ns period=20.000ns})
  Destination:            design_1_i/chorus_axi_wrapper_0/inst/chorus_internals/interp/B[5]
                            (rising edge-triggered cell DSP48E1 clocked by clk_out1_design_1_clk_wiz_0_0  {rise@0.000ns fall@40.690ns period=81.380ns})
  Path Group:             (none)
  Path Type:              Setup (Max at Slow Process Corner)
  Data Path Delay:        22.841ns  (logic 14.402ns (63.052%)  route 8.439ns (36.948%))
  Logic Levels:           19  (CARRY4=12 DSP48E1=4 LUT2=2 LUT3=1)
  Clock Path Skew:        -4.228ns (DCD - SCD + CPR)
    Destination Clock Delay (DCD):    -1.244ns
    Source Clock Delay      (SCD):    2.984ns
    Clock Pessimism Removal (CPR):    0.000ns
  Clock Uncertainty:      0.736ns  ((TSJ^2 + TIJ^2 + DJ^2)^1/2) / 2 + PE
    Total System Jitter     (TSJ):    0.071ns
    Total Input Jitter      (TIJ):    0.600ns
    Discrete Jitter          (DJ):    0.474ns
    Phase Error              (PE):    0.352ns
  Timing Exception:       Asynchronous Clock Groups

    Location             Delay type                Incr(ns)  Path(ns)    Netlist Resource(s)
  -------------------------------------------------------------------    -------------------
                         (clock clk_fpga_0 rise edge)
                                                      0.000     0.000 r  <hidden>
    PS7_X0Y0             PS7                          0.000     0.000 r  design_1_i/processing_system7_0/inst/PS7_i/FCLKCLK[0]
                         net (fo=1, routed)           1.207     1.207    design_1_i/processing_system7_0/inst/FCLK_CLK_unbuffered[0]
    BUFGCTRL_X0Y0        BUFG (Prop_bufg_I_O)         0.101     1.308 r  design_1_i/processing_system7_0/inst/buffer_fclk_clk_0.FCLK_CLK_0_BUFG/O
                         net (fo=761, routed)         1.676     2.984    design_1_i/chorus_axi_wrapper_0/inst/chorus_axi_wrapper_slave_lite_v1_0_S00_AXI_inst/s00_axi_aclk
    SLICE_X12Y36         FDRE                                         r  design_1_i/chorus_axi_wrapper_0/inst/chorus_axi_wrapper_slave_lite_v1_0_S00_AXI_inst/slv_reg1_reg[7]/C
  -------------------------------------------------------------------    -------------------
    SLICE_X12Y36         FDRE (Prop_fdre_C_Q)         0.518     3.502 r  design_1_i/chorus_axi_wrapper_0/inst/chorus_axi_wrapper_slave_lite_v1_0_S00_AXI_inst/slv_reg1_reg[7]/Q
                         net (fo=2, routed)           0.702     4.204    design_1_i/chorus_axi_wrapper_0/inst/chorus_internals/depth_scaled_0[7]
    DSP48_X0Y15          DSP48E1 (Prop_dsp48e1_B[7]_P[10])
                                                      3.656     7.860 r  design_1_i/chorus_axi_wrapper_0/inst/chorus_internals/depth_scaled/P[10]
                         net (fo=1, routed)           1.086     8.945    design_1_i/chorus_axi_wrapper_0/inst/chorus_internals/depth_scaled__0[10]
    DSP48_X0Y12          DSP48E1 (Prop_dsp48e1_B[10]_PCOUT[47])
                                                      3.851    12.796 r  design_1_i/chorus_axi_wrapper_0/inst/chorus_internals/depth_term__0/PCOUT[47]
                         net (fo=1, routed)           0.002    12.798    design_1_i/chorus_axi_wrapper_0/inst/chorus_internals/depth_term__0_n_106
    DSP48_X0Y13          DSP48E1 (Prop_dsp48e1_PCIN[47]_P[17])
                                                      1.518    14.316 r  design_1_i/chorus_axi_wrapper_0/inst/chorus_internals/depth_term__1/P[17]
                         net (fo=2, routed)           1.214    15.530    design_1_i/chorus_axi_wrapper_0/inst/chorus_internals/depth_term__1_n_88
    SLICE_X9Y29          LUT2 (Prop_lut2_I0_O)        0.124    15.654 r  design_1_i/chorus_axi_wrapper_0/inst/chorus_internals/delay_unclamped_i_37/O
                         net (fo=1, routed)           0.000    15.654    design_1_i/chorus_axi_wrapper_0/inst/chorus_internals/delay_unclamped_i_37_n_0
    SLICE_X9Y29          CARRY4 (Prop_carry4_S[1]_CO[3])
                                                      0.550    16.204 r  design_1_i/chorus_axi_wrapper_0/inst/chorus_internals/delay_unclamped_i_8/CO[3]
                         net (fo=1, routed)           0.000    16.204    design_1_i/chorus_axi_wrapper_0/inst/chorus_internals/delay_unclamped_i_8_n_0
    SLICE_X9Y30          CARRY4 (Prop_carry4_CI_CO[3])
                                                      0.114    16.318 r  design_1_i/chorus_axi_wrapper_0/inst/chorus_internals/delay_unclamped_i_7/CO[3]
                         net (fo=1, routed)           0.000    16.318    design_1_i/chorus_axi_wrapper_0/inst/chorus_internals/delay_unclamped_i_7_n_0
    SLICE_X9Y31          CARRY4 (Prop_carry4_CI_CO[3])
                                                      0.114    16.432 r  design_1_i/chorus_axi_wrapper_0/inst/chorus_internals/delay_unclamped_i_6/CO[3]
                         net (fo=1, routed)           0.000    16.432    design_1_i/chorus_axi_wrapper_0/inst/chorus_internals/delay_unclamped_i_6_n_0
    SLICE_X9Y32          CARRY4 (Prop_carry4_CI_CO[3])
                                                      0.114    16.546 r  design_1_i/chorus_axi_wrapper_0/inst/chorus_internals/delay_unclamped_i_5/CO[3]
                         net (fo=1, routed)           0.000    16.546    design_1_i/chorus_axi_wrapper_0/inst/chorus_internals/delay_unclamped_i_5_n_0
    SLICE_X9Y33          CARRY4 (Prop_carry4_CI_CO[3])
                                                      0.114    16.660 r  design_1_i/chorus_axi_wrapper_0/inst/chorus_internals/delay_unclamped_i_4/CO[3]
                         net (fo=1, routed)           0.000    16.660    design_1_i/chorus_axi_wrapper_0/inst/chorus_internals/delay_unclamped_i_4_n_0
    SLICE_X9Y34          CARRY4 (Prop_carry4_CI_CO[3])
                                                      0.114    16.774 r  design_1_i/chorus_axi_wrapper_0/inst/chorus_internals/delay_unclamped_i_3/CO[3]
                         net (fo=1, routed)           0.000    16.774    design_1_i/chorus_axi_wrapper_0/inst/chorus_internals/delay_unclamped_i_3_n_0
    SLICE_X9Y35          CARRY4 (Prop_carry4_CI_CO[3])
                                                      0.114    16.888 r  design_1_i/chorus_axi_wrapper_0/inst/chorus_internals/delay_unclamped_i_2/CO[3]
                         net (fo=1, routed)           0.000    16.888    design_1_i/chorus_axi_wrapper_0/inst/chorus_internals/delay_unclamped_i_2_n_0
    SLICE_X9Y36          CARRY4 (Prop_carry4_CI_O[1])
                                                      0.334    17.222 r  design_1_i/chorus_axi_wrapper_0/inst/chorus_internals/delay_unclamped_i_1/O[1]
                         net (fo=9, routed)           1.242    18.464    design_1_i/chorus_axi_wrapper_0/inst/chorus_internals/C[39]
    DSP48_X0Y14          DSP48E1 (Prop_dsp48e1_C[46]_P[10])
                                                      1.999    20.463 f  design_1_i/chorus_axi_wrapper_0/inst/chorus_internals/delay_unclamped/P[10]
                         net (fo=4, routed)           1.295    21.758    design_1_i/chorus_axi_wrapper_0/inst/chorus_internals/delay_unclamped__0[10]
    SLICE_X11Y35         LUT2 (Prop_lut2_I0_O)        0.124    21.882 r  design_1_i/chorus_axi_wrapper_0/inst/chorus_internals/delay_q1_carry__0_i_7/O
                         net (fo=1, routed)           0.000    21.882    design_1_i/chorus_axi_wrapper_0/inst/chorus_internals/delay_q1_carry__0_i_7_n_0
    SLICE_X11Y35         CARRY4 (Prop_carry4_S[1]_CO[3])
                                                      0.550    22.432 r  design_1_i/chorus_axi_wrapper_0/inst/chorus_internals/delay_q1_carry__0/CO[3]
                         net (fo=1, routed)           0.000    22.432    design_1_i/chorus_axi_wrapper_0/inst/chorus_internals/delay_q1_carry__0_n_0
    SLICE_X11Y36         CARRY4 (Prop_carry4_CI_CO[3])
                                                      0.114    22.546 r  design_1_i/chorus_axi_wrapper_0/inst/chorus_internals/delay_q1_carry__1/CO[3]
                         net (fo=1, routed)           0.000    22.546    design_1_i/chorus_axi_wrapper_0/inst/chorus_internals/delay_q1_carry__1_n_0
    SLICE_X11Y37         CARRY4 (Prop_carry4_CI_CO[3])
                                                      0.114    22.660 r  design_1_i/chorus_axi_wrapper_0/inst/chorus_internals/delay_q1_carry__2/CO[3]
                         net (fo=1, routed)           0.000    22.660    design_1_i/chorus_axi_wrapper_0/inst/chorus_internals/delay_q1_carry__2_n_0
    SLICE_X11Y38         CARRY4 (Prop_carry4_CI_CO[3])
                                                      0.114    22.774 f  design_1_i/chorus_axi_wrapper_0/inst/chorus_internals/delay_q1_carry__3/CO[3]
                         net (fo=35, routed)          2.208    24.982    design_1_i/chorus_axi_wrapper_0/inst/chorus_internals/delay_q1
    SLICE_X27Y36         LUT3 (Prop_lut3_I0_O)        0.152    25.134 r  design_1_i/chorus_axi_wrapper_0/inst/chorus_internals/interp_i_8/O
                         net (fo=1, routed)           0.691    25.825    design_1_i/chorus_axi_wrapper_0/inst/chorus_internals/interp_i_8_n_0
    DSP48_X1Y14          DSP48E1                                      r  design_1_i/chorus_axi_wrapper_0/inst/chorus_internals/interp/B[5]
  -------------------------------------------------------------------    -------------------

                         (clock clk_out1_design_1_clk_wiz_0_0 rise edge)
                                                      0.000     0.000 r  <hidden>
    K17                                               0.000     0.000 r  sys_clock
                         net (fo=0)                   0.000     0.000    design_1_i/clk_wiz_0/inst/clk_in1
    K17                  IBUF (Prop_ibuf_I_O)         1.421     1.421 r  design_1_i/clk_wiz_0/inst/clkin1_ibufg/O
                         net (fo=1, routed)           1.162     2.583    design_1_i/clk_wiz_0/inst/clk_in1_design_1_clk_wiz_0_0
    MMCME2_ADV_X0Y1      MMCME2_ADV (Prop_mmcme2_adv_CLKIN1_CLKOUT0)
                                                     -7.105    -4.522 r  design_1_i/clk_wiz_0/inst/mmcm_adv_inst/CLKOUT0
                         net (fo=1, routed)           1.599    -2.923    design_1_i/clk_wiz_0/inst/clk_out1_design_1_clk_wiz_0_0
    BUFGCTRL_X0Y16       BUFG (Prop_bufg_I_O)         0.091    -2.832 r  design_1_i/clk_wiz_0/inst/clkout1_buf/O
                         net (fo=300, routed)         1.588    -1.244    design_1_i/chorus_axi_wrapper_0/inst/chorus_internals/audio_clk
    DSP48_X1Y14          DSP48E1                                      r  design_1_i/chorus_axi_wrapper_0/inst/chorus_internals/interp/CLK

Slack:                    inf
  Source:                 design_1_i/chorus_axi_wrapper_0/inst/chorus_axi_wrapper_slave_lite_v1_0_S00_AXI_inst/slv_reg1_reg[7]/C
                            (rising edge-triggered cell FDRE clocked by clk_fpga_0  {rise@0.000ns fall@10.000ns period=20.000ns})
  Destination:            design_1_i/chorus_axi_wrapper_0/inst/chorus_internals/interp/B[1]
                            (rising edge-triggered cell DSP48E1 clocked by clk_out1_design_1_clk_wiz_0_0  {rise@0.000ns fall@40.690ns period=81.380ns})
  Path Group:             (none)
  Path Type:              Setup (Max at Slow Process Corner)
  Data Path Delay:        22.837ns  (logic 14.400ns (63.055%)  route 8.437ns (36.945%))
  Logic Levels:           19  (CARRY4=12 DSP48E1=4 LUT2=2 LUT3=1)
  Clock Path Skew:        -4.228ns (DCD - SCD + CPR)
    Destination Clock Delay (DCD):    -1.244ns
    Source Clock Delay      (SCD):    2.984ns
    Clock Pessimism Removal (CPR):    0.000ns
  Clock Uncertainty:      0.736ns  ((TSJ^2 + TIJ^2 + DJ^2)^1/2) / 2 + PE
    Total System Jitter     (TSJ):    0.071ns
    Total Input Jitter      (TIJ):    0.600ns
    Discrete Jitter          (DJ):    0.474ns
    Phase Error              (PE):    0.352ns
  Timing Exception:       Asynchronous Clock Groups

    Location             Delay type                Incr(ns)  Path(ns)    Netlist Resource(s)
  -------------------------------------------------------------------    -------------------
                         (clock clk_fpga_0 rise edge)
                                                      0.000     0.000 r  <hidden>
    PS7_X0Y0             PS7                          0.000     0.000 r  design_1_i/processing_system7_0/inst/PS7_i/FCLKCLK[0]
                         net (fo=1, routed)           1.207     1.207    design_1_i/processing_system7_0/inst/FCLK_CLK_unbuffered[0]
    BUFGCTRL_X0Y0        BUFG (Prop_bufg_I_O)         0.101     1.308 r  design_1_i/processing_system7_0/inst/buffer_fclk_clk_0.FCLK_CLK_0_BUFG/O
                         net (fo=761, routed)         1.676     2.984    design_1_i/chorus_axi_wrapper_0/inst/chorus_axi_wrapper_slave_lite_v1_0_S00_AXI_inst/s00_axi_aclk
    SLICE_X12Y36         FDRE                                         r  design_1_i/chorus_axi_wrapper_0/inst/chorus_axi_wrapper_slave_lite_v1_0_S00_AXI_inst/slv_reg1_reg[7]/C
  -------------------------------------------------------------------    -------------------
    SLICE_X12Y36         FDRE (Prop_fdre_C_Q)         0.518     3.502 r  design_1_i/chorus_axi_wrapper_0/inst/chorus_axi_wrapper_slave_lite_v1_0_S00_AXI_inst/slv_reg1_reg[7]/Q
                         net (fo=2, routed)           0.702     4.204    design_1_i/chorus_axi_wrapper_0/inst/chorus_internals/depth_scaled_0[7]
    DSP48_X0Y15          DSP48E1 (Prop_dsp48e1_B[7]_P[10])
                                                      3.656     7.860 r  design_1_i/chorus_axi_wrapper_0/inst/chorus_internals/depth_scaled/P[10]
                         net (fo=1, routed)           1.086     8.945    design_1_i/chorus_axi_wrapper_0/inst/chorus_internals/depth_scaled__0[10]
    DSP48_X0Y12          DSP48E1 (Prop_dsp48e1_B[10]_PCOUT[47])
                                                      3.851    12.796 r  design_1_i/chorus_axi_wrapper_0/inst/chorus_internals/depth_term__0/PCOUT[47]
                         net (fo=1, routed)           0.002    12.798    design_1_i/chorus_axi_wrapper_0/inst/chorus_internals/depth_term__0_n_106
    DSP48_X0Y13          DSP48E1 (Prop_dsp48e1_PCIN[47]_P[17])
                                                      1.518    14.316 r  design_1_i/chorus_axi_wrapper_0/inst/chorus_internals/depth_term__1/P[17]
                         net (fo=2, routed)           1.214    15.530    design_1_i/chorus_axi_wrapper_0/inst/chorus_internals/depth_term__1_n_88
    SLICE_X9Y29          LUT2 (Prop_lut2_I0_O)        0.124    15.654 r  design_1_i/chorus_axi_wrapper_0/inst/chorus_internals/delay_unclamped_i_37/O
                         net (fo=1, routed)           0.000    15.654    design_1_i/chorus_axi_wrapper_0/inst/chorus_internals/delay_unclamped_i_37_n_0
    SLICE_X9Y29          CARRY4 (Prop_carry4_S[1]_CO[3])
                                                      0.550    16.204 r  design_1_i/chorus_axi_wrapper_0/inst/chorus_internals/delay_unclamped_i_8/CO[3]
                         net (fo=1, routed)           0.000    16.204    design_1_i/chorus_axi_wrapper_0/inst/chorus_internals/delay_unclamped_i_8_n_0
    SLICE_X9Y30          CARRY4 (Prop_carry4_CI_CO[3])
                                                      0.114    16.318 r  design_1_i/chorus_axi_wrapper_0/inst/chorus_internals/delay_unclamped_i_7/CO[3]
                         net (fo=1, routed)           0.000    16.318    design_1_i/chorus_axi_wrapper_0/inst/chorus_internals/delay_unclamped_i_7_n_0
    SLICE_X9Y31          CARRY4 (Prop_carry4_CI_CO[3])
                                                      0.114    16.432 r  design_1_i/chorus_axi_wrapper_0/inst/chorus_internals/delay_unclamped_i_6/CO[3]
                         net (fo=1, routed)           0.000    16.432    design_1_i/chorus_axi_wrapper_0/inst/chorus_internals/delay_unclamped_i_6_n_0
    SLICE_X9Y32          CARRY4 (Prop_carry4_CI_CO[3])
                                                      0.114    16.546 r  design_1_i/chorus_axi_wrapper_0/inst/chorus_internals/delay_unclamped_i_5/CO[3]
                         net (fo=1, routed)           0.000    16.546    design_1_i/chorus_axi_wrapper_0/inst/chorus_internals/delay_unclamped_i_5_n_0
    SLICE_X9Y33          CARRY4 (Prop_carry4_CI_CO[3])
                                                      0.114    16.660 r  design_1_i/chorus_axi_wrapper_0/inst/chorus_internals/delay_unclamped_i_4/CO[3]
                         net (fo=1, routed)           0.000    16.660    design_1_i/chorus_axi_wrapper_0/inst/chorus_internals/delay_unclamped_i_4_n_0
    SLICE_X9Y34          CARRY4 (Prop_carry4_CI_CO[3])
                                                      0.114    16.774 r  design_1_i/chorus_axi_wrapper_0/inst/chorus_internals/delay_unclamped_i_3/CO[3]
                         net (fo=1, routed)           0.000    16.774    design_1_i/chorus_axi_wrapper_0/inst/chorus_internals/delay_unclamped_i_3_n_0
    SLICE_X9Y35          CARRY4 (Prop_carry4_CI_CO[3])
                                                      0.114    16.888 r  design_1_i/chorus_axi_wrapper_0/inst/chorus_internals/delay_unclamped_i_2/CO[3]
                         net (fo=1, routed)           0.000    16.888    design_1_i/chorus_axi_wrapper_0/inst/chorus_internals/delay_unclamped_i_2_n_0
    SLICE_X9Y36          CARRY4 (Prop_carry4_CI_O[1])
                                                      0.334    17.222 r  design_1_i/chorus_axi_wrapper_0/inst/chorus_internals/delay_unclamped_i_1/O[1]
                         net (fo=9, routed)           1.242    18.464    design_1_i/chorus_axi_wrapper_0/inst/chorus_internals/C[39]
    DSP48_X0Y14          DSP48E1 (Prop_dsp48e1_C[46]_P[10])
                                                      1.999    20.463 f  design_1_i/chorus_axi_wrapper_0/inst/chorus_internals/delay_unclamped/P[10]
                         net (fo=4, routed)           1.295    21.758    design_1_i/chorus_axi_wrapper_0/inst/chorus_internals/delay_unclamped__0[10]
    SLICE_X11Y35         LUT2 (Prop_lut2_I0_O)        0.124    21.882 r  design_1_i/chorus_axi_wrapper_0/inst/chorus_internals/delay_q1_carry__0_i_7/O
                         net (fo=1, routed)           0.000    21.882    design_1_i/chorus_axi_wrapper_0/inst/chorus_internals/delay_q1_carry__0_i_7_n_0
    SLICE_X11Y35         CARRY4 (Prop_carry4_S[1]_CO[3])
                                                      0.550    22.432 r  design_1_i/chorus_axi_wrapper_0/inst/chorus_internals/delay_q1_carry__0/CO[3]
                         net (fo=1, routed)           0.000    22.432    design_1_i/chorus_axi_wrapper_0/inst/chorus_internals/delay_q1_carry__0_n_0
    SLICE_X11Y36         CARRY4 (Prop_carry4_CI_CO[3])
                                                      0.114    22.546 r  design_1_i/chorus_axi_wrapper_0/inst/chorus_internals/delay_q1_carry__1/CO[3]
                         net (fo=1, routed)           0.000    22.546    design_1_i/chorus_axi_wrapper_0/inst/chorus_internals/delay_q1_carry__1_n_0
    SLICE_X11Y37         CARRY4 (Prop_carry4_CI_CO[3])
                                                      0.114    22.660 r  design_1_i/chorus_axi_wrapper_0/inst/chorus_internals/delay_q1_carry__2/CO[3]
                         net (fo=1, routed)           0.000    22.660    design_1_i/chorus_axi_wrapper_0/inst/chorus_internals/delay_q1_carry__2_n_0
    SLICE_X11Y38         CARRY4 (Prop_carry4_CI_CO[3])
                                                      0.114    22.774 f  design_1_i/chorus_axi_wrapper_0/inst/chorus_internals/delay_q1_carry__3/CO[3]
                         net (fo=35, routed)          2.216    24.990    design_1_i/chorus_axi_wrapper_0/inst/chorus_internals/delay_q1
    SLICE_X28Y35         LUT3 (Prop_lut3_I0_O)        0.150    25.140 r  design_1_i/chorus_axi_wrapper_0/inst/chorus_internals/interp_i_12/O
                         net (fo=1, routed)           0.681    25.821    design_1_i/chorus_axi_wrapper_0/inst/chorus_internals/interp_i_12_n_0
    DSP48_X1Y14          DSP48E1                                      r  design_1_i/chorus_axi_wrapper_0/inst/chorus_internals/interp/B[1]
  -------------------------------------------------------------------    -------------------

                         (clock clk_out1_design_1_clk_wiz_0_0 rise edge)
                                                      0.000     0.000 r  <hidden>
    K17                                               0.000     0.000 r  sys_clock
                         net (fo=0)                   0.000     0.000    design_1_i/clk_wiz_0/inst/clk_in1
    K17                  IBUF (Prop_ibuf_I_O)         1.421     1.421 r  design_1_i/clk_wiz_0/inst/clkin1_ibufg/O
                         net (fo=1, routed)           1.162     2.583    design_1_i/clk_wiz_0/inst/clk_in1_design_1_clk_wiz_0_0
    MMCME2_ADV_X0Y1      MMCME2_ADV (Prop_mmcme2_adv_CLKIN1_CLKOUT0)
                                                     -7.105    -4.522 r  design_1_i/clk_wiz_0/inst/mmcm_adv_inst/CLKOUT0
                         net (fo=1, routed)           1.599    -2.923    design_1_i/clk_wiz_0/inst/clk_out1_design_1_clk_wiz_0_0
    BUFGCTRL_X0Y16       BUFG (Prop_bufg_I_O)         0.091    -2.832 r  design_1_i/clk_wiz_0/inst/clkout1_buf/O
                         net (fo=300, routed)         1.588    -1.244    design_1_i/chorus_axi_wrapper_0/inst/chorus_internals/audio_clk
    DSP48_X1Y14          DSP48E1                                      r  design_1_i/chorus_axi_wrapper_0/inst/chorus_internals/interp/CLK

Slack:                    inf
  Source:                 design_1_i/chorus_axi_wrapper_0/inst/chorus_axi_wrapper_slave_lite_v1_0_S00_AXI_inst/slv_reg1_reg[7]/C
                            (rising edge-triggered cell FDRE clocked by clk_fpga_0  {rise@0.000ns fall@10.000ns period=20.000ns})
  Destination:            design_1_i/chorus_axi_wrapper_0/inst/chorus_internals/interp/B[2]
                            (rising edge-triggered cell DSP48E1 clocked by clk_out1_design_1_clk_wiz_0_0  {rise@0.000ns fall@40.690ns period=81.380ns})
  Path Group:             (none)
  Path Type:              Setup (Max at Slow Process Corner)
  Data Path Delay:        22.834ns  (logic 14.374ns (62.949%)  route 8.460ns (37.051%))
  Logic Levels:           19  (CARRY4=12 DSP48E1=4 LUT2=2 LUT3=1)
  Clock Path Skew:        -4.228ns (DCD - SCD + CPR)
    Destination Clock Delay (DCD):    -1.244ns
    Source Clock Delay      (SCD):    2.984ns
    Clock Pessimism Removal (CPR):    0.000ns
  Clock Uncertainty:      0.736ns  ((TSJ^2 + TIJ^2 + DJ^2)^1/2) / 2 + PE
    Total System Jitter     (TSJ):    0.071ns
    Total Input Jitter      (TIJ):    0.600ns
    Discrete Jitter          (DJ):    0.474ns
    Phase Error              (PE):    0.352ns
  Timing Exception:       Asynchronous Clock Groups

    Location             Delay type                Incr(ns)  Path(ns)    Netlist Resource(s)
  -------------------------------------------------------------------    -------------------
                         (clock clk_fpga_0 rise edge)
                                                      0.000     0.000 r  <hidden>
    PS7_X0Y0             PS7                          0.000     0.000 r  design_1_i/processing_system7_0/inst/PS7_i/FCLKCLK[0]
                         net (fo=1, routed)           1.207     1.207    design_1_i/processing_system7_0/inst/FCLK_CLK_unbuffered[0]
    BUFGCTRL_X0Y0        BUFG (Prop_bufg_I_O)         0.101     1.308 r  design_1_i/processing_system7_0/inst/buffer_fclk_clk_0.FCLK_CLK_0_BUFG/O
                         net (fo=761, routed)         1.676     2.984    design_1_i/chorus_axi_wrapper_0/inst/chorus_axi_wrapper_slave_lite_v1_0_S00_AXI_inst/s00_axi_aclk
    SLICE_X12Y36         FDRE                                         r  design_1_i/chorus_axi_wrapper_0/inst/chorus_axi_wrapper_slave_lite_v1_0_S00_AXI_inst/slv_reg1_reg[7]/C
  -------------------------------------------------------------------    -------------------
    SLICE_X12Y36         FDRE (Prop_fdre_C_Q)         0.518     3.502 r  design_1_i/chorus_axi_wrapper_0/inst/chorus_axi_wrapper_slave_lite_v1_0_S00_AXI_inst/slv_reg1_reg[7]/Q
                         net (fo=2, routed)           0.702     4.204    design_1_i/chorus_axi_wrapper_0/inst/chorus_internals/depth_scaled_0[7]
    DSP48_X0Y15          DSP48E1 (Prop_dsp48e1_B[7]_P[10])
                                                      3.656     7.860 r  design_1_i/chorus_axi_wrapper_0/inst/chorus_internals/depth_scaled/P[10]
                         net (fo=1, routed)           1.086     8.945    design_1_i/chorus_axi_wrapper_0/inst/chorus_internals/depth_scaled__0[10]
    DSP48_X0Y12          DSP48E1 (Prop_dsp48e1_B[10]_PCOUT[47])
                                                      3.851    12.796 r  design_1_i/chorus_axi_wrapper_0/inst/chorus_internals/depth_term__0/PCOUT[47]
                         net (fo=1, routed)           0.002    12.798    design_1_i/chorus_axi_wrapper_0/inst/chorus_internals/depth_term__0_n_106
    DSP48_X0Y13          DSP48E1 (Prop_dsp48e1_PCIN[47]_P[17])
                                                      1.518    14.316 r  design_1_i/chorus_axi_wrapper_0/inst/chorus_internals/depth_term__1/P[17]
                         net (fo=2, routed)           1.214    15.530    design_1_i/chorus_axi_wrapper_0/inst/chorus_internals/depth_term__1_n_88
    SLICE_X9Y29          LUT2 (Prop_lut2_I0_O)        0.124    15.654 r  design_1_i/chorus_axi_wrapper_0/inst/chorus_internals/delay_unclamped_i_37/O
                         net (fo=1, routed)           0.000    15.654    design_1_i/chorus_axi_wrapper_0/inst/chorus_internals/delay_unclamped_i_37_n_0
    SLICE_X9Y29          CARRY4 (Prop_carry4_S[1]_CO[3])
                                                      0.550    16.204 r  design_1_i/chorus_axi_wrapper_0/inst/chorus_internals/delay_unclamped_i_8/CO[3]
                         net (fo=1, routed)           0.000    16.204    design_1_i/chorus_axi_wrapper_0/inst/chorus_internals/delay_unclamped_i_8_n_0
    SLICE_X9Y30          CARRY4 (Prop_carry4_CI_CO[3])
                                                      0.114    16.318 r  design_1_i/chorus_axi_wrapper_0/inst/chorus_internals/delay_unclamped_i_7/CO[3]
                         net (fo=1, routed)           0.000    16.318    design_1_i/chorus_axi_wrapper_0/inst/chorus_internals/delay_unclamped_i_7_n_0
    SLICE_X9Y31          CARRY4 (Prop_carry4_CI_CO[3])
                                                      0.114    16.432 r  design_1_i/chorus_axi_wrapper_0/inst/chorus_internals/delay_unclamped_i_6/CO[3]
                         net (fo=1, routed)           0.000    16.432    design_1_i/chorus_axi_wrapper_0/inst/chorus_internals/delay_unclamped_i_6_n_0
    SLICE_X9Y32          CARRY4 (Prop_carry4_CI_CO[3])
                                                      0.114    16.546 r  design_1_i/chorus_axi_wrapper_0/inst/chorus_internals/delay_unclamped_i_5/CO[3]
                         net (fo=1, routed)           0.000    16.546    design_1_i/chorus_axi_wrapper_0/inst/chorus_internals/delay_unclamped_i_5_n_0
    SLICE_X9Y33          CARRY4 (Prop_carry4_CI_CO[3])
                                                      0.114    16.660 r  design_1_i/chorus_axi_wrapper_0/inst/chorus_internals/delay_unclamped_i_4/CO[3]
                         net (fo=1, routed)           0.000    16.660    design_1_i/chorus_axi_wrapper_0/inst/chorus_internals/delay_unclamped_i_4_n_0
    SLICE_X9Y34          CARRY4 (Prop_carry4_CI_CO[3])
                                                      0.114    16.774 r  design_1_i/chorus_axi_wrapper_0/inst/chorus_internals/delay_unclamped_i_3/CO[3]
                         net (fo=1, routed)           0.000    16.774    design_1_i/chorus_axi_wrapper_0/inst/chorus_internals/delay_unclamped_i_3_n_0
    SLICE_X9Y35          CARRY4 (Prop_carry4_CI_CO[3])
                                                      0.114    16.888 r  design_1_i/chorus_axi_wrapper_0/inst/chorus_internals/delay_unclamped_i_2/CO[3]
                         net (fo=1, routed)           0.000    16.888    design_1_i/chorus_axi_wrapper_0/inst/chorus_internals/delay_unclamped_i_2_n_0
    SLICE_X9Y36          CARRY4 (Prop_carry4_CI_O[1])
                                                      0.334    17.222 r  design_1_i/chorus_axi_wrapper_0/inst/chorus_internals/delay_unclamped_i_1/O[1]
                         net (fo=9, routed)           1.242    18.464    design_1_i/chorus_axi_wrapper_0/inst/chorus_internals/C[39]
    DSP48_X0Y14          DSP48E1 (Prop_dsp48e1_C[46]_P[10])
                                                      1.999    20.463 f  design_1_i/chorus_axi_wrapper_0/inst/chorus_internals/delay_unclamped/P[10]
                         net (fo=4, routed)           1.295    21.758    design_1_i/chorus_axi_wrapper_0/inst/chorus_internals/delay_unclamped__0[10]
    SLICE_X11Y35         LUT2 (Prop_lut2_I0_O)        0.124    21.882 r  design_1_i/chorus_axi_wrapper_0/inst/chorus_internals/delay_q1_carry__0_i_7/O
                         net (fo=1, routed)           0.000    21.882    design_1_i/chorus_axi_wrapper_0/inst/chorus_internals/delay_q1_carry__0_i_7_n_0
    SLICE_X11Y35         CARRY4 (Prop_carry4_S[1]_CO[3])
                                                      0.550    22.432 r  design_1_i/chorus_axi_wrapper_0/inst/chorus_internals/delay_q1_carry__0/CO[3]
                         net (fo=1, routed)           0.000    22.432    design_1_i/chorus_axi_wrapper_0/inst/chorus_internals/delay_q1_carry__0_n_0
    SLICE_X11Y36         CARRY4 (Prop_carry4_CI_CO[3])
                                                      0.114    22.546 r  design_1_i/chorus_axi_wrapper_0/inst/chorus_internals/delay_q1_carry__1/CO[3]
                         net (fo=1, routed)           0.000    22.546    design_1_i/chorus_axi_wrapper_0/inst/chorus_internals/delay_q1_carry__1_n_0
    SLICE_X11Y37         CARRY4 (Prop_carry4_CI_CO[3])
                                                      0.114    22.660 r  design_1_i/chorus_axi_wrapper_0/inst/chorus_internals/delay_q1_carry__2/CO[3]
                         net (fo=1, routed)           0.000    22.660    design_1_i/chorus_axi_wrapper_0/inst/chorus_internals/delay_q1_carry__2_n_0
    SLICE_X11Y38         CARRY4 (Prop_carry4_CI_CO[3])
                                                      0.114    22.774 f  design_1_i/chorus_axi_wrapper_0/inst/chorus_internals/delay_q1_carry__3/CO[3]
                         net (fo=35, routed)          2.218    24.992    design_1_i/chorus_axi_wrapper_0/inst/chorus_internals/delay_q1
    SLICE_X27Y35         LUT3 (Prop_lut3_I0_O)        0.124    25.116 r  design_1_i/chorus_axi_wrapper_0/inst/chorus_internals/interp_i_11/O
                         net (fo=1, routed)           0.702    25.818    design_1_i/chorus_axi_wrapper_0/inst/chorus_internals/interp_i_11_n_0
    DSP48_X1Y14          DSP48E1                                      r  design_1_i/chorus_axi_wrapper_0/inst/chorus_internals/interp/B[2]
  -------------------------------------------------------------------    -------------------

                         (clock clk_out1_design_1_clk_wiz_0_0 rise edge)
                                                      0.000     0.000 r  <hidden>
    K17                                               0.000     0.000 r  sys_clock
                         net (fo=0)                   0.000     0.000    design_1_i/clk_wiz_0/inst/clk_in1
    K17                  IBUF (Prop_ibuf_I_O)         1.421     1.421 r  design_1_i/clk_wiz_0/inst/clkin1_ibufg/O
                         net (fo=1, routed)           1.162     2.583    design_1_i/clk_wiz_0/inst/clk_in1_design_1_clk_wiz_0_0
    MMCME2_ADV_X0Y1      MMCME2_ADV (Prop_mmcme2_adv_CLKIN1_CLKOUT0)
                                                     -7.105    -4.522 r  design_1_i/clk_wiz_0/inst/mmcm_adv_inst/CLKOUT0
                         net (fo=1, routed)           1.599    -2.923    design_1_i/clk_wiz_0/inst/clk_out1_design_1_clk_wiz_0_0
    BUFGCTRL_X0Y16       BUFG (Prop_bufg_I_O)         0.091    -2.832 r  design_1_i/clk_wiz_0/inst/clkout1_buf/O
                         net (fo=300, routed)         1.588    -1.244    design_1_i/chorus_axi_wrapper_0/inst/chorus_internals/audio_clk
    DSP48_X1Y14          DSP48E1                                      r  design_1_i/chorus_axi_wrapper_0/inst/chorus_internals/interp/CLK

Slack:                    inf
  Source:                 design_1_i/chorus_axi_wrapper_0/inst/chorus_axi_wrapper_slave_lite_v1_0_S00_AXI_inst/slv_reg1_reg[7]/C
                            (rising edge-triggered cell FDRE clocked by clk_fpga_0  {rise@0.000ns fall@10.000ns period=20.000ns})
  Destination:            design_1_i/chorus_axi_wrapper_0/inst/chorus_internals/interp/B[7]
                            (rising edge-triggered cell DSP48E1 clocked by clk_out1_design_1_clk_wiz_0_0  {rise@0.000ns fall@40.690ns period=81.380ns})
  Path Group:             (none)
  Path Type:              Setup (Max at Slow Process Corner)
  Data Path Delay:        22.829ns  (logic 14.374ns (62.964%)  route 8.455ns (37.036%))
  Logic Levels:           19  (CARRY4=12 DSP48E1=4 LUT2=2 LUT3=1)
  Clock Path Skew:        -4.228ns (DCD - SCD + CPR)
    Destination Clock Delay (DCD):    -1.244ns
    Source Clock Delay      (SCD):    2.984ns
    Clock Pessimism Removal (CPR):    0.000ns
  Clock Uncertainty:      0.736ns  ((TSJ^2 + TIJ^2 + DJ^2)^1/2) / 2 + PE
    Total System Jitter     (TSJ):    0.071ns
    Total Input Jitter      (TIJ):    0.600ns
    Discrete Jitter          (DJ):    0.474ns
    Phase Error              (PE):    0.352ns
  Timing Exception:       Asynchronous Clock Groups

    Location             Delay type                Incr(ns)  Path(ns)    Netlist Resource(s)
  -------------------------------------------------------------------    -------------------
                         (clock clk_fpga_0 rise edge)
                                                      0.000     0.000 r  <hidden>
    PS7_X0Y0             PS7                          0.000     0.000 r  design_1_i/processing_system7_0/inst/PS7_i/FCLKCLK[0]
                         net (fo=1, routed)           1.207     1.207    design_1_i/processing_system7_0/inst/FCLK_CLK_unbuffered[0]
    BUFGCTRL_X0Y0        BUFG (Prop_bufg_I_O)         0.101     1.308 r  design_1_i/processing_system7_0/inst/buffer_fclk_clk_0.FCLK_CLK_0_BUFG/O
                         net (fo=761, routed)         1.676     2.984    design_1_i/chorus_axi_wrapper_0/inst/chorus_axi_wrapper_slave_lite_v1_0_S00_AXI_inst/s00_axi_aclk
    SLICE_X12Y36         FDRE                                         r  design_1_i/chorus_axi_wrapper_0/inst/chorus_axi_wrapper_slave_lite_v1_0_S00_AXI_inst/slv_reg1_reg[7]/C
  -------------------------------------------------------------------    -------------------
    SLICE_X12Y36         FDRE (Prop_fdre_C_Q)         0.518     3.502 r  design_1_i/chorus_axi_wrapper_0/inst/chorus_axi_wrapper_slave_lite_v1_0_S00_AXI_inst/slv_reg1_reg[7]/Q
                         net (fo=2, routed)           0.702     4.204    design_1_i/chorus_axi_wrapper_0/inst/chorus_internals/depth_scaled_0[7]
    DSP48_X0Y15          DSP48E1 (Prop_dsp48e1_B[7]_P[10])
                                                      3.656     7.860 r  design_1_i/chorus_axi_wrapper_0/inst/chorus_internals/depth_scaled/P[10]
                         net (fo=1, routed)           1.086     8.945    design_1_i/chorus_axi_wrapper_0/inst/chorus_internals/depth_scaled__0[10]
    DSP48_X0Y12          DSP48E1 (Prop_dsp48e1_B[10]_PCOUT[47])
                                                      3.851    12.796 r  design_1_i/chorus_axi_wrapper_0/inst/chorus_internals/depth_term__0/PCOUT[47]
                         net (fo=1, routed)           0.002    12.798    design_1_i/chorus_axi_wrapper_0/inst/chorus_internals/depth_term__0_n_106
    DSP48_X0Y13          DSP48E1 (Prop_dsp48e1_PCIN[47]_P[17])
                                                      1.518    14.316 r  design_1_i/chorus_axi_wrapper_0/inst/chorus_internals/depth_term__1/P[17]
                         net (fo=2, routed)           1.214    15.530    design_1_i/chorus_axi_wrapper_0/inst/chorus_internals/depth_term__1_n_88
    SLICE_X9Y29          LUT2 (Prop_lut2_I0_O)        0.124    15.654 r  design_1_i/chorus_axi_wrapper_0/inst/chorus_internals/delay_unclamped_i_37/O
                         net (fo=1, routed)           0.000    15.654    design_1_i/chorus_axi_wrapper_0/inst/chorus_internals/delay_unclamped_i_37_n_0
    SLICE_X9Y29          CARRY4 (Prop_carry4_S[1]_CO[3])
                                                      0.550    16.204 r  design_1_i/chorus_axi_wrapper_0/inst/chorus_internals/delay_unclamped_i_8/CO[3]
                         net (fo=1, routed)           0.000    16.204    design_1_i/chorus_axi_wrapper_0/inst/chorus_internals/delay_unclamped_i_8_n_0
    SLICE_X9Y30          CARRY4 (Prop_carry4_CI_CO[3])
                                                      0.114    16.318 r  design_1_i/chorus_axi_wrapper_0/inst/chorus_internals/delay_unclamped_i_7/CO[3]
                         net (fo=1, routed)           0.000    16.318    design_1_i/chorus_axi_wrapper_0/inst/chorus_internals/delay_unclamped_i_7_n_0
    SLICE_X9Y31          CARRY4 (Prop_carry4_CI_CO[3])
                                                      0.114    16.432 r  design_1_i/chorus_axi_wrapper_0/inst/chorus_internals/delay_unclamped_i_6/CO[3]
                         net (fo=1, routed)           0.000    16.432    design_1_i/chorus_axi_wrapper_0/inst/chorus_internals/delay_unclamped_i_6_n_0
    SLICE_X9Y32          CARRY4 (Prop_carry4_CI_CO[3])
                                                      0.114    16.546 r  design_1_i/chorus_axi_wrapper_0/inst/chorus_internals/delay_unclamped_i_5/CO[3]
                         net (fo=1, routed)           0.000    16.546    design_1_i/chorus_axi_wrapper_0/inst/chorus_internals/delay_unclamped_i_5_n_0
    SLICE_X9Y33          CARRY4 (Prop_carry4_CI_CO[3])
                                                      0.114    16.660 r  design_1_i/chorus_axi_wrapper_0/inst/chorus_internals/delay_unclamped_i_4/CO[3]
                         net (fo=1, routed)           0.000    16.660    design_1_i/chorus_axi_wrapper_0/inst/chorus_internals/delay_unclamped_i_4_n_0
    SLICE_X9Y34          CARRY4 (Prop_carry4_CI_CO[3])
                                                      0.114    16.774 r  design_1_i/chorus_axi_wrapper_0/inst/chorus_internals/delay_unclamped_i_3/CO[3]
                         net (fo=1, routed)           0.000    16.774    design_1_i/chorus_axi_wrapper_0/inst/chorus_internals/delay_unclamped_i_3_n_0
    SLICE_X9Y35          CARRY4 (Prop_carry4_CI_CO[3])
                                                      0.114    16.888 r  design_1_i/chorus_axi_wrapper_0/inst/chorus_internals/delay_unclamped_i_2/CO[3]
                         net (fo=1, routed)           0.000    16.888    design_1_i/chorus_axi_wrapper_0/inst/chorus_internals/delay_unclamped_i_2_n_0
    SLICE_X9Y36          CARRY4 (Prop_carry4_CI_O[1])
                                                      0.334    17.222 r  design_1_i/chorus_axi_wrapper_0/inst/chorus_internals/delay_unclamped_i_1/O[1]
                         net (fo=9, routed)           1.242    18.464    design_1_i/chorus_axi_wrapper_0/inst/chorus_internals/C[39]
    DSP48_X0Y14          DSP48E1 (Prop_dsp48e1_C[46]_P[10])
                                                      1.999    20.463 f  design_1_i/chorus_axi_wrapper_0/inst/chorus_internals/delay_unclamped/P[10]
                         net (fo=4, routed)           1.295    21.758    design_1_i/chorus_axi_wrapper_0/inst/chorus_internals/delay_unclamped__0[10]
    SLICE_X11Y35         LUT2 (Prop_lut2_I0_O)        0.124    21.882 r  design_1_i/chorus_axi_wrapper_0/inst/chorus_internals/delay_q1_carry__0_i_7/O
                         net (fo=1, routed)           0.000    21.882    design_1_i/chorus_axi_wrapper_0/inst/chorus_internals/delay_q1_carry__0_i_7_n_0
    SLICE_X11Y35         CARRY4 (Prop_carry4_S[1]_CO[3])
                                                      0.550    22.432 r  design_1_i/chorus_axi_wrapper_0/inst/chorus_internals/delay_q1_carry__0/CO[3]
                         net (fo=1, routed)           0.000    22.432    design_1_i/chorus_axi_wrapper_0/inst/chorus_internals/delay_q1_carry__0_n_0
    SLICE_X11Y36         CARRY4 (Prop_carry4_CI_CO[3])
                                                      0.114    22.546 r  design_1_i/chorus_axi_wrapper_0/inst/chorus_internals/delay_q1_carry__1/CO[3]
                         net (fo=1, routed)           0.000    22.546    design_1_i/chorus_axi_wrapper_0/inst/chorus_internals/delay_q1_carry__1_n_0
    SLICE_X11Y37         CARRY4 (Prop_carry4_CI_CO[3])
                                                      0.114    22.660 r  design_1_i/chorus_axi_wrapper_0/inst/chorus_internals/delay_q1_carry__2/CO[3]
                         net (fo=1, routed)           0.000    22.660    design_1_i/chorus_axi_wrapper_0/inst/chorus_internals/delay_q1_carry__2_n_0
    SLICE_X11Y38         CARRY4 (Prop_carry4_CI_CO[3])
                                                      0.114    22.774 f  design_1_i/chorus_axi_wrapper_0/inst/chorus_internals/delay_q1_carry__3/CO[3]
                         net (fo=35, routed)          2.203    24.977    design_1_i/chorus_axi_wrapper_0/inst/chorus_internals/delay_q1
    SLICE_X27Y36         LUT3 (Prop_lut3_I0_O)        0.124    25.101 r  design_1_i/chorus_axi_wrapper_0/inst/chorus_internals/interp_i_6/O
                         net (fo=1, routed)           0.712    25.813    design_1_i/chorus_axi_wrapper_0/inst/chorus_internals/interp_i_6_n_0
    DSP48_X1Y14          DSP48E1                                      r  design_1_i/chorus_axi_wrapper_0/inst/chorus_internals/interp/B[7]
  -------------------------------------------------------------------    -------------------

                         (clock clk_out1_design_1_clk_wiz_0_0 rise edge)
                                                      0.000     0.000 r  <hidden>
    K17                                               0.000     0.000 r  sys_clock
                         net (fo=0)                   0.000     0.000    design_1_i/clk_wiz_0/inst/clk_in1
    K17                  IBUF (Prop_ibuf_I_O)         1.421     1.421 r  design_1_i/clk_wiz_0/inst/clkin1_ibufg/O
                         net (fo=1, routed)           1.162     2.583    design_1_i/clk_wiz_0/inst/clk_in1_design_1_clk_wiz_0_0
    MMCME2_ADV_X0Y1      MMCME2_ADV (Prop_mmcme2_adv_CLKIN1_CLKOUT0)
                                                     -7.105    -4.522 r  design_1_i/clk_wiz_0/inst/mmcm_adv_inst/CLKOUT0
                         net (fo=1, routed)           1.599    -2.923    design_1_i/clk_wiz_0/inst/clk_out1_design_1_clk_wiz_0_0
    BUFGCTRL_X0Y16       BUFG (Prop_bufg_I_O)         0.091    -2.832 r  design_1_i/clk_wiz_0/inst/clkout1_buf/O
                         net (fo=300, routed)         1.588    -1.244    design_1_i/chorus_axi_wrapper_0/inst/chorus_internals/audio_clk
    DSP48_X1Y14          DSP48E1                                      r  design_1_i/chorus_axi_wrapper_0/inst/chorus_internals/interp/CLK

Slack:                    inf
  Source:                 design_1_i/chorus_axi_wrapper_0/inst/chorus_axi_wrapper_slave_lite_v1_0_S00_AXI_inst/slv_reg1_reg[7]/C
                            (rising edge-triggered cell FDRE clocked by clk_fpga_0  {rise@0.000ns fall@10.000ns period=20.000ns})
  Destination:            design_1_i/chorus_axi_wrapper_0/inst/chorus_internals/delay_q_reg[14]/R
                            (rising edge-triggered cell FDRE clocked by clk_out1_design_1_clk_wiz_0_0  {rise@0.000ns fall@40.690ns period=81.380ns})
  Path Group:             (none)
  Path Type:              Setup (Max at Slow Process Corner)
  Data Path Delay:        22.733ns  (logic 14.372ns (63.220%)  route 8.361ns (36.780%))
  Logic Levels:           18  (CARRY4=11 DSP48E1=4 LUT2=2 LUT5=1)
  Clock Path Skew:        -4.317ns (DCD - SCD + CPR)
    Destination Clock Delay (DCD):    -1.333ns
    Source Clock Delay      (SCD):    2.984ns
    Clock Pessimism Removal (CPR):    0.000ns
  Clock Uncertainty:      0.736ns  ((TSJ^2 + TIJ^2 + DJ^2)^1/2) / 2 + PE
    Total System Jitter     (TSJ):    0.071ns
    Total Input Jitter      (TIJ):    0.600ns
    Discrete Jitter          (DJ):    0.474ns
    Phase Error              (PE):    0.352ns
  Timing Exception:       Asynchronous Clock Groups

    Location             Delay type                Incr(ns)  Path(ns)    Netlist Resource(s)
  -------------------------------------------------------------------    -------------------
                         (clock clk_fpga_0 rise edge)
                                                      0.000     0.000 r  <hidden>
    PS7_X0Y0             PS7                          0.000     0.000 r  design_1_i/processing_system7_0/inst/PS7_i/FCLKCLK[0]
                         net (fo=1, routed)           1.207     1.207    design_1_i/processing_system7_0/inst/FCLK_CLK_unbuffered[0]
    BUFGCTRL_X0Y0        BUFG (Prop_bufg_I_O)         0.101     1.308 r  design_1_i/processing_system7_0/inst/buffer_fclk_clk_0.FCLK_CLK_0_BUFG/O
                         net (fo=761, routed)         1.676     2.984    design_1_i/chorus_axi_wrapper_0/inst/chorus_axi_wrapper_slave_lite_v1_0_S00_AXI_inst/s00_axi_aclk
    SLICE_X12Y36         FDRE                                         r  design_1_i/chorus_axi_wrapper_0/inst/chorus_axi_wrapper_slave_lite_v1_0_S00_AXI_inst/slv_reg1_reg[7]/C
  -------------------------------------------------------------------    -------------------
    SLICE_X12Y36         FDRE (Prop_fdre_C_Q)         0.518     3.502 r  design_1_i/chorus_axi_wrapper_0/inst/chorus_axi_wrapper_slave_lite_v1_0_S00_AXI_inst/slv_reg1_reg[7]/Q
                         net (fo=2, routed)           0.702     4.204    design_1_i/chorus_axi_wrapper_0/inst/chorus_internals/depth_scaled_0[7]
    DSP48_X0Y15          DSP48E1 (Prop_dsp48e1_B[7]_P[10])
                                                      3.656     7.860 r  design_1_i/chorus_axi_wrapper_0/inst/chorus_internals/depth_scaled/P[10]
                         net (fo=1, routed)           1.086     8.945    design_1_i/chorus_axi_wrapper_0/inst/chorus_internals/depth_scaled__0[10]
    DSP48_X0Y12          DSP48E1 (Prop_dsp48e1_B[10]_PCOUT[47])
                                                      3.851    12.796 r  design_1_i/chorus_axi_wrapper_0/inst/chorus_internals/depth_term__0/PCOUT[47]
                         net (fo=1, routed)           0.002    12.798    design_1_i/chorus_axi_wrapper_0/inst/chorus_internals/depth_term__0_n_106
    DSP48_X0Y13          DSP48E1 (Prop_dsp48e1_PCIN[47]_P[17])
                                                      1.518    14.316 r  design_1_i/chorus_axi_wrapper_0/inst/chorus_internals/depth_term__1/P[17]
                         net (fo=2, routed)           1.214    15.530    design_1_i/chorus_axi_wrapper_0/inst/chorus_internals/depth_term__1_n_88
    SLICE_X9Y29          LUT2 (Prop_lut2_I0_O)        0.124    15.654 r  design_1_i/chorus_axi_wrapper_0/inst/chorus_internals/delay_unclamped_i_37/O
                         net (fo=1, routed)           0.000    15.654    design_1_i/chorus_axi_wrapper_0/inst/chorus_internals/delay_unclamped_i_37_n_0
    SLICE_X9Y29          CARRY4 (Prop_carry4_S[1]_CO[3])
                                                      0.550    16.204 r  design_1_i/chorus_axi_wrapper_0/inst/chorus_internals/delay_unclamped_i_8/CO[3]
                         net (fo=1, routed)           0.000    16.204    design_1_i/chorus_axi_wrapper_0/inst/chorus_internals/delay_unclamped_i_8_n_0
    SLICE_X9Y30          CARRY4 (Prop_carry4_CI_CO[3])
                                                      0.114    16.318 r  design_1_i/chorus_axi_wrapper_0/inst/chorus_internals/delay_unclamped_i_7/CO[3]
                         net (fo=1, routed)           0.000    16.318    design_1_i/chorus_axi_wrapper_0/inst/chorus_internals/delay_unclamped_i_7_n_0
    SLICE_X9Y31          CARRY4 (Prop_carry4_CI_CO[3])
                                                      0.114    16.432 r  design_1_i/chorus_axi_wrapper_0/inst/chorus_internals/delay_unclamped_i_6/CO[3]
                         net (fo=1, routed)           0.000    16.432    design_1_i/chorus_axi_wrapper_0/inst/chorus_internals/delay_unclamped_i_6_n_0
    SLICE_X9Y32          CARRY4 (Prop_carry4_CI_CO[3])
                                                      0.114    16.546 r  design_1_i/chorus_axi_wrapper_0/inst/chorus_internals/delay_unclamped_i_5/CO[3]
                         net (fo=1, routed)           0.000    16.546    design_1_i/chorus_axi_wrapper_0/inst/chorus_internals/delay_unclamped_i_5_n_0
    SLICE_X9Y33          CARRY4 (Prop_carry4_CI_CO[3])
                                                      0.114    16.660 r  design_1_i/chorus_axi_wrapper_0/inst/chorus_internals/delay_unclamped_i_4/CO[3]
                         net (fo=1, routed)           0.000    16.660    design_1_i/chorus_axi_wrapper_0/inst/chorus_internals/delay_unclamped_i_4_n_0
    SLICE_X9Y34          CARRY4 (Prop_carry4_CI_CO[3])
                                                      0.114    16.774 r  design_1_i/chorus_axi_wrapper_0/inst/chorus_internals/delay_unclamped_i_3/CO[3]
                         net (fo=1, routed)           0.000    16.774    design_1_i/chorus_axi_wrapper_0/inst/chorus_internals/delay_unclamped_i_3_n_0
    SLICE_X9Y35          CARRY4 (Prop_carry4_CI_CO[3])
                                                      0.114    16.888 r  design_1_i/chorus_axi_wrapper_0/inst/chorus_internals/delay_unclamped_i_2/CO[3]
                         net (fo=1, routed)           0.000    16.888    design_1_i/chorus_axi_wrapper_0/inst/chorus_internals/delay_unclamped_i_2_n_0
    SLICE_X9Y36          CARRY4 (Prop_carry4_CI_O[1])
                                                      0.334    17.222 r  design_1_i/chorus_axi_wrapper_0/inst/chorus_internals/delay_unclamped_i_1/O[1]
                         net (fo=9, routed)           1.242    18.464    design_1_i/chorus_axi_wrapper_0/inst/chorus_internals/C[39]
    DSP48_X0Y14          DSP48E1 (Prop_dsp48e1_C[46]_P[24])
                                                      1.999    20.463 f  design_1_i/chorus_axi_wrapper_0/inst/chorus_internals/delay_unclamped/P[24]
                         net (fo=3, routed)           1.184    21.647    design_1_i/chorus_axi_wrapper_0/inst/chorus_internals/delay_unclamped__0[24]
    SLICE_X10Y36         LUT2 (Prop_lut2_I0_O)        0.124    21.771 r  design_1_i/chorus_axi_wrapper_0/inst/chorus_internals/i__carry_i_3__1/O
                         net (fo=1, routed)           0.000    21.771    design_1_i/chorus_axi_wrapper_0/inst/chorus_internals/i__carry_i_3__1_n_0
    SLICE_X10Y36         CARRY4 (Prop_carry4_S[2]_CO[3])
                                                      0.380    22.151 r  design_1_i/chorus_axi_wrapper_0/inst/chorus_internals/delay_q1_inferred__0/i__carry/CO[3]
                         net (fo=1, routed)           0.000    22.151    design_1_i/chorus_axi_wrapper_0/inst/chorus_internals/delay_q1_inferred__0/i__carry_n_0
    SLICE_X10Y37         CARRY4 (Prop_carry4_CI_CO[3])
                                                      0.117    22.268 r  design_1_i/chorus_axi_wrapper_0/inst/chorus_internals/delay_q1_inferred__0/i__carry__0/CO[3]
                         net (fo=1, routed)           0.000    22.268    design_1_i/chorus_axi_wrapper_0/inst/chorus_internals/delay_q1_inferred__0/i__carry__0_n_0
    SLICE_X10Y38         CARRY4 (Prop_carry4_CI_CO[1])
                                                      0.157    22.425 r  design_1_i/chorus_axi_wrapper_0/inst/chorus_internals/delay_q1_inferred__0/i__carry__1/CO[1]
                         net (fo=14, routed)          2.132    24.557    design_1_i/chorus_axi_wrapper_0/inst/chorus_internals/delay_q10_in
    SLICE_X26Y33         LUT5 (Prop_lut5_I0_O)        0.360    24.917 r  design_1_i/chorus_axi_wrapper_0/inst/chorus_internals/delay_q[30]_i_1/O
                         net (fo=22, routed)          0.801    25.717    design_1_i/chorus_axi_wrapper_0/inst/chorus_internals/delay_q[30]_i_1_n_0
    SLICE_X26Y37         FDRE                                         r  design_1_i/chorus_axi_wrapper_0/inst/chorus_internals/delay_q_reg[14]/R
  -------------------------------------------------------------------    -------------------

                         (clock clk_out1_design_1_clk_wiz_0_0 rise edge)
                                                      0.000     0.000 r  <hidden>
    K17                                               0.000     0.000 r  sys_clock
                         net (fo=0)                   0.000     0.000    design_1_i/clk_wiz_0/inst/clk_in1
    K17                  IBUF (Prop_ibuf_I_O)         1.421     1.421 r  design_1_i/clk_wiz_0/inst/clkin1_ibufg/O
                         net (fo=1, routed)           1.162     2.583    design_1_i/clk_wiz_0/inst/clk_in1_design_1_clk_wiz_0_0
    MMCME2_ADV_X0Y1      MMCME2_ADV (Prop_mmcme2_adv_CLKIN1_CLKOUT0)
                                                     -7.105    -4.522 r  design_1_i/clk_wiz_0/inst/mmcm_adv_inst/CLKOUT0
                         net (fo=1, routed)           1.599    -2.923    design_1_i/clk_wiz_0/inst/clk_out1_design_1_clk_wiz_0_0
    BUFGCTRL_X0Y16       BUFG (Prop_bufg_I_O)         0.091    -2.832 r  design_1_i/clk_wiz_0/inst/clkout1_buf/O
                         net (fo=300, routed)         1.498    -1.333    design_1_i/chorus_axi_wrapper_0/inst/chorus_internals/audio_clk
    SLICE_X26Y37         FDRE                                         r  design_1_i/chorus_axi_wrapper_0/inst/chorus_internals/delay_q_reg[14]/C

Slack:                    inf
  Source:                 design_1_i/chorus_axi_wrapper_0/inst/chorus_axi_wrapper_slave_lite_v1_0_S00_AXI_inst/slv_reg1_reg[7]/C
                            (rising edge-triggered cell FDRE clocked by clk_fpga_0  {rise@0.000ns fall@10.000ns period=20.000ns})
  Destination:            design_1_i/chorus_axi_wrapper_0/inst/chorus_internals/delay_q_reg[15]/R
                            (rising edge-triggered cell FDRE clocked by clk_out1_design_1_clk_wiz_0_0  {rise@0.000ns fall@40.690ns period=81.380ns})
  Path Group:             (none)
  Path Type:              Setup (Max at Slow Process Corner)
  Data Path Delay:        22.733ns  (logic 14.372ns (63.220%)  route 8.361ns (36.780%))
  Logic Levels:           18  (CARRY4=11 DSP48E1=4 LUT2=2 LUT5=1)
  Clock Path Skew:        -4.317ns (DCD - SCD + CPR)
    Destination Clock Delay (DCD):    -1.333ns
    Source Clock Delay      (SCD):    2.984ns
    Clock Pessimism Removal (CPR):    0.000ns
  Clock Uncertainty:      0.736ns  ((TSJ^2 + TIJ^2 + DJ^2)^1/2) / 2 + PE
    Total System Jitter     (TSJ):    0.071ns
    Total Input Jitter      (TIJ):    0.600ns
    Discrete Jitter          (DJ):    0.474ns
    Phase Error              (PE):    0.352ns
  Timing Exception:       Asynchronous Clock Groups

    Location             Delay type                Incr(ns)  Path(ns)    Netlist Resource(s)
  -------------------------------------------------------------------    -------------------
                         (clock clk_fpga_0 rise edge)
                                                      0.000     0.000 r  <hidden>
    PS7_X0Y0             PS7                          0.000     0.000 r  design_1_i/processing_system7_0/inst/PS7_i/FCLKCLK[0]
                         net (fo=1, routed)           1.207     1.207    design_1_i/processing_system7_0/inst/FCLK_CLK_unbuffered[0]
    BUFGCTRL_X0Y0        BUFG (Prop_bufg_I_O)         0.101     1.308 r  design_1_i/processing_system7_0/inst/buffer_fclk_clk_0.FCLK_CLK_0_BUFG/O
                         net (fo=761, routed)         1.676     2.984    design_1_i/chorus_axi_wrapper_0/inst/chorus_axi_wrapper_slave_lite_v1_0_S00_AXI_inst/s00_axi_aclk
    SLICE_X12Y36         FDRE                                         r  design_1_i/chorus_axi_wrapper_0/inst/chorus_axi_wrapper_slave_lite_v1_0_S00_AXI_inst/slv_reg1_reg[7]/C
  -------------------------------------------------------------------    -------------------
    SLICE_X12Y36         FDRE (Prop_fdre_C_Q)         0.518     3.502 r  design_1_i/chorus_axi_wrapper_0/inst/chorus_axi_wrapper_slave_lite_v1_0_S00_AXI_inst/slv_reg1_reg[7]/Q
                         net (fo=2, routed)           0.702     4.204    design_1_i/chorus_axi_wrapper_0/inst/chorus_internals/depth_scaled_0[7]
    DSP48_X0Y15          DSP48E1 (Prop_dsp48e1_B[7]_P[10])
                                                      3.656     7.860 r  design_1_i/chorus_axi_wrapper_0/inst/chorus_internals/depth_scaled/P[10]
                         net (fo=1, routed)           1.086     8.945    design_1_i/chorus_axi_wrapper_0/inst/chorus_internals/depth_scaled__0[10]
    DSP48_X0Y12          DSP48E1 (Prop_dsp48e1_B[10]_PCOUT[47])
                                                      3.851    12.796 r  design_1_i/chorus_axi_wrapper_0/inst/chorus_internals/depth_term__0/PCOUT[47]
                         net (fo=1, routed)           0.002    12.798    design_1_i/chorus_axi_wrapper_0/inst/chorus_internals/depth_term__0_n_106
    DSP48_X0Y13          DSP48E1 (Prop_dsp48e1_PCIN[47]_P[17])
                                                      1.518    14.316 r  design_1_i/chorus_axi_wrapper_0/inst/chorus_internals/depth_term__1/P[17]
                         net (fo=2, routed)           1.214    15.530    design_1_i/chorus_axi_wrapper_0/inst/chorus_internals/depth_term__1_n_88
    SLICE_X9Y29          LUT2 (Prop_lut2_I0_O)        0.124    15.654 r  design_1_i/chorus_axi_wrapper_0/inst/chorus_internals/delay_unclamped_i_37/O
                         net (fo=1, routed)           0.000    15.654    design_1_i/chorus_axi_wrapper_0/inst/chorus_internals/delay_unclamped_i_37_n_0
    SLICE_X9Y29          CARRY4 (Prop_carry4_S[1]_CO[3])
                                                      0.550    16.204 r  design_1_i/chorus_axi_wrapper_0/inst/chorus_internals/delay_unclamped_i_8/CO[3]
                         net (fo=1, routed)           0.000    16.204    design_1_i/chorus_axi_wrapper_0/inst/chorus_internals/delay_unclamped_i_8_n_0
    SLICE_X9Y30          CARRY4 (Prop_carry4_CI_CO[3])
                                                      0.114    16.318 r  design_1_i/chorus_axi_wrapper_0/inst/chorus_internals/delay_unclamped_i_7/CO[3]
                         net (fo=1, routed)           0.000    16.318    design_1_i/chorus_axi_wrapper_0/inst/chorus_internals/delay_unclamped_i_7_n_0
    SLICE_X9Y31          CARRY4 (Prop_carry4_CI_CO[3])
                                                      0.114    16.432 r  design_1_i/chorus_axi_wrapper_0/inst/chorus_internals/delay_unclamped_i_6/CO[3]
                         net (fo=1, routed)           0.000    16.432    design_1_i/chorus_axi_wrapper_0/inst/chorus_internals/delay_unclamped_i_6_n_0
    SLICE_X9Y32          CARRY4 (Prop_carry4_CI_CO[3])
                                                      0.114    16.546 r  design_1_i/chorus_axi_wrapper_0/inst/chorus_internals/delay_unclamped_i_5/CO[3]
                         net (fo=1, routed)           0.000    16.546    design_1_i/chorus_axi_wrapper_0/inst/chorus_internals/delay_unclamped_i_5_n_0
    SLICE_X9Y33          CARRY4 (Prop_carry4_CI_CO[3])
                                                      0.114    16.660 r  design_1_i/chorus_axi_wrapper_0/inst/chorus_internals/delay_unclamped_i_4/CO[3]
                         net (fo=1, routed)           0.000    16.660    design_1_i/chorus_axi_wrapper_0/inst/chorus_internals/delay_unclamped_i_4_n_0
    SLICE_X9Y34          CARRY4 (Prop_carry4_CI_CO[3])
                                                      0.114    16.774 r  design_1_i/chorus_axi_wrapper_0/inst/chorus_internals/delay_unclamped_i_3/CO[3]
                         net (fo=1, routed)           0.000    16.774    design_1_i/chorus_axi_wrapper_0/inst/chorus_internals/delay_unclamped_i_3_n_0
    SLICE_X9Y35          CARRY4 (Prop_carry4_CI_CO[3])
                                                      0.114    16.888 r  design_1_i/chorus_axi_wrapper_0/inst/chorus_internals/delay_unclamped_i_2/CO[3]
                         net (fo=1, routed)           0.000    16.888    design_1_i/chorus_axi_wrapper_0/inst/chorus_internals/delay_unclamped_i_2_n_0
    SLICE_X9Y36          CARRY4 (Prop_carry4_CI_O[1])
                                                      0.334    17.222 r  design_1_i/chorus_axi_wrapper_0/inst/chorus_internals/delay_unclamped_i_1/O[1]
                         net (fo=9, routed)           1.242    18.464    design_1_i/chorus_axi_wrapper_0/inst/chorus_internals/C[39]
    DSP48_X0Y14          DSP48E1 (Prop_dsp48e1_C[46]_P[24])
                                                      1.999    20.463 f  design_1_i/chorus_axi_wrapper_0/inst/chorus_internals/delay_unclamped/P[24]
                         net (fo=3, routed)           1.184    21.647    design_1_i/chorus_axi_wrapper_0/inst/chorus_internals/delay_unclamped__0[24]
    SLICE_X10Y36         LUT2 (Prop_lut2_I0_O)        0.124    21.771 r  design_1_i/chorus_axi_wrapper_0/inst/chorus_internals/i__carry_i_3__1/O
                         net (fo=1, routed)           0.000    21.771    design_1_i/chorus_axi_wrapper_0/inst/chorus_internals/i__carry_i_3__1_n_0
    SLICE_X10Y36         CARRY4 (Prop_carry4_S[2]_CO[3])
                                                      0.380    22.151 r  design_1_i/chorus_axi_wrapper_0/inst/chorus_internals/delay_q1_inferred__0/i__carry/CO[3]
                         net (fo=1, routed)           0.000    22.151    design_1_i/chorus_axi_wrapper_0/inst/chorus_internals/delay_q1_inferred__0/i__carry_n_0
    SLICE_X10Y37         CARRY4 (Prop_carry4_CI_CO[3])
                                                      0.117    22.268 r  design_1_i/chorus_axi_wrapper_0/inst/chorus_internals/delay_q1_inferred__0/i__carry__0/CO[3]
                         net (fo=1, routed)           0.000    22.268    design_1_i/chorus_axi_wrapper_0/inst/chorus_internals/delay_q1_inferred__0/i__carry__0_n_0
    SLICE_X10Y38         CARRY4 (Prop_carry4_CI_CO[1])
                                                      0.157    22.425 r  design_1_i/chorus_axi_wrapper_0/inst/chorus_internals/delay_q1_inferred__0/i__carry__1/CO[1]
                         net (fo=14, routed)          2.132    24.557    design_1_i/chorus_axi_wrapper_0/inst/chorus_internals/delay_q10_in
    SLICE_X26Y33         LUT5 (Prop_lut5_I0_O)        0.360    24.917 r  design_1_i/chorus_axi_wrapper_0/inst/chorus_internals/delay_q[30]_i_1/O
                         net (fo=22, routed)          0.801    25.717    design_1_i/chorus_axi_wrapper_0/inst/chorus_internals/delay_q[30]_i_1_n_0
    SLICE_X26Y37         FDRE                                         r  design_1_i/chorus_axi_wrapper_0/inst/chorus_internals/delay_q_reg[15]/R
  -------------------------------------------------------------------    -------------------

                         (clock clk_out1_design_1_clk_wiz_0_0 rise edge)
                                                      0.000     0.000 r  <hidden>
    K17                                               0.000     0.000 r  sys_clock
                         net (fo=0)                   0.000     0.000    design_1_i/clk_wiz_0/inst/clk_in1
    K17                  IBUF (Prop_ibuf_I_O)         1.421     1.421 r  design_1_i/clk_wiz_0/inst/clkin1_ibufg/O
                         net (fo=1, routed)           1.162     2.583    design_1_i/clk_wiz_0/inst/clk_in1_design_1_clk_wiz_0_0
    MMCME2_ADV_X0Y1      MMCME2_ADV (Prop_mmcme2_adv_CLKIN1_CLKOUT0)
                                                     -7.105    -4.522 r  design_1_i/clk_wiz_0/inst/mmcm_adv_inst/CLKOUT0
                         net (fo=1, routed)           1.599    -2.923    design_1_i/clk_wiz_0/inst/clk_out1_design_1_clk_wiz_0_0
    BUFGCTRL_X0Y16       BUFG (Prop_bufg_I_O)         0.091    -2.832 r  design_1_i/clk_wiz_0/inst/clkout1_buf/O
                         net (fo=300, routed)         1.498    -1.333    design_1_i/chorus_axi_wrapper_0/inst/chorus_internals/audio_clk
    SLICE_X26Y37         FDRE                                         r  design_1_i/chorus_axi_wrapper_0/inst/chorus_internals/delay_q_reg[15]/C

Slack:                    inf
  Source:                 design_1_i/chorus_axi_wrapper_0/inst/chorus_axi_wrapper_slave_lite_v1_0_S00_AXI_inst/slv_reg1_reg[7]/C
                            (rising edge-triggered cell FDRE clocked by clk_fpga_0  {rise@0.000ns fall@10.000ns period=20.000ns})
  Destination:            design_1_i/chorus_axi_wrapper_0/inst/chorus_internals/delay_q_reg[16]/R
                            (rising edge-triggered cell FDRE clocked by clk_out1_design_1_clk_wiz_0_0  {rise@0.000ns fall@40.690ns period=81.380ns})
  Path Group:             (none)
  Path Type:              Setup (Max at Slow Process Corner)
  Data Path Delay:        22.733ns  (logic 14.372ns (63.220%)  route 8.361ns (36.780%))
  Logic Levels:           18  (CARRY4=11 DSP48E1=4 LUT2=2 LUT5=1)
  Clock Path Skew:        -4.317ns (DCD - SCD + CPR)
    Destination Clock Delay (DCD):    -1.333ns
    Source Clock Delay      (SCD):    2.984ns
    Clock Pessimism Removal (CPR):    0.000ns
  Clock Uncertainty:      0.736ns  ((TSJ^2 + TIJ^2 + DJ^2)^1/2) / 2 + PE
    Total System Jitter     (TSJ):    0.071ns
    Total Input Jitter      (TIJ):    0.600ns
    Discrete Jitter          (DJ):    0.474ns
    Phase Error              (PE):    0.352ns
  Timing Exception:       Asynchronous Clock Groups

    Location             Delay type                Incr(ns)  Path(ns)    Netlist Resource(s)
  -------------------------------------------------------------------    -------------------
                         (clock clk_fpga_0 rise edge)
                                                      0.000     0.000 r  <hidden>
    PS7_X0Y0             PS7                          0.000     0.000 r  design_1_i/processing_system7_0/inst/PS7_i/FCLKCLK[0]
                         net (fo=1, routed)           1.207     1.207    design_1_i/processing_system7_0/inst/FCLK_CLK_unbuffered[0]
    BUFGCTRL_X0Y0        BUFG (Prop_bufg_I_O)         0.101     1.308 r  design_1_i/processing_system7_0/inst/buffer_fclk_clk_0.FCLK_CLK_0_BUFG/O
                         net (fo=761, routed)         1.676     2.984    design_1_i/chorus_axi_wrapper_0/inst/chorus_axi_wrapper_slave_lite_v1_0_S00_AXI_inst/s00_axi_aclk
    SLICE_X12Y36         FDRE                                         r  design_1_i/chorus_axi_wrapper_0/inst/chorus_axi_wrapper_slave_lite_v1_0_S00_AXI_inst/slv_reg1_reg[7]/C
  -------------------------------------------------------------------    -------------------
    SLICE_X12Y36         FDRE (Prop_fdre_C_Q)         0.518     3.502 r  design_1_i/chorus_axi_wrapper_0/inst/chorus_axi_wrapper_slave_lite_v1_0_S00_AXI_inst/slv_reg1_reg[7]/Q
                         net (fo=2, routed)           0.702     4.204    design_1_i/chorus_axi_wrapper_0/inst/chorus_internals/depth_scaled_0[7]
    DSP48_X0Y15          DSP48E1 (Prop_dsp48e1_B[7]_P[10])
                                                      3.656     7.860 r  design_1_i/chorus_axi_wrapper_0/inst/chorus_internals/depth_scaled/P[10]
                         net (fo=1, routed)           1.086     8.945    design_1_i/chorus_axi_wrapper_0/inst/chorus_internals/depth_scaled__0[10]
    DSP48_X0Y12          DSP48E1 (Prop_dsp48e1_B[10]_PCOUT[47])
                                                      3.851    12.796 r  design_1_i/chorus_axi_wrapper_0/inst/chorus_internals/depth_term__0/PCOUT[47]
                         net (fo=1, routed)           0.002    12.798    design_1_i/chorus_axi_wrapper_0/inst/chorus_internals/depth_term__0_n_106
    DSP48_X0Y13          DSP48E1 (Prop_dsp48e1_PCIN[47]_P[17])
                                                      1.518    14.316 r  design_1_i/chorus_axi_wrapper_0/inst/chorus_internals/depth_term__1/P[17]
                         net (fo=2, routed)           1.214    15.530    design_1_i/chorus_axi_wrapper_0/inst/chorus_internals/depth_term__1_n_88
    SLICE_X9Y29          LUT2 (Prop_lut2_I0_O)        0.124    15.654 r  design_1_i/chorus_axi_wrapper_0/inst/chorus_internals/delay_unclamped_i_37/O
                         net (fo=1, routed)           0.000    15.654    design_1_i/chorus_axi_wrapper_0/inst/chorus_internals/delay_unclamped_i_37_n_0
    SLICE_X9Y29          CARRY4 (Prop_carry4_S[1]_CO[3])
                                                      0.550    16.204 r  design_1_i/chorus_axi_wrapper_0/inst/chorus_internals/delay_unclamped_i_8/CO[3]
                         net (fo=1, routed)           0.000    16.204    design_1_i/chorus_axi_wrapper_0/inst/chorus_internals/delay_unclamped_i_8_n_0
    SLICE_X9Y30          CARRY4 (Prop_carry4_CI_CO[3])
                                                      0.114    16.318 r  design_1_i/chorus_axi_wrapper_0/inst/chorus_internals/delay_unclamped_i_7/CO[3]
                         net (fo=1, routed)           0.000    16.318    design_1_i/chorus_axi_wrapper_0/inst/chorus_internals/delay_unclamped_i_7_n_0
    SLICE_X9Y31          CARRY4 (Prop_carry4_CI_CO[3])
                                                      0.114    16.432 r  design_1_i/chorus_axi_wrapper_0/inst/chorus_internals/delay_unclamped_i_6/CO[3]
                         net (fo=1, routed)           0.000    16.432    design_1_i/chorus_axi_wrapper_0/inst/chorus_internals/delay_unclamped_i_6_n_0
    SLICE_X9Y32          CARRY4 (Prop_carry4_CI_CO[3])
                                                      0.114    16.546 r  design_1_i/chorus_axi_wrapper_0/inst/chorus_internals/delay_unclamped_i_5/CO[3]
                         net (fo=1, routed)           0.000    16.546    design_1_i/chorus_axi_wrapper_0/inst/chorus_internals/delay_unclamped_i_5_n_0
    SLICE_X9Y33          CARRY4 (Prop_carry4_CI_CO[3])
                                                      0.114    16.660 r  design_1_i/chorus_axi_wrapper_0/inst/chorus_internals/delay_unclamped_i_4/CO[3]
                         net (fo=1, routed)           0.000    16.660    design_1_i/chorus_axi_wrapper_0/inst/chorus_internals/delay_unclamped_i_4_n_0
    SLICE_X9Y34          CARRY4 (Prop_carry4_CI_CO[3])
                                                      0.114    16.774 r  design_1_i/chorus_axi_wrapper_0/inst/chorus_internals/delay_unclamped_i_3/CO[3]
                         net (fo=1, routed)           0.000    16.774    design_1_i/chorus_axi_wrapper_0/inst/chorus_internals/delay_unclamped_i_3_n_0
    SLICE_X9Y35          CARRY4 (Prop_carry4_CI_CO[3])
                                                      0.114    16.888 r  design_1_i/chorus_axi_wrapper_0/inst/chorus_internals/delay_unclamped_i_2/CO[3]
                         net (fo=1, routed)           0.000    16.888    design_1_i/chorus_axi_wrapper_0/inst/chorus_internals/delay_unclamped_i_2_n_0
    SLICE_X9Y36          CARRY4 (Prop_carry4_CI_O[1])
                                                      0.334    17.222 r  design_1_i/chorus_axi_wrapper_0/inst/chorus_internals/delay_unclamped_i_1/O[1]
                         net (fo=9, routed)           1.242    18.464    design_1_i/chorus_axi_wrapper_0/inst/chorus_internals/C[39]
    DSP48_X0Y14          DSP48E1 (Prop_dsp48e1_C[46]_P[24])
                                                      1.999    20.463 f  design_1_i/chorus_axi_wrapper_0/inst/chorus_internals/delay_unclamped/P[24]
                         net (fo=3, routed)           1.184    21.647    design_1_i/chorus_axi_wrapper_0/inst/chorus_internals/delay_unclamped__0[24]
    SLICE_X10Y36         LUT2 (Prop_lut2_I0_O)        0.124    21.771 r  design_1_i/chorus_axi_wrapper_0/inst/chorus_internals/i__carry_i_3__1/O
                         net (fo=1, routed)           0.000    21.771    design_1_i/chorus_axi_wrapper_0/inst/chorus_internals/i__carry_i_3__1_n_0
    SLICE_X10Y36         CARRY4 (Prop_carry4_S[2]_CO[3])
                                                      0.380    22.151 r  design_1_i/chorus_axi_wrapper_0/inst/chorus_internals/delay_q1_inferred__0/i__carry/CO[3]
                         net (fo=1, routed)           0.000    22.151    design_1_i/chorus_axi_wrapper_0/inst/chorus_internals/delay_q1_inferred__0/i__carry_n_0
    SLICE_X10Y37         CARRY4 (Prop_carry4_CI_CO[3])
                                                      0.117    22.268 r  design_1_i/chorus_axi_wrapper_0/inst/chorus_internals/delay_q1_inferred__0/i__carry__0/CO[3]
                         net (fo=1, routed)           0.000    22.268    design_1_i/chorus_axi_wrapper_0/inst/chorus_internals/delay_q1_inferred__0/i__carry__0_n_0
    SLICE_X10Y38         CARRY4 (Prop_carry4_CI_CO[1])
                                                      0.157    22.425 r  design_1_i/chorus_axi_wrapper_0/inst/chorus_internals/delay_q1_inferred__0/i__carry__1/CO[1]
                         net (fo=14, routed)          2.132    24.557    design_1_i/chorus_axi_wrapper_0/inst/chorus_internals/delay_q10_in
    SLICE_X26Y33         LUT5 (Prop_lut5_I0_O)        0.360    24.917 r  design_1_i/chorus_axi_wrapper_0/inst/chorus_internals/delay_q[30]_i_1/O
                         net (fo=22, routed)          0.801    25.717    design_1_i/chorus_axi_wrapper_0/inst/chorus_internals/delay_q[30]_i_1_n_0
    SLICE_X26Y37         FDRE                                         r  design_1_i/chorus_axi_wrapper_0/inst/chorus_internals/delay_q_reg[16]/R
  -------------------------------------------------------------------    -------------------

                         (clock clk_out1_design_1_clk_wiz_0_0 rise edge)
                                                      0.000     0.000 r  <hidden>
    K17                                               0.000     0.000 r  sys_clock
                         net (fo=0)                   0.000     0.000    design_1_i/clk_wiz_0/inst/clk_in1
    K17                  IBUF (Prop_ibuf_I_O)         1.421     1.421 r  design_1_i/clk_wiz_0/inst/clkin1_ibufg/O
                         net (fo=1, routed)           1.162     2.583    design_1_i/clk_wiz_0/inst/clk_in1_design_1_clk_wiz_0_0
    MMCME2_ADV_X0Y1      MMCME2_ADV (Prop_mmcme2_adv_CLKIN1_CLKOUT0)
                                                     -7.105    -4.522 r  design_1_i/clk_wiz_0/inst/mmcm_adv_inst/CLKOUT0
                         net (fo=1, routed)           1.599    -2.923    design_1_i/clk_wiz_0/inst/clk_out1_design_1_clk_wiz_0_0
    BUFGCTRL_X0Y16       BUFG (Prop_bufg_I_O)         0.091    -2.832 r  design_1_i/clk_wiz_0/inst/clkout1_buf/O
                         net (fo=300, routed)         1.498    -1.333    design_1_i/chorus_axi_wrapper_0/inst/chorus_internals/audio_clk
    SLICE_X26Y37         FDRE                                         r  design_1_i/chorus_axi_wrapper_0/inst/chorus_internals/delay_q_reg[16]/C





Min Delay Paths
--------------------------------------------------------------------------------------
Slack:                    inf
  Source:                 design_1_i/chorus_axi_wrapper_0/inst/chorus_axi_wrapper_slave_lite_v1_0_S00_AXI_inst/slv_reg2_reg[4]/C
                            (rising edge-triggered cell FDRE clocked by clk_fpga_0  {rise@0.000ns fall@10.000ns period=20.000ns})
  Destination:            design_1_i/chorus_axi_wrapper_0/inst/chorus_internals/mixed/B[4]
                            (rising edge-triggered cell DSP48E1 clocked by clk_out1_design_1_clk_wiz_0_0  {rise@0.000ns fall@40.690ns period=81.380ns})
  Path Group:             (none)
  Path Type:              Hold (Min at Fast Process Corner)
  Data Path Delay:        0.683ns  (logic 0.141ns (20.648%)  route 0.542ns (79.352%))
  Logic Levels:           0  
  Clock Path Skew:        -1.549ns (DCD - SCD - CPR)
    Destination Clock Delay (DCD):    -0.649ns
    Source Clock Delay      (SCD):    0.900ns
    Clock Pessimism Removal (CPR):    -0.000ns
  Clock Uncertainty:      0.736ns  ((TSJ^2 + TIJ^2 + DJ^2)^1/2) / 2 + PE
    Total System Jitter     (TSJ):    0.071ns
    Total Input Jitter      (TIJ):    0.600ns
    Discrete Jitter          (DJ):    0.474ns
    Phase Error              (PE):    0.352ns
  Timing Exception:       Asynchronous Clock Groups

    Location             Delay type                Incr(ns)  Path(ns)    Netlist Resource(s)
  -------------------------------------------------------------------    -------------------
                         (clock clk_fpga_0 rise edge)
                                                      0.000     0.000 r  <hidden>
    PS7_X0Y0             PS7                          0.000     0.000 r  design_1_i/processing_system7_0/inst/PS7_i/FCLKCLK[0]
                         net (fo=1, routed)           0.315     0.315    design_1_i/processing_system7_0/inst/FCLK_CLK_unbuffered[0]
    BUFGCTRL_X0Y0        BUFG (Prop_bufg_I_O)         0.026     0.341 r  design_1_i/processing_system7_0/inst/buffer_fclk_clk_0.FCLK_CLK_0_BUFG/O
                         net (fo=761, routed)         0.559     0.900    design_1_i/chorus_axi_wrapper_0/inst/chorus_axi_wrapper_slave_lite_v1_0_S00_AXI_inst/s00_axi_aclk
    SLICE_X14Y36         FDRE                                         r  design_1_i/chorus_axi_wrapper_0/inst/chorus_axi_wrapper_slave_lite_v1_0_S00_AXI_inst/slv_reg2_reg[4]/C
  -------------------------------------------------------------------    -------------------
    SLICE_X14Y36         FDRE (Prop_fdre_C_Q)         0.141     1.041 r  design_1_i/chorus_axi_wrapper_0/inst/chorus_axi_wrapper_slave_lite_v1_0_S00_AXI_inst/slv_reg2_reg[4]/Q
                         net (fo=3, routed)           0.542     1.582    design_1_i/chorus_axi_wrapper_0/inst/chorus_internals/mixed_0[4]
    DSP48_X1Y12          DSP48E1                                      r  design_1_i/chorus_axi_wrapper_0/inst/chorus_internals/mixed/B[4]
  -------------------------------------------------------------------    -------------------

                         (clock clk_out1_design_1_clk_wiz_0_0 rise edge)
                                                      0.000     0.000 r  <hidden>
    K17                                               0.000     0.000 r  sys_clock
                         net (fo=0)                   0.000     0.000    design_1_i/clk_wiz_0/inst/clk_in1
    K17                  IBUF (Prop_ibuf_I_O)         0.447     0.447 r  design_1_i/clk_wiz_0/inst/clkin1_ibufg/O
                         net (fo=1, routed)           0.480     0.927    design_1_i/clk_wiz_0/inst/clk_in1_design_1_clk_wiz_0_0
    MMCME2_ADV_X0Y1      MMCME2_ADV (Prop_mmcme2_adv_CLKIN1_CLKOUT0)
                                                     -3.047    -2.120 r  design_1_i/clk_wiz_0/inst/mmcm_adv_inst/CLKOUT0
                         net (fo=1, routed)           0.528    -1.592    design_1_i/clk_wiz_0/inst/clk_out1_design_1_clk_wiz_0_0
    BUFGCTRL_X0Y16       BUFG (Prop_bufg_I_O)         0.029    -1.563 r  design_1_i/clk_wiz_0/inst/clkout1_buf/O
                         net (fo=300, routed)         0.914    -0.649    design_1_i/chorus_axi_wrapper_0/inst/chorus_internals/audio_clk
    DSP48_X1Y12          DSP48E1                                      r  design_1_i/chorus_axi_wrapper_0/inst/chorus_internals/mixed/CLK

Slack:                    inf
  Source:                 design_1_i/chorus_axi_wrapper_0/inst/chorus_axi_wrapper_slave_lite_v1_0_S00_AXI_inst/slv_reg2_reg[1]/C
                            (rising edge-triggered cell FDRE clocked by clk_fpga_0  {rise@0.000ns fall@10.000ns period=20.000ns})
  Destination:            design_1_i/chorus_axi_wrapper_0/inst/chorus_internals/mixed/B[1]
                            (rising edge-triggered cell DSP48E1 clocked by clk_out1_design_1_clk_wiz_0_0  {rise@0.000ns fall@40.690ns period=81.380ns})
  Path Group:             (none)
  Path Type:              Hold (Min at Fast Process Corner)
  Data Path Delay:        0.865ns  (logic 0.164ns (18.967%)  route 0.701ns (81.033%))
  Logic Levels:           0  
  Clock Path Skew:        -1.552ns (DCD - SCD - CPR)
    Destination Clock Delay (DCD):    -0.649ns
    Source Clock Delay      (SCD):    0.903ns
    Clock Pessimism Removal (CPR):    -0.000ns
  Clock Uncertainty:      0.736ns  ((TSJ^2 + TIJ^2 + DJ^2)^1/2) / 2 + PE
    Total System Jitter     (TSJ):    0.071ns
    Total Input Jitter      (TIJ):    0.600ns
    Discrete Jitter          (DJ):    0.474ns
    Phase Error              (PE):    0.352ns
  Timing Exception:       Asynchronous Clock Groups

    Location             Delay type                Incr(ns)  Path(ns)    Netlist Resource(s)
  -------------------------------------------------------------------    -------------------
                         (clock clk_fpga_0 rise edge)
                                                      0.000     0.000 r  <hidden>
    PS7_X0Y0             PS7                          0.000     0.000 r  design_1_i/processing_system7_0/inst/PS7_i/FCLKCLK[0]
                         net (fo=1, routed)           0.315     0.315    design_1_i/processing_system7_0/inst/FCLK_CLK_unbuffered[0]
    BUFGCTRL_X0Y0        BUFG (Prop_bufg_I_O)         0.026     0.341 r  design_1_i/processing_system7_0/inst/buffer_fclk_clk_0.FCLK_CLK_0_BUFG/O
                         net (fo=761, routed)         0.562     0.903    design_1_i/chorus_axi_wrapper_0/inst/chorus_axi_wrapper_slave_lite_v1_0_S00_AXI_inst/s00_axi_aclk
    SLICE_X12Y35         FDRE                                         r  design_1_i/chorus_axi_wrapper_0/inst/chorus_axi_wrapper_slave_lite_v1_0_S00_AXI_inst/slv_reg2_reg[1]/C
  -------------------------------------------------------------------    -------------------
    SLICE_X12Y35         FDRE (Prop_fdre_C_Q)         0.164     1.067 r  design_1_i/chorus_axi_wrapper_0/inst/chorus_axi_wrapper_slave_lite_v1_0_S00_AXI_inst/slv_reg2_reg[1]/Q
                         net (fo=3, routed)           0.701     1.767    design_1_i/chorus_axi_wrapper_0/inst/chorus_internals/mixed_0[1]
    DSP48_X1Y12          DSP48E1                                      r  design_1_i/chorus_axi_wrapper_0/inst/chorus_internals/mixed/B[1]
  -------------------------------------------------------------------    -------------------

                         (clock clk_out1_design_1_clk_wiz_0_0 rise edge)
                                                      0.000     0.000 r  <hidden>
    K17                                               0.000     0.000 r  sys_clock
                         net (fo=0)                   0.000     0.000    design_1_i/clk_wiz_0/inst/clk_in1
    K17                  IBUF (Prop_ibuf_I_O)         0.447     0.447 r  design_1_i/clk_wiz_0/inst/clkin1_ibufg/O
                         net (fo=1, routed)           0.480     0.927    design_1_i/clk_wiz_0/inst/clk_in1_design_1_clk_wiz_0_0
    MMCME2_ADV_X0Y1      MMCME2_ADV (Prop_mmcme2_adv_CLKIN1_CLKOUT0)
                                                     -3.047    -2.120 r  design_1_i/clk_wiz_0/inst/mmcm_adv_inst/CLKOUT0
                         net (fo=1, routed)           0.528    -1.592    design_1_i/clk_wiz_0/inst/clk_out1_design_1_clk_wiz_0_0
    BUFGCTRL_X0Y16       BUFG (Prop_bufg_I_O)         0.029    -1.563 r  design_1_i/clk_wiz_0/inst/clkout1_buf/O
                         net (fo=300, routed)         0.914    -0.649    design_1_i/chorus_axi_wrapper_0/inst/chorus_internals/audio_clk
    DSP48_X1Y12          DSP48E1                                      r  design_1_i/chorus_axi_wrapper_0/inst/chorus_internals/mixed/CLK

Slack:                    inf
  Source:                 design_1_i/chorus_axi_wrapper_0/inst/chorus_axi_wrapper_slave_lite_v1_0_S00_AXI_inst/slv_reg2_reg[15]/C
                            (rising edge-triggered cell FDRE clocked by clk_fpga_0  {rise@0.000ns fall@10.000ns period=20.000ns})
  Destination:            design_1_i/chorus_axi_wrapper_0/inst/chorus_internals/mixed/B[15]
                            (rising edge-triggered cell DSP48E1 clocked by clk_out1_design_1_clk_wiz_0_0  {rise@0.000ns fall@40.690ns period=81.380ns})
  Path Group:             (none)
  Path Type:              Hold (Min at Fast Process Corner)
  Data Path Delay:        0.867ns  (logic 0.164ns (18.911%)  route 0.703ns (81.089%))
  Logic Levels:           0  
  Clock Path Skew:        -1.554ns (DCD - SCD - CPR)
    Destination Clock Delay (DCD):    -0.649ns
    Source Clock Delay      (SCD):    0.905ns
    Clock Pessimism Removal (CPR):    -0.000ns
  Clock Uncertainty:      0.736ns  ((TSJ^2 + TIJ^2 + DJ^2)^1/2) / 2 + PE
    Total System Jitter     (TSJ):    0.071ns
    Total Input Jitter      (TIJ):    0.600ns
    Discrete Jitter          (DJ):    0.474ns
    Phase Error              (PE):    0.352ns
  Timing Exception:       Asynchronous Clock Groups

    Location             Delay type                Incr(ns)  Path(ns)    Netlist Resource(s)
  -------------------------------------------------------------------    -------------------
                         (clock clk_fpga_0 rise edge)
                                                      0.000     0.000 r  <hidden>
    PS7_X0Y0             PS7                          0.000     0.000 r  design_1_i/processing_system7_0/inst/PS7_i/FCLKCLK[0]
                         net (fo=1, routed)           0.315     0.315    design_1_i/processing_system7_0/inst/FCLK_CLK_unbuffered[0]
    BUFGCTRL_X0Y0        BUFG (Prop_bufg_I_O)         0.026     0.341 r  design_1_i/processing_system7_0/inst/buffer_fclk_clk_0.FCLK_CLK_0_BUFG/O
                         net (fo=761, routed)         0.564     0.905    design_1_i/chorus_axi_wrapper_0/inst/chorus_axi_wrapper_slave_lite_v1_0_S00_AXI_inst/s00_axi_aclk
    SLICE_X12Y38         FDRE                                         r  design_1_i/chorus_axi_wrapper_0/inst/chorus_axi_wrapper_slave_lite_v1_0_S00_AXI_inst/slv_reg2_reg[15]/C
  -------------------------------------------------------------------    -------------------
    SLICE_X12Y38         FDRE (Prop_fdre_C_Q)         0.164     1.069 r  design_1_i/chorus_axi_wrapper_0/inst/chorus_axi_wrapper_slave_lite_v1_0_S00_AXI_inst/slv_reg2_reg[15]/Q
                         net (fo=3, routed)           0.703     1.772    design_1_i/chorus_axi_wrapper_0/inst/chorus_internals/mixed_0[15]
    DSP48_X1Y12          DSP48E1                                      r  design_1_i/chorus_axi_wrapper_0/inst/chorus_internals/mixed/B[15]
  -------------------------------------------------------------------    -------------------

                         (clock clk_out1_design_1_clk_wiz_0_0 rise edge)
                                                      0.000     0.000 r  <hidden>
    K17                                               0.000     0.000 r  sys_clock
                         net (fo=0)                   0.000     0.000    design_1_i/clk_wiz_0/inst/clk_in1
    K17                  IBUF (Prop_ibuf_I_O)         0.447     0.447 r  design_1_i/clk_wiz_0/inst/clkin1_ibufg/O
                         net (fo=1, routed)           0.480     0.927    design_1_i/clk_wiz_0/inst/clk_in1_design_1_clk_wiz_0_0
    MMCME2_ADV_X0Y1      MMCME2_ADV (Prop_mmcme2_adv_CLKIN1_CLKOUT0)
                                                     -3.047    -2.120 r  design_1_i/clk_wiz_0/inst/mmcm_adv_inst/CLKOUT0
                         net (fo=1, routed)           0.528    -1.592    design_1_i/clk_wiz_0/inst/clk_out1_design_1_clk_wiz_0_0
    BUFGCTRL_X0Y16       BUFG (Prop_bufg_I_O)         0.029    -1.563 r  design_1_i/clk_wiz_0/inst/clkout1_buf/O
                         net (fo=300, routed)         0.914    -0.649    design_1_i/chorus_axi_wrapper_0/inst/chorus_internals/audio_clk
    DSP48_X1Y12          DSP48E1                                      r  design_1_i/chorus_axi_wrapper_0/inst/chorus_internals/mixed/CLK

Slack:                    inf
  Source:                 design_1_i/chorus_axi_wrapper_0/inst/chorus_axi_wrapper_slave_lite_v1_0_S00_AXI_inst/slv_reg2_reg[0]/C
                            (rising edge-triggered cell FDRE clocked by clk_fpga_0  {rise@0.000ns fall@10.000ns period=20.000ns})
  Destination:            design_1_i/chorus_axi_wrapper_0/inst/chorus_internals/mixed/B[0]
                            (rising edge-triggered cell DSP48E1 clocked by clk_out1_design_1_clk_wiz_0_0  {rise@0.000ns fall@40.690ns period=81.380ns})
  Path Group:             (none)
  Path Type:              Hold (Min at Fast Process Corner)
  Data Path Delay:        0.886ns  (logic 0.164ns (18.514%)  route 0.722ns (81.486%))
  Logic Levels:           0  
  Clock Path Skew:        -1.552ns (DCD - SCD - CPR)
    Destination Clock Delay (DCD):    -0.649ns
    Source Clock Delay      (SCD):    0.903ns
    Clock Pessimism Removal (CPR):    -0.000ns
  Clock Uncertainty:      0.736ns  ((TSJ^2 + TIJ^2 + DJ^2)^1/2) / 2 + PE
    Total System Jitter     (TSJ):    0.071ns
    Total Input Jitter      (TIJ):    0.600ns
    Discrete Jitter          (DJ):    0.474ns
    Phase Error              (PE):    0.352ns
  Timing Exception:       Asynchronous Clock Groups

    Location             Delay type                Incr(ns)  Path(ns)    Netlist Resource(s)
  -------------------------------------------------------------------    -------------------
                         (clock clk_fpga_0 rise edge)
                                                      0.000     0.000 r  <hidden>
    PS7_X0Y0             PS7                          0.000     0.000 r  design_1_i/processing_system7_0/inst/PS7_i/FCLKCLK[0]
                         net (fo=1, routed)           0.315     0.315    design_1_i/processing_system7_0/inst/FCLK_CLK_unbuffered[0]
    BUFGCTRL_X0Y0        BUFG (Prop_bufg_I_O)         0.026     0.341 r  design_1_i/processing_system7_0/inst/buffer_fclk_clk_0.FCLK_CLK_0_BUFG/O
                         net (fo=761, routed)         0.562     0.903    design_1_i/chorus_axi_wrapper_0/inst/chorus_axi_wrapper_slave_lite_v1_0_S00_AXI_inst/s00_axi_aclk
    SLICE_X12Y35         FDRE                                         r  design_1_i/chorus_axi_wrapper_0/inst/chorus_axi_wrapper_slave_lite_v1_0_S00_AXI_inst/slv_reg2_reg[0]/C
  -------------------------------------------------------------------    -------------------
    SLICE_X12Y35         FDRE (Prop_fdre_C_Q)         0.164     1.067 r  design_1_i/chorus_axi_wrapper_0/inst/chorus_axi_wrapper_slave_lite_v1_0_S00_AXI_inst/slv_reg2_reg[0]/Q
                         net (fo=3, routed)           0.722     1.788    design_1_i/chorus_axi_wrapper_0/inst/chorus_internals/mixed_0[0]
    DSP48_X1Y12          DSP48E1                                      r  design_1_i/chorus_axi_wrapper_0/inst/chorus_internals/mixed/B[0]
  -------------------------------------------------------------------    -------------------

                         (clock clk_out1_design_1_clk_wiz_0_0 rise edge)
                                                      0.000     0.000 r  <hidden>
    K17                                               0.000     0.000 r  sys_clock
                         net (fo=0)                   0.000     0.000    design_1_i/clk_wiz_0/inst/clk_in1
    K17                  IBUF (Prop_ibuf_I_O)         0.447     0.447 r  design_1_i/clk_wiz_0/inst/clkin1_ibufg/O
                         net (fo=1, routed)           0.480     0.927    design_1_i/clk_wiz_0/inst/clk_in1_design_1_clk_wiz_0_0
    MMCME2_ADV_X0Y1      MMCME2_ADV (Prop_mmcme2_adv_CLKIN1_CLKOUT0)
                                                     -3.047    -2.120 r  design_1_i/clk_wiz_0/inst/mmcm_adv_inst/CLKOUT0
                         net (fo=1, routed)           0.528    -1.592    design_1_i/clk_wiz_0/inst/clk_out1_design_1_clk_wiz_0_0
    BUFGCTRL_X0Y16       BUFG (Prop_bufg_I_O)         0.029    -1.563 r  design_1_i/clk_wiz_0/inst/clkout1_buf/O
                         net (fo=300, routed)         0.914    -0.649    design_1_i/chorus_axi_wrapper_0/inst/chorus_internals/audio_clk
    DSP48_X1Y12          DSP48E1                                      r  design_1_i/chorus_axi_wrapper_0/inst/chorus_internals/mixed/CLK

Slack:                    inf
  Source:                 design_1_i/chorus_axi_wrapper_0/inst/chorus_axi_wrapper_slave_lite_v1_0_S00_AXI_inst/slv_reg2_reg[11]/C
                            (rising edge-triggered cell FDRE clocked by clk_fpga_0  {rise@0.000ns fall@10.000ns period=20.000ns})
  Destination:            design_1_i/chorus_axi_wrapper_0/inst/chorus_internals/mixed/B[11]
                            (rising edge-triggered cell DSP48E1 clocked by clk_out1_design_1_clk_wiz_0_0  {rise@0.000ns fall@40.690ns period=81.380ns})
  Path Group:             (none)
  Path Type:              Hold (Min at Fast Process Corner)
  Data Path Delay:        0.902ns  (logic 0.141ns (15.629%)  route 0.761ns (84.371%))
  Logic Levels:           0  
  Clock Path Skew:        -1.554ns (DCD - SCD - CPR)
    Destination Clock Delay (DCD):    -0.649ns
    Source Clock Delay      (SCD):    0.905ns
    Clock Pessimism Removal (CPR):    -0.000ns
  Clock Uncertainty:      0.736ns  ((TSJ^2 + TIJ^2 + DJ^2)^1/2) / 2 + PE
    Total System Jitter     (TSJ):    0.071ns
    Total Input Jitter      (TIJ):    0.600ns
    Discrete Jitter          (DJ):    0.474ns
    Phase Error              (PE):    0.352ns
  Timing Exception:       Asynchronous Clock Groups

    Location             Delay type                Incr(ns)  Path(ns)    Netlist Resource(s)
  -------------------------------------------------------------------    -------------------
                         (clock clk_fpga_0 rise edge)
                                                      0.000     0.000 r  <hidden>
    PS7_X0Y0             PS7                          0.000     0.000 r  design_1_i/processing_system7_0/inst/PS7_i/FCLKCLK[0]
                         net (fo=1, routed)           0.315     0.315    design_1_i/processing_system7_0/inst/FCLK_CLK_unbuffered[0]
    BUFGCTRL_X0Y0        BUFG (Prop_bufg_I_O)         0.026     0.341 r  design_1_i/processing_system7_0/inst/buffer_fclk_clk_0.FCLK_CLK_0_BUFG/O
                         net (fo=761, routed)         0.564     0.905    design_1_i/chorus_axi_wrapper_0/inst/chorus_axi_wrapper_slave_lite_v1_0_S00_AXI_inst/s00_axi_aclk
    SLICE_X13Y38         FDRE                                         r  design_1_i/chorus_axi_wrapper_0/inst/chorus_axi_wrapper_slave_lite_v1_0_S00_AXI_inst/slv_reg2_reg[11]/C
  -------------------------------------------------------------------    -------------------
    SLICE_X13Y38         FDRE (Prop_fdre_C_Q)         0.141     1.046 r  design_1_i/chorus_axi_wrapper_0/inst/chorus_axi_wrapper_slave_lite_v1_0_S00_AXI_inst/slv_reg2_reg[11]/Q
                         net (fo=3, routed)           0.761     1.807    design_1_i/chorus_axi_wrapper_0/inst/chorus_internals/mixed_0[11]
    DSP48_X1Y12          DSP48E1                                      r  design_1_i/chorus_axi_wrapper_0/inst/chorus_internals/mixed/B[11]
  -------------------------------------------------------------------    -------------------

                         (clock clk_out1_design_1_clk_wiz_0_0 rise edge)
                                                      0.000     0.000 r  <hidden>
    K17                                               0.000     0.000 r  sys_clock
                         net (fo=0)                   0.000     0.000    design_1_i/clk_wiz_0/inst/clk_in1
    K17                  IBUF (Prop_ibuf_I_O)         0.447     0.447 r  design_1_i/clk_wiz_0/inst/clkin1_ibufg/O
                         net (fo=1, routed)           0.480     0.927    design_1_i/clk_wiz_0/inst/clk_in1_design_1_clk_wiz_0_0
    MMCME2_ADV_X0Y1      MMCME2_ADV (Prop_mmcme2_adv_CLKIN1_CLKOUT0)
                                                     -3.047    -2.120 r  design_1_i/clk_wiz_0/inst/mmcm_adv_inst/CLKOUT0
                         net (fo=1, routed)           0.528    -1.592    design_1_i/clk_wiz_0/inst/clk_out1_design_1_clk_wiz_0_0
    BUFGCTRL_X0Y16       BUFG (Prop_bufg_I_O)         0.029    -1.563 r  design_1_i/clk_wiz_0/inst/clkout1_buf/O
                         net (fo=300, routed)         0.914    -0.649    design_1_i/chorus_axi_wrapper_0/inst/chorus_internals/audio_clk
    DSP48_X1Y12          DSP48E1                                      r  design_1_i/chorus_axi_wrapper_0/inst/chorus_internals/mixed/CLK

Slack:                    inf
  Source:                 design_1_i/chorus_axi_wrapper_0/inst/chorus_axi_wrapper_slave_lite_v1_0_S00_AXI_inst/slv_reg2_reg[3]/C
                            (rising edge-triggered cell FDRE clocked by clk_fpga_0  {rise@0.000ns fall@10.000ns period=20.000ns})
  Destination:            design_1_i/chorus_axi_wrapper_0/inst/chorus_internals/mixed/B[3]
                            (rising edge-triggered cell DSP48E1 clocked by clk_out1_design_1_clk_wiz_0_0  {rise@0.000ns fall@40.690ns period=81.380ns})
  Path Group:             (none)
  Path Type:              Hold (Min at Fast Process Corner)
  Data Path Delay:        0.909ns  (logic 0.164ns (18.046%)  route 0.745ns (81.954%))
  Logic Levels:           0  
  Clock Path Skew:        -1.552ns (DCD - SCD - CPR)
    Destination Clock Delay (DCD):    -0.649ns
    Source Clock Delay      (SCD):    0.903ns
    Clock Pessimism Removal (CPR):    -0.000ns
  Clock Uncertainty:      0.736ns  ((TSJ^2 + TIJ^2 + DJ^2)^1/2) / 2 + PE
    Total System Jitter     (TSJ):    0.071ns
    Total Input Jitter      (TIJ):    0.600ns
    Discrete Jitter          (DJ):    0.474ns
    Phase Error              (PE):    0.352ns
  Timing Exception:       Asynchronous Clock Groups

    Location             Delay type                Incr(ns)  Path(ns)    Netlist Resource(s)
  -------------------------------------------------------------------    -------------------
                         (clock clk_fpga_0 rise edge)
                                                      0.000     0.000 r  <hidden>
    PS7_X0Y0             PS7                          0.000     0.000 r  design_1_i/processing_system7_0/inst/PS7_i/FCLKCLK[0]
                         net (fo=1, routed)           0.315     0.315    design_1_i/processing_system7_0/inst/FCLK_CLK_unbuffered[0]
    BUFGCTRL_X0Y0        BUFG (Prop_bufg_I_O)         0.026     0.341 r  design_1_i/processing_system7_0/inst/buffer_fclk_clk_0.FCLK_CLK_0_BUFG/O
                         net (fo=761, routed)         0.562     0.903    design_1_i/chorus_axi_wrapper_0/inst/chorus_axi_wrapper_slave_lite_v1_0_S00_AXI_inst/s00_axi_aclk
    SLICE_X12Y35         FDRE                                         r  design_1_i/chorus_axi_wrapper_0/inst/chorus_axi_wrapper_slave_lite_v1_0_S00_AXI_inst/slv_reg2_reg[3]/C
  -------------------------------------------------------------------    -------------------
    SLICE_X12Y35         FDRE (Prop_fdre_C_Q)         0.164     1.067 r  design_1_i/chorus_axi_wrapper_0/inst/chorus_axi_wrapper_slave_lite_v1_0_S00_AXI_inst/slv_reg2_reg[3]/Q
                         net (fo=3, routed)           0.745     1.811    design_1_i/chorus_axi_wrapper_0/inst/chorus_internals/mixed_0[3]
    DSP48_X1Y12          DSP48E1                                      r  design_1_i/chorus_axi_wrapper_0/inst/chorus_internals/mixed/B[3]
  -------------------------------------------------------------------    -------------------

                         (clock clk_out1_design_1_clk_wiz_0_0 rise edge)
                                                      0.000     0.000 r  <hidden>
    K17                                               0.000     0.000 r  sys_clock
                         net (fo=0)                   0.000     0.000    design_1_i/clk_wiz_0/inst/clk_in1
    K17                  IBUF (Prop_ibuf_I_O)         0.447     0.447 r  design_1_i/clk_wiz_0/inst/clkin1_ibufg/O
                         net (fo=1, routed)           0.480     0.927    design_1_i/clk_wiz_0/inst/clk_in1_design_1_clk_wiz_0_0
    MMCME2_ADV_X0Y1      MMCME2_ADV (Prop_mmcme2_adv_CLKIN1_CLKOUT0)
                                                     -3.047    -2.120 r  design_1_i/clk_wiz_0/inst/mmcm_adv_inst/CLKOUT0
                         net (fo=1, routed)           0.528    -1.592    design_1_i/clk_wiz_0/inst/clk_out1_design_1_clk_wiz_0_0
    BUFGCTRL_X0Y16       BUFG (Prop_bufg_I_O)         0.029    -1.563 r  design_1_i/clk_wiz_0/inst/clkout1_buf/O
                         net (fo=300, routed)         0.914    -0.649    design_1_i/chorus_axi_wrapper_0/inst/chorus_internals/audio_clk
    DSP48_X1Y12          DSP48E1                                      r  design_1_i/chorus_axi_wrapper_0/inst/chorus_internals/mixed/CLK

Slack:                    inf
  Source:                 design_1_i/chorus_axi_wrapper_0/inst/chorus_axi_wrapper_slave_lite_v1_0_S00_AXI_inst/slv_reg2_reg[14]/C
                            (rising edge-triggered cell FDRE clocked by clk_fpga_0  {rise@0.000ns fall@10.000ns period=20.000ns})
  Destination:            design_1_i/chorus_axi_wrapper_0/inst/chorus_internals/mixed/B[14]
                            (rising edge-triggered cell DSP48E1 clocked by clk_out1_design_1_clk_wiz_0_0  {rise@0.000ns fall@40.690ns period=81.380ns})
  Path Group:             (none)
  Path Type:              Hold (Min at Fast Process Corner)
  Data Path Delay:        0.908ns  (logic 0.141ns (15.529%)  route 0.767ns (84.471%))
  Logic Levels:           0  
  Clock Path Skew:        -1.554ns (DCD - SCD - CPR)
    Destination Clock Delay (DCD):    -0.649ns
    Source Clock Delay      (SCD):    0.905ns
    Clock Pessimism Removal (CPR):    -0.000ns
  Clock Uncertainty:      0.736ns  ((TSJ^2 + TIJ^2 + DJ^2)^1/2) / 2 + PE
    Total System Jitter     (TSJ):    0.071ns
    Total Input Jitter      (TIJ):    0.600ns
    Discrete Jitter          (DJ):    0.474ns
    Phase Error              (PE):    0.352ns
  Timing Exception:       Asynchronous Clock Groups

    Location             Delay type                Incr(ns)  Path(ns)    Netlist Resource(s)
  -------------------------------------------------------------------    -------------------
                         (clock clk_fpga_0 rise edge)
                                                      0.000     0.000 r  <hidden>
    PS7_X0Y0             PS7                          0.000     0.000 r  design_1_i/processing_system7_0/inst/PS7_i/FCLKCLK[0]
                         net (fo=1, routed)           0.315     0.315    design_1_i/processing_system7_0/inst/FCLK_CLK_unbuffered[0]
    BUFGCTRL_X0Y0        BUFG (Prop_bufg_I_O)         0.026     0.341 r  design_1_i/processing_system7_0/inst/buffer_fclk_clk_0.FCLK_CLK_0_BUFG/O
                         net (fo=761, routed)         0.564     0.905    design_1_i/chorus_axi_wrapper_0/inst/chorus_axi_wrapper_slave_lite_v1_0_S00_AXI_inst/s00_axi_aclk
    SLICE_X13Y38         FDRE                                         r  design_1_i/chorus_axi_wrapper_0/inst/chorus_axi_wrapper_slave_lite_v1_0_S00_AXI_inst/slv_reg2_reg[14]/C
  -------------------------------------------------------------------    -------------------
    SLICE_X13Y38         FDRE (Prop_fdre_C_Q)         0.141     1.046 r  design_1_i/chorus_axi_wrapper_0/inst/chorus_axi_wrapper_slave_lite_v1_0_S00_AXI_inst/slv_reg2_reg[14]/Q
                         net (fo=3, routed)           0.767     1.812    design_1_i/chorus_axi_wrapper_0/inst/chorus_internals/mixed_0[14]
    DSP48_X1Y12          DSP48E1                                      r  design_1_i/chorus_axi_wrapper_0/inst/chorus_internals/mixed/B[14]
  -------------------------------------------------------------------    -------------------

                         (clock clk_out1_design_1_clk_wiz_0_0 rise edge)
                                                      0.000     0.000 r  <hidden>
    K17                                               0.000     0.000 r  sys_clock
                         net (fo=0)                   0.000     0.000    design_1_i/clk_wiz_0/inst/clk_in1
    K17                  IBUF (Prop_ibuf_I_O)         0.447     0.447 r  design_1_i/clk_wiz_0/inst/clkin1_ibufg/O
                         net (fo=1, routed)           0.480     0.927    design_1_i/clk_wiz_0/inst/clk_in1_design_1_clk_wiz_0_0
    MMCME2_ADV_X0Y1      MMCME2_ADV (Prop_mmcme2_adv_CLKIN1_CLKOUT0)
                                                     -3.047    -2.120 r  design_1_i/clk_wiz_0/inst/mmcm_adv_inst/CLKOUT0
                         net (fo=1, routed)           0.528    -1.592    design_1_i/clk_wiz_0/inst/clk_out1_design_1_clk_wiz_0_0
    BUFGCTRL_X0Y16       BUFG (Prop_bufg_I_O)         0.029    -1.563 r  design_1_i/clk_wiz_0/inst/clkout1_buf/O
                         net (fo=300, routed)         0.914    -0.649    design_1_i/chorus_axi_wrapper_0/inst/chorus_internals/audio_clk
    DSP48_X1Y12          DSP48E1                                      r  design_1_i/chorus_axi_wrapper_0/inst/chorus_internals/mixed/CLK

Slack:                    inf
  Source:                 design_1_i/chorus_axi_wrapper_0/inst/chorus_axi_wrapper_slave_lite_v1_0_S00_AXI_inst/slv_reg2_reg[7]/C
                            (rising edge-triggered cell FDRE clocked by clk_fpga_0  {rise@0.000ns fall@10.000ns period=20.000ns})
  Destination:            design_1_i/chorus_axi_wrapper_0/inst/chorus_internals/mixed/B[7]
                            (rising edge-triggered cell DSP48E1 clocked by clk_out1_design_1_clk_wiz_0_0  {rise@0.000ns fall@40.690ns period=81.380ns})
  Path Group:             (none)
  Path Type:              Hold (Min at Fast Process Corner)
  Data Path Delay:        0.913ns  (logic 0.141ns (15.449%)  route 0.772ns (84.551%))
  Logic Levels:           0  
  Clock Path Skew:        -1.553ns (DCD - SCD - CPR)
    Destination Clock Delay (DCD):    -0.649ns
    Source Clock Delay      (SCD):    0.904ns
    Clock Pessimism Removal (CPR):    -0.000ns
  Clock Uncertainty:      0.736ns  ((TSJ^2 + TIJ^2 + DJ^2)^1/2) / 2 + PE
    Total System Jitter     (TSJ):    0.071ns
    Total Input Jitter      (TIJ):    0.600ns
    Discrete Jitter          (DJ):    0.474ns
    Phase Error              (PE):    0.352ns
  Timing Exception:       Asynchronous Clock Groups

    Location             Delay type                Incr(ns)  Path(ns)    Netlist Resource(s)
  -------------------------------------------------------------------    -------------------
                         (clock clk_fpga_0 rise edge)
                                                      0.000     0.000 r  <hidden>
    PS7_X0Y0             PS7                          0.000     0.000 r  design_1_i/processing_system7_0/inst/PS7_i/FCLKCLK[0]
                         net (fo=1, routed)           0.315     0.315    design_1_i/processing_system7_0/inst/FCLK_CLK_unbuffered[0]
    BUFGCTRL_X0Y0        BUFG (Prop_bufg_I_O)         0.026     0.341 r  design_1_i/processing_system7_0/inst/buffer_fclk_clk_0.FCLK_CLK_0_BUFG/O
                         net (fo=761, routed)         0.563     0.904    design_1_i/chorus_axi_wrapper_0/inst/chorus_axi_wrapper_slave_lite_v1_0_S00_AXI_inst/s00_axi_aclk
    SLICE_X13Y37         FDRE                                         r  design_1_i/chorus_axi_wrapper_0/inst/chorus_axi_wrapper_slave_lite_v1_0_S00_AXI_inst/slv_reg2_reg[7]/C
  -------------------------------------------------------------------    -------------------
    SLICE_X13Y37         FDRE (Prop_fdre_C_Q)         0.141     1.044 r  design_1_i/chorus_axi_wrapper_0/inst/chorus_axi_wrapper_slave_lite_v1_0_S00_AXI_inst/slv_reg2_reg[7]/Q
                         net (fo=3, routed)           0.772     1.816    design_1_i/chorus_axi_wrapper_0/inst/chorus_internals/mixed_0[7]
    DSP48_X1Y12          DSP48E1                                      r  design_1_i/chorus_axi_wrapper_0/inst/chorus_internals/mixed/B[7]
  -------------------------------------------------------------------    -------------------

                         (clock clk_out1_design_1_clk_wiz_0_0 rise edge)
                                                      0.000     0.000 r  <hidden>
    K17                                               0.000     0.000 r  sys_clock
                         net (fo=0)                   0.000     0.000    design_1_i/clk_wiz_0/inst/clk_in1
    K17                  IBUF (Prop_ibuf_I_O)         0.447     0.447 r  design_1_i/clk_wiz_0/inst/clkin1_ibufg/O
                         net (fo=1, routed)           0.480     0.927    design_1_i/clk_wiz_0/inst/clk_in1_design_1_clk_wiz_0_0
    MMCME2_ADV_X0Y1      MMCME2_ADV (Prop_mmcme2_adv_CLKIN1_CLKOUT0)
                                                     -3.047    -2.120 r  design_1_i/clk_wiz_0/inst/mmcm_adv_inst/CLKOUT0
                         net (fo=1, routed)           0.528    -1.592    design_1_i/clk_wiz_0/inst/clk_out1_design_1_clk_wiz_0_0
    BUFGCTRL_X0Y16       BUFG (Prop_bufg_I_O)         0.029    -1.563 r  design_1_i/clk_wiz_0/inst/clkout1_buf/O
                         net (fo=300, routed)         0.914    -0.649    design_1_i/chorus_axi_wrapper_0/inst/chorus_internals/audio_clk
    DSP48_X1Y12          DSP48E1                                      r  design_1_i/chorus_axi_wrapper_0/inst/chorus_internals/mixed/CLK

Slack:                    inf
  Source:                 design_1_i/chorus_axi_wrapper_0/inst/chorus_axi_wrapper_slave_lite_v1_0_S00_AXI_inst/slv_reg2_reg[12]/C
                            (rising edge-triggered cell FDRE clocked by clk_fpga_0  {rise@0.000ns fall@10.000ns period=20.000ns})
  Destination:            design_1_i/chorus_axi_wrapper_0/inst/chorus_internals/mixed/B[12]
                            (rising edge-triggered cell DSP48E1 clocked by clk_out1_design_1_clk_wiz_0_0  {rise@0.000ns fall@40.690ns period=81.380ns})
  Path Group:             (none)
  Path Type:              Hold (Min at Fast Process Corner)
  Data Path Delay:        0.923ns  (logic 0.141ns (15.282%)  route 0.782ns (84.718%))
  Logic Levels:           0  
  Clock Path Skew:        -1.554ns (DCD - SCD - CPR)
    Destination Clock Delay (DCD):    -0.649ns
    Source Clock Delay      (SCD):    0.905ns
    Clock Pessimism Removal (CPR):    -0.000ns
  Clock Uncertainty:      0.736ns  ((TSJ^2 + TIJ^2 + DJ^2)^1/2) / 2 + PE
    Total System Jitter     (TSJ):    0.071ns
    Total Input Jitter      (TIJ):    0.600ns
    Discrete Jitter          (DJ):    0.474ns
    Phase Error              (PE):    0.352ns
  Timing Exception:       Asynchronous Clock Groups

    Location             Delay type                Incr(ns)  Path(ns)    Netlist Resource(s)
  -------------------------------------------------------------------    -------------------
                         (clock clk_fpga_0 rise edge)
                                                      0.000     0.000 r  <hidden>
    PS7_X0Y0             PS7                          0.000     0.000 r  design_1_i/processing_system7_0/inst/PS7_i/FCLKCLK[0]
                         net (fo=1, routed)           0.315     0.315    design_1_i/processing_system7_0/inst/FCLK_CLK_unbuffered[0]
    BUFGCTRL_X0Y0        BUFG (Prop_bufg_I_O)         0.026     0.341 r  design_1_i/processing_system7_0/inst/buffer_fclk_clk_0.FCLK_CLK_0_BUFG/O
                         net (fo=761, routed)         0.564     0.905    design_1_i/chorus_axi_wrapper_0/inst/chorus_axi_wrapper_slave_lite_v1_0_S00_AXI_inst/s00_axi_aclk
    SLICE_X13Y38         FDRE                                         r  design_1_i/chorus_axi_wrapper_0/inst/chorus_axi_wrapper_slave_lite_v1_0_S00_AXI_inst/slv_reg2_reg[12]/C
  -------------------------------------------------------------------    -------------------
    SLICE_X13Y38         FDRE (Prop_fdre_C_Q)         0.141     1.046 r  design_1_i/chorus_axi_wrapper_0/inst/chorus_axi_wrapper_slave_lite_v1_0_S00_AXI_inst/slv_reg2_reg[12]/Q
                         net (fo=3, routed)           0.782     1.827    design_1_i/chorus_axi_wrapper_0/inst/chorus_internals/mixed_0[12]
    DSP48_X1Y12          DSP48E1                                      r  design_1_i/chorus_axi_wrapper_0/inst/chorus_internals/mixed/B[12]
  -------------------------------------------------------------------    -------------------

                         (clock clk_out1_design_1_clk_wiz_0_0 rise edge)
                                                      0.000     0.000 r  <hidden>
    K17                                               0.000     0.000 r  sys_clock
                         net (fo=0)                   0.000     0.000    design_1_i/clk_wiz_0/inst/clk_in1
    K17                  IBUF (Prop_ibuf_I_O)         0.447     0.447 r  design_1_i/clk_wiz_0/inst/clkin1_ibufg/O
                         net (fo=1, routed)           0.480     0.927    design_1_i/clk_wiz_0/inst/clk_in1_design_1_clk_wiz_0_0
    MMCME2_ADV_X0Y1      MMCME2_ADV (Prop_mmcme2_adv_CLKIN1_CLKOUT0)
                                                     -3.047    -2.120 r  design_1_i/clk_wiz_0/inst/mmcm_adv_inst/CLKOUT0
                         net (fo=1, routed)           0.528    -1.592    design_1_i/clk_wiz_0/inst/clk_out1_design_1_clk_wiz_0_0
    BUFGCTRL_X0Y16       BUFG (Prop_bufg_I_O)         0.029    -1.563 r  design_1_i/clk_wiz_0/inst/clkout1_buf/O
                         net (fo=300, routed)         0.914    -0.649    design_1_i/chorus_axi_wrapper_0/inst/chorus_internals/audio_clk
    DSP48_X1Y12          DSP48E1                                      r  design_1_i/chorus_axi_wrapper_0/inst/chorus_internals/mixed/CLK

Slack:                    inf
  Source:                 design_1_i/chorus_axi_wrapper_0/inst/chorus_axi_wrapper_slave_lite_v1_0_S00_AXI_inst/slv_reg2_reg[13]/C
                            (rising edge-triggered cell FDRE clocked by clk_fpga_0  {rise@0.000ns fall@10.000ns period=20.000ns})
  Destination:            design_1_i/chorus_axi_wrapper_0/inst/chorus_internals/mixed/B[13]
                            (rising edge-triggered cell DSP48E1 clocked by clk_out1_design_1_clk_wiz_0_0  {rise@0.000ns fall@40.690ns period=81.380ns})
  Path Group:             (none)
  Path Type:              Hold (Min at Fast Process Corner)
  Data Path Delay:        0.924ns  (logic 0.164ns (17.751%)  route 0.760ns (82.249%))
  Logic Levels:           0  
  Clock Path Skew:        -1.554ns (DCD - SCD - CPR)
    Destination Clock Delay (DCD):    -0.649ns
    Source Clock Delay      (SCD):    0.905ns
    Clock Pessimism Removal (CPR):    -0.000ns
  Clock Uncertainty:      0.736ns  ((TSJ^2 + TIJ^2 + DJ^2)^1/2) / 2 + PE
    Total System Jitter     (TSJ):    0.071ns
    Total Input Jitter      (TIJ):    0.600ns
    Discrete Jitter          (DJ):    0.474ns
    Phase Error              (PE):    0.352ns
  Timing Exception:       Asynchronous Clock Groups

    Location             Delay type                Incr(ns)  Path(ns)    Netlist Resource(s)
  -------------------------------------------------------------------    -------------------
                         (clock clk_fpga_0 rise edge)
                                                      0.000     0.000 r  <hidden>
    PS7_X0Y0             PS7                          0.000     0.000 r  design_1_i/processing_system7_0/inst/PS7_i/FCLKCLK[0]
                         net (fo=1, routed)           0.315     0.315    design_1_i/processing_system7_0/inst/FCLK_CLK_unbuffered[0]
    BUFGCTRL_X0Y0        BUFG (Prop_bufg_I_O)         0.026     0.341 r  design_1_i/processing_system7_0/inst/buffer_fclk_clk_0.FCLK_CLK_0_BUFG/O
                         net (fo=761, routed)         0.564     0.905    design_1_i/chorus_axi_wrapper_0/inst/chorus_axi_wrapper_slave_lite_v1_0_S00_AXI_inst/s00_axi_aclk
    SLICE_X12Y38         FDRE                                         r  design_1_i/chorus_axi_wrapper_0/inst/chorus_axi_wrapper_slave_lite_v1_0_S00_AXI_inst/slv_reg2_reg[13]/C
  -------------------------------------------------------------------    -------------------
    SLICE_X12Y38         FDRE (Prop_fdre_C_Q)         0.164     1.069 r  design_1_i/chorus_axi_wrapper_0/inst/chorus_axi_wrapper_slave_lite_v1_0_S00_AXI_inst/slv_reg2_reg[13]/Q
                         net (fo=3, routed)           0.760     1.828    design_1_i/chorus_axi_wrapper_0/inst/chorus_internals/mixed_0[13]
    DSP48_X1Y12          DSP48E1                                      r  design_1_i/chorus_axi_wrapper_0/inst/chorus_internals/mixed/B[13]
  -------------------------------------------------------------------    -------------------

                         (clock clk_out1_design_1_clk_wiz_0_0 rise edge)
                                                      0.000     0.000 r  <hidden>
    K17                                               0.000     0.000 r  sys_clock
                         net (fo=0)                   0.000     0.000    design_1_i/clk_wiz_0/inst/clk_in1
    K17                  IBUF (Prop_ibuf_I_O)         0.447     0.447 r  design_1_i/clk_wiz_0/inst/clkin1_ibufg/O
                         net (fo=1, routed)           0.480     0.927    design_1_i/clk_wiz_0/inst/clk_in1_design_1_clk_wiz_0_0
    MMCME2_ADV_X0Y1      MMCME2_ADV (Prop_mmcme2_adv_CLKIN1_CLKOUT0)
                                                     -3.047    -2.120 r  design_1_i/clk_wiz_0/inst/mmcm_adv_inst/CLKOUT0
                         net (fo=1, routed)           0.528    -1.592    design_1_i/clk_wiz_0/inst/clk_out1_design_1_clk_wiz_0_0
    BUFGCTRL_X0Y16       BUFG (Prop_bufg_I_O)         0.029    -1.563 r  design_1_i/clk_wiz_0/inst/clkout1_buf/O
                         net (fo=300, routed)         0.914    -0.649    design_1_i/chorus_axi_wrapper_0/inst/chorus_internals/audio_clk
    DSP48_X1Y12          DSP48E1                                      r  design_1_i/chorus_axi_wrapper_0/inst/chorus_internals/mixed/CLK





--------------------------------------------------------------------------------------
Path Group:  (none)
From Clock:  clk_out1_design_1_clk_wiz_0_0
  To Clock:  

Max Delay             5 Endpoints
Min Delay             5 Endpoints
--------------------------------------------------------------------------------------


Max Delay Paths
--------------------------------------------------------------------------------------
Slack:                    inf
  Source:                 design_1_i/clk_wiz_0/inst/mmcm_adv_inst/CLKOUT0
                            (clock source 'clk_out1_design_1_clk_wiz_0_0'  {rise@0.000ns fall@40.690ns period=81.380ns})
  Destination:            ac_mclk
                            (output port)
  Path Group:             (none)
  Path Type:              Max at Slow Process Corner
  Data Path Delay:        8.419ns  (logic 3.603ns (42.790%)  route 4.817ns (57.210%))
  Logic Levels:           2  (BUFG=1 OBUF=1)
  Clock Uncertainty:      0.590ns  ((TSJ^2 + DJ^2)^1/2) / 2 + PE
    Total System Jitter     (TSJ):    0.050ns
    Discrete Jitter          (DJ):    0.474ns
    Phase Error              (PE):    0.352ns

    Location             Delay type                Incr(ns)  Path(ns)    Netlist Resource(s)
  -------------------------------------------------------------------    -------------------
                         (clock clk_out1_design_1_clk_wiz_0_0 fall edge)
                                                     40.690    40.690 f  <hidden>
    K17                                               0.000    40.690 f  sys_clock
                         net (fo=0)                   0.000    40.690    design_1_i/clk_wiz_0/inst/clk_in1
    K17                  IBUF (Prop_ibuf_I_O)         1.492    42.182 f  design_1_i/clk_wiz_0/inst/clkin1_ibufg/O
                         net (fo=1, routed)           1.285    43.467    design_1_i/clk_wiz_0/inst/clk_in1_design_1_clk_wiz_0_0
  -------------------------------------------------------------------    -------------------
    MMCME2_ADV_X0Y1      MMCME2_ADV (Prop_mmcme2_adv_CLKIN1_CLKOUT0)
                                                     -6.996    36.471 f  design_1_i/clk_wiz_0/inst/mmcm_adv_inst/CLKOUT0
                         net (fo=1, routed)           1.760    38.231    design_1_i/clk_wiz_0/inst/clk_out1_design_1_clk_wiz_0_0
    BUFGCTRL_X0Y16       BUFG (Prop_bufg_I_O)         0.101    38.332 f  design_1_i/clk_wiz_0/inst/clkout1_buf/O
                         net (fo=300, routed)         3.057    41.389    ac_mclk_OBUF
    R17                  OBUF (Prop_obuf_I_O)         3.502    44.890 f  ac_mclk_OBUF_inst/O
                         net (fo=0)                   0.000    44.890    ac_mclk
    R17                                                               f  ac_mclk
  -------------------------------------------------------------------    -------------------

Slack:                    inf
  Source:                 design_1_i/i2s_rx_0/inst/lrc_counter_reg[5]/C
                            (rising edge-triggered cell FDRE clocked by clk_out1_design_1_clk_wiz_0_0  {rise@0.000ns fall@40.690ns period=81.380ns})
  Destination:            ac_reclrc
                            (output port)
  Path Group:             (none)
  Path Type:              Max at Slow Process Corner
  Data Path Delay:        7.075ns  (logic 4.009ns (56.670%)  route 3.065ns (43.330%))
  Logic Levels:           1  (OBUF=1)
  Clock Uncertainty:      0.590ns  ((TSJ^2 + DJ^2)^1/2) / 2 + PE
    Total System Jitter     (TSJ):    0.050ns
    Discrete Jitter          (DJ):    0.474ns
    Phase Error              (PE):    0.352ns

    Location             Delay type                Incr(ns)  Path(ns)    Netlist Resource(s)
  -------------------------------------------------------------------    -------------------
                         (clock clk_out1_design_1_clk_wiz_0_0 rise edge)
                                                      0.000     0.000 r  <hidden>
    K17                                               0.000     0.000 r  sys_clock
                         net (fo=0)                   0.000     0.000    design_1_i/clk_wiz_0/inst/clk_in1
    K17                  IBUF (Prop_ibuf_I_O)         1.492     1.492 r  design_1_i/clk_wiz_0/inst/clkin1_ibufg/O
                         net (fo=1, routed)           1.285     2.777    design_1_i/clk_wiz_0/inst/clk_in1_design_1_clk_wiz_0_0
    MMCME2_ADV_X0Y1      MMCME2_ADV (Prop_mmcme2_adv_CLKIN1_CLKOUT0)
                                                     -6.996    -4.219 r  design_1_i/clk_wiz_0/inst/mmcm_adv_inst/CLKOUT0
                         net (fo=1, routed)           1.760    -2.459    design_1_i/clk_wiz_0/inst/clk_out1_design_1_clk_wiz_0_0
    BUFGCTRL_X0Y16       BUFG (Prop_bufg_I_O)         0.101    -2.358 r  design_1_i/clk_wiz_0/inst/clkout1_buf/O
                         net (fo=300, routed)         1.671    -0.687    design_1_i/i2s_rx_0/inst/mclk
    SLICE_X26Y35         FDRE                                         r  design_1_i/i2s_rx_0/inst/lrc_counter_reg[5]/C
  -------------------------------------------------------------------    -------------------
    SLICE_X26Y35         FDRE (Prop_fdre_C_Q)         0.456    -0.231 r  design_1_i/i2s_rx_0/inst/lrc_counter_reg[5]/Q
                         net (fo=4, routed)           3.065     2.834    ac_reclrc_OBUF
    Y18                  OBUF (Prop_obuf_I_O)         3.553     6.387 r  ac_reclrc_OBUF_inst/O
                         net (fo=0)                   0.000     6.387    ac_reclrc
    Y18                                                               r  ac_reclrc
  -------------------------------------------------------------------    -------------------

Slack:                    inf
  Source:                 design_1_i/i2s_tx_0/inst/lrc_reg/C
                            (rising edge-triggered cell FDRE clocked by clk_out1_design_1_clk_wiz_0_0  {rise@0.000ns fall@40.690ns period=81.380ns})
  Destination:            ac_pblrc
                            (output port)
  Path Group:             (none)
  Path Type:              Max at Slow Process Corner
  Data Path Delay:        7.024ns  (logic 4.038ns (57.485%)  route 2.986ns (42.515%))
  Logic Levels:           1  (OBUF=1)
  Clock Uncertainty:      0.590ns  ((TSJ^2 + DJ^2)^1/2) / 2 + PE
    Total System Jitter     (TSJ):    0.050ns
    Discrete Jitter          (DJ):    0.474ns
    Phase Error              (PE):    0.352ns

    Location             Delay type                Incr(ns)  Path(ns)    Netlist Resource(s)
  -------------------------------------------------------------------    -------------------
                         (clock clk_out1_design_1_clk_wiz_0_0 rise edge)
                                                      0.000     0.000 r  <hidden>
    K17                                               0.000     0.000 r  sys_clock
                         net (fo=0)                   0.000     0.000    design_1_i/clk_wiz_0/inst/clk_in1
    K17                  IBUF (Prop_ibuf_I_O)         1.492     1.492 r  design_1_i/clk_wiz_0/inst/clkin1_ibufg/O
                         net (fo=1, routed)           1.285     2.777    design_1_i/clk_wiz_0/inst/clk_in1_design_1_clk_wiz_0_0
    MMCME2_ADV_X0Y1      MMCME2_ADV (Prop_mmcme2_adv_CLKIN1_CLKOUT0)
                                                     -6.996    -4.219 r  design_1_i/clk_wiz_0/inst/mmcm_adv_inst/CLKOUT0
                         net (fo=1, routed)           1.760    -2.459    design_1_i/clk_wiz_0/inst/clk_out1_design_1_clk_wiz_0_0
    BUFGCTRL_X0Y16       BUFG (Prop_bufg_I_O)         0.101    -2.358 r  design_1_i/clk_wiz_0/inst/clkout1_buf/O
                         net (fo=300, routed)         1.668    -0.690    design_1_i/i2s_tx_0/inst/mclk
    SLICE_X34Y32         FDRE                                         r  design_1_i/i2s_tx_0/inst/lrc_reg/C
  -------------------------------------------------------------------    -------------------
    SLICE_X34Y32         FDRE (Prop_fdre_C_Q)         0.518    -0.172 r  design_1_i/i2s_tx_0/inst/lrc_reg/Q
                         net (fo=1, routed)           2.986     2.814    ac_pblrc_OBUF
    T19                  OBUF (Prop_obuf_I_O)         3.520     6.334 r  ac_pblrc_OBUF_inst/O
                         net (fo=0)                   0.000     6.334    ac_pblrc
    T19                                                               r  ac_pblrc
  -------------------------------------------------------------------    -------------------

Slack:                    inf
  Source:                 design_1_i/i2s_tx_0/inst/sda_reg/C
                            (rising edge-triggered cell FDRE clocked by clk_out1_design_1_clk_wiz_0_0  {rise@0.000ns fall@40.690ns period=81.380ns})
  Destination:            ac_pbdat
                            (output port)
  Path Group:             (none)
  Path Type:              Max at Slow Process Corner
  Data Path Delay:        6.887ns  (logic 4.032ns (58.537%)  route 2.856ns (41.463%))
  Logic Levels:           1  (OBUF=1)
  Clock Uncertainty:      0.590ns  ((TSJ^2 + DJ^2)^1/2) / 2 + PE
    Total System Jitter     (TSJ):    0.050ns
    Discrete Jitter          (DJ):    0.474ns
    Phase Error              (PE):    0.352ns

    Location             Delay type                Incr(ns)  Path(ns)    Netlist Resource(s)
  -------------------------------------------------------------------    -------------------
                         (clock clk_out1_design_1_clk_wiz_0_0 rise edge)
                                                      0.000     0.000 r  <hidden>
    K17                                               0.000     0.000 r  sys_clock
                         net (fo=0)                   0.000     0.000    design_1_i/clk_wiz_0/inst/clk_in1
    K17                  IBUF (Prop_ibuf_I_O)         1.492     1.492 r  design_1_i/clk_wiz_0/inst/clkin1_ibufg/O
                         net (fo=1, routed)           1.285     2.777    design_1_i/clk_wiz_0/inst/clk_in1_design_1_clk_wiz_0_0
    MMCME2_ADV_X0Y1      MMCME2_ADV (Prop_mmcme2_adv_CLKIN1_CLKOUT0)
                                                     -6.996    -4.219 r  design_1_i/clk_wiz_0/inst/mmcm_adv_inst/CLKOUT0
                         net (fo=1, routed)           1.760    -2.459    design_1_i/clk_wiz_0/inst/clk_out1_design_1_clk_wiz_0_0
    BUFGCTRL_X0Y16       BUFG (Prop_bufg_I_O)         0.101    -2.358 r  design_1_i/clk_wiz_0/inst/clkout1_buf/O
                         net (fo=300, routed)         1.670    -0.688    design_1_i/i2s_tx_0/inst/mclk
    SLICE_X28Y34         FDRE                                         r  design_1_i/i2s_tx_0/inst/sda_reg/C
  -------------------------------------------------------------------    -------------------
    SLICE_X28Y34         FDRE (Prop_fdre_C_Q)         0.518    -0.170 r  design_1_i/i2s_tx_0/inst/sda_reg/Q
                         net (fo=2, routed)           2.856     2.686    ac_pbdat_OBUF
    R18                  OBUF (Prop_obuf_I_O)         3.514     6.199 r  ac_pbdat_OBUF_inst/O
                         net (fo=0)                   0.000     6.199    ac_pbdat
    R18                                                               r  ac_pbdat
  -------------------------------------------------------------------    -------------------

Slack:                    inf
  Source:                 design_1_i/bclk_div_0/inst/counter_reg[1]/C
                            (rising edge-triggered cell FDRE clocked by clk_out1_design_1_clk_wiz_0_0  {rise@0.000ns fall@40.690ns period=81.380ns})
  Destination:            ac_bclk
                            (output port)
  Path Group:             (none)
  Path Type:              Max at Slow Process Corner
  Data Path Delay:        6.490ns  (logic 4.143ns (63.843%)  route 2.346ns (36.157%))
  Logic Levels:           1  (OBUF=1)
  Clock Uncertainty:      0.590ns  ((TSJ^2 + DJ^2)^1/2) / 2 + PE
    Total System Jitter     (TSJ):    0.050ns
    Discrete Jitter          (DJ):    0.474ns
    Phase Error              (PE):    0.352ns

    Location             Delay type                Incr(ns)  Path(ns)    Netlist Resource(s)
  -------------------------------------------------------------------    -------------------
                         (clock clk_out1_design_1_clk_wiz_0_0 rise edge)
                                                      0.000     0.000 r  <hidden>
    K17                                               0.000     0.000 r  sys_clock
                         net (fo=0)                   0.000     0.000    design_1_i/clk_wiz_0/inst/clk_in1
    K17                  IBUF (Prop_ibuf_I_O)         1.492     1.492 r  design_1_i/clk_wiz_0/inst/clkin1_ibufg/O
                         net (fo=1, routed)           1.285     2.777    design_1_i/clk_wiz_0/inst/clk_in1_design_1_clk_wiz_0_0
    MMCME2_ADV_X0Y1      MMCME2_ADV (Prop_mmcme2_adv_CLKIN1_CLKOUT0)
                                                     -6.996    -4.219 r  design_1_i/clk_wiz_0/inst/mmcm_adv_inst/CLKOUT0
                         net (fo=1, routed)           1.760    -2.459    design_1_i/clk_wiz_0/inst/clk_out1_design_1_clk_wiz_0_0
    BUFGCTRL_X0Y16       BUFG (Prop_bufg_I_O)         0.101    -2.358 r  design_1_i/clk_wiz_0/inst/clkout1_buf/O
                         net (fo=300, routed)         1.674    -0.684    design_1_i/bclk_div_0/inst/mclk
    SLICE_X35Y38         FDRE                                         r  design_1_i/bclk_div_0/inst/counter_reg[1]/C
  -------------------------------------------------------------------    -------------------
    SLICE_X35Y38         FDRE (Prop_fdre_C_Q)         0.419    -0.265 r  design_1_i/bclk_div_0/inst/counter_reg[1]/Q
                         net (fo=4, routed)           2.346     2.081    ac_bclk_OBUF
    R19                  OBUF (Prop_obuf_I_O)         3.724     5.805 r  ac_bclk_OBUF_inst/O
                         net (fo=0)                   0.000     5.805    ac_bclk
    R19                                                               r  ac_bclk
  -------------------------------------------------------------------    -------------------





Min Delay Paths
--------------------------------------------------------------------------------------
Slack:                    inf
  Source:                 design_1_i/clk_wiz_0/inst/mmcm_adv_inst/CLKOUT0
                            (clock source 'clk_out1_design_1_clk_wiz_0_0'  {rise@0.000ns fall@40.690ns period=81.380ns})
  Destination:            ac_mclk
                            (output port)
  Path Group:             (none)
  Path Type:              Min at Fast Process Corner
  Data Path Delay:        2.457ns  (logic 1.229ns (50.011%)  route 1.228ns (49.989%))
  Logic Levels:           2  (BUFG=1 OBUF=1)
  Clock Uncertainty:      0.590ns  ((TSJ^2 + DJ^2)^1/2) / 2 + PE
    Total System Jitter     (TSJ):    0.050ns
    Discrete Jitter          (DJ):    0.474ns
    Phase Error              (PE):    0.352ns

    Location             Delay type                Incr(ns)  Path(ns)    Netlist Resource(s)
  -------------------------------------------------------------------    -------------------
                         (clock clk_out1_design_1_clk_wiz_0_0 rise edge)
                                                      0.000     0.000 r  <hidden>
    K17                                               0.000     0.000 r  sys_clock
                         net (fo=0)                   0.000     0.000    design_1_i/clk_wiz_0/inst/clk_in1
    K17                  IBUF (Prop_ibuf_I_O)         0.259     0.259 r  design_1_i/clk_wiz_0/inst/clkin1_ibufg/O
                         net (fo=1, routed)           0.440     0.700    design_1_i/clk_wiz_0/inst/clk_in1_design_1_clk_wiz_0_0
  -------------------------------------------------------------------    -------------------
    MMCME2_ADV_X0Y1      MMCME2_ADV (Prop_mmcme2_adv_CLKIN1_CLKOUT0)
                                                     -2.268    -1.568 r  design_1_i/clk_wiz_0/inst/mmcm_adv_inst/CLKOUT0
                         net (fo=1, routed)           0.482    -1.086    design_1_i/clk_wiz_0/inst/clk_out1_design_1_clk_wiz_0_0
    BUFGCTRL_X0Y16       BUFG (Prop_bufg_I_O)         0.026    -1.060 r  design_1_i/clk_wiz_0/inst/clkout1_buf/O
                         net (fo=300, routed)         0.746    -0.314    ac_mclk_OBUF
    R17                  OBUF (Prop_obuf_I_O)         1.203     0.889 r  ac_mclk_OBUF_inst/O
                         net (fo=0)                   0.000     0.889    ac_mclk
    R17                                                               r  ac_mclk
  -------------------------------------------------------------------    -------------------

Slack:                    inf
  Source:                 design_1_i/bclk_div_0/inst/counter_reg[1]/C
                            (rising edge-triggered cell FDRE clocked by clk_out1_design_1_clk_wiz_0_0  {rise@0.000ns fall@40.690ns period=81.380ns})
  Destination:            ac_bclk
                            (output port)
  Path Group:             (none)
  Path Type:              Min at Fast Process Corner
  Data Path Delay:        2.111ns  (logic 1.434ns (67.913%)  route 0.677ns (32.087%))
  Logic Levels:           1  (OBUF=1)
  Clock Uncertainty:      0.590ns  ((TSJ^2 + DJ^2)^1/2) / 2 + PE
    Total System Jitter     (TSJ):    0.050ns
    Discrete Jitter          (DJ):    0.474ns
    Phase Error              (PE):    0.352ns

    Location             Delay type                Incr(ns)  Path(ns)    Netlist Resource(s)
  -------------------------------------------------------------------    -------------------
                         (clock clk_out1_design_1_clk_wiz_0_0 rise edge)
                                                      0.000     0.000 r  <hidden>
    K17                                               0.000     0.000 r  sys_clock
                         net (fo=0)                   0.000     0.000    design_1_i/clk_wiz_0/inst/clk_in1
    K17                  IBUF (Prop_ibuf_I_O)         0.259     0.259 r  design_1_i/clk_wiz_0/inst/clkin1_ibufg/O
                         net (fo=1, routed)           0.440     0.700    design_1_i/clk_wiz_0/inst/clk_in1_design_1_clk_wiz_0_0
    MMCME2_ADV_X0Y1      MMCME2_ADV (Prop_mmcme2_adv_CLKIN1_CLKOUT0)
                                                     -2.268    -1.568 r  design_1_i/clk_wiz_0/inst/mmcm_adv_inst/CLKOUT0
                         net (fo=1, routed)           0.482    -1.086    design_1_i/clk_wiz_0/inst/clk_out1_design_1_clk_wiz_0_0
    BUFGCTRL_X0Y16       BUFG (Prop_bufg_I_O)         0.026    -1.060 r  design_1_i/clk_wiz_0/inst/clkout1_buf/O
                         net (fo=300, routed)         0.563    -0.497    design_1_i/bclk_div_0/inst/mclk
    SLICE_X35Y38         FDRE                                         r  design_1_i/bclk_div_0/inst/counter_reg[1]/C
  -------------------------------------------------------------------    -------------------
    SLICE_X35Y38         FDRE (Prop_fdre_C_Q)         0.128    -0.369 r  design_1_i/bclk_div_0/inst/counter_reg[1]/Q
                         net (fo=4, routed)           0.677     0.308    ac_bclk_OBUF
    R19                  OBUF (Prop_obuf_I_O)         1.306     1.614 r  ac_bclk_OBUF_inst/O
                         net (fo=0)                   0.000     1.614    ac_bclk
    R19                                                               r  ac_bclk
  -------------------------------------------------------------------    -------------------

Slack:                    inf
  Source:                 design_1_i/i2s_tx_0/inst/sda_reg/C
                            (rising edge-triggered cell FDRE clocked by clk_out1_design_1_clk_wiz_0_0  {rise@0.000ns fall@40.690ns period=81.380ns})
  Destination:            ac_pbdat
                            (output port)
  Path Group:             (none)
  Path Type:              Min at Fast Process Corner
  Data Path Delay:        2.285ns  (logic 1.379ns (60.326%)  route 0.907ns (39.674%))
  Logic Levels:           1  (OBUF=1)
  Clock Uncertainty:      0.590ns  ((TSJ^2 + DJ^2)^1/2) / 2 + PE
    Total System Jitter     (TSJ):    0.050ns
    Discrete Jitter          (DJ):    0.474ns
    Phase Error              (PE):    0.352ns

    Location             Delay type                Incr(ns)  Path(ns)    Netlist Resource(s)
  -------------------------------------------------------------------    -------------------
                         (clock clk_out1_design_1_clk_wiz_0_0 rise edge)
                                                      0.000     0.000 r  <hidden>
    K17                                               0.000     0.000 r  sys_clock
                         net (fo=0)                   0.000     0.000    design_1_i/clk_wiz_0/inst/clk_in1
    K17                  IBUF (Prop_ibuf_I_O)         0.259     0.259 r  design_1_i/clk_wiz_0/inst/clkin1_ibufg/O
                         net (fo=1, routed)           0.440     0.700    design_1_i/clk_wiz_0/inst/clk_in1_design_1_clk_wiz_0_0
    MMCME2_ADV_X0Y1      MMCME2_ADV (Prop_mmcme2_adv_CLKIN1_CLKOUT0)
                                                     -2.268    -1.568 r  design_1_i/clk_wiz_0/inst/mmcm_adv_inst/CLKOUT0
                         net (fo=1, routed)           0.482    -1.086    design_1_i/clk_wiz_0/inst/clk_out1_design_1_clk_wiz_0_0
    BUFGCTRL_X0Y16       BUFG (Prop_bufg_I_O)         0.026    -1.060 r  design_1_i/clk_wiz_0/inst/clkout1_buf/O
                         net (fo=300, routed)         0.561    -0.499    design_1_i/i2s_tx_0/inst/mclk
    SLICE_X28Y34         FDRE                                         r  design_1_i/i2s_tx_0/inst/sda_reg/C
  -------------------------------------------------------------------    -------------------
    SLICE_X28Y34         FDRE (Prop_fdre_C_Q)         0.164    -0.335 r  design_1_i/i2s_tx_0/inst/sda_reg/Q
                         net (fo=2, routed)           0.907     0.571    ac_pbdat_OBUF
    R18                  OBUF (Prop_obuf_I_O)         1.215     1.786 r  ac_pbdat_OBUF_inst/O
                         net (fo=0)                   0.000     1.786    ac_pbdat
    R18                                                               r  ac_pbdat
  -------------------------------------------------------------------    -------------------

Slack:                    inf
  Source:                 design_1_i/i2s_tx_0/inst/lrc_reg/C
                            (rising edge-triggered cell FDRE clocked by clk_out1_design_1_clk_wiz_0_0  {rise@0.000ns fall@40.690ns period=81.380ns})
  Destination:            ac_pblrc
                            (output port)
  Path Group:             (none)
  Path Type:              Min at Fast Process Corner
  Data Path Delay:        2.334ns  (logic 1.385ns (59.330%)  route 0.949ns (40.670%))
  Logic Levels:           1  (OBUF=1)
  Clock Uncertainty:      0.590ns  ((TSJ^2 + DJ^2)^1/2) / 2 + PE
    Total System Jitter     (TSJ):    0.050ns
    Discrete Jitter          (DJ):    0.474ns
    Phase Error              (PE):    0.352ns

    Location             Delay type                Incr(ns)  Path(ns)    Netlist Resource(s)
  -------------------------------------------------------------------    -------------------
                         (clock clk_out1_design_1_clk_wiz_0_0 rise edge)
                                                      0.000     0.000 r  <hidden>
    K17                                               0.000     0.000 r  sys_clock
                         net (fo=0)                   0.000     0.000    design_1_i/clk_wiz_0/inst/clk_in1
    K17                  IBUF (Prop_ibuf_I_O)         0.259     0.259 r  design_1_i/clk_wiz_0/inst/clkin1_ibufg/O
                         net (fo=1, routed)           0.440     0.700    design_1_i/clk_wiz_0/inst/clk_in1_design_1_clk_wiz_0_0
    MMCME2_ADV_X0Y1      MMCME2_ADV (Prop_mmcme2_adv_CLKIN1_CLKOUT0)
                                                     -2.268    -1.568 r  design_1_i/clk_wiz_0/inst/mmcm_adv_inst/CLKOUT0
                         net (fo=1, routed)           0.482    -1.086    design_1_i/clk_wiz_0/inst/clk_out1_design_1_clk_wiz_0_0
    BUFGCTRL_X0Y16       BUFG (Prop_bufg_I_O)         0.026    -1.060 r  design_1_i/clk_wiz_0/inst/clkout1_buf/O
                         net (fo=300, routed)         0.559    -0.501    design_1_i/i2s_tx_0/inst/mclk
    SLICE_X34Y32         FDRE                                         r  design_1_i/i2s_tx_0/inst/lrc_reg/C
  -------------------------------------------------------------------    -------------------
    SLICE_X34Y32         FDRE (Prop_fdre_C_Q)         0.164    -0.337 r  design_1_i/i2s_tx_0/inst/lrc_reg/Q
                         net (fo=1, routed)           0.949     0.612    ac_pblrc_OBUF
    T19                  OBUF (Prop_obuf_I_O)         1.221     1.832 r  ac_pblrc_OBUF_inst/O
                         net (fo=0)                   0.000     1.832    ac_pblrc
    T19                                                               r  ac_pblrc
  -------------------------------------------------------------------    -------------------

Slack:                    inf
  Source:                 design_1_i/i2s_rx_0/inst/lrc_counter_reg[5]/C
                            (rising edge-triggered cell FDRE clocked by clk_out1_design_1_clk_wiz_0_0  {rise@0.000ns fall@40.690ns period=81.380ns})
  Destination:            ac_reclrc
                            (output port)
  Path Group:             (none)
  Path Type:              Min at Fast Process Corner
  Data Path Delay:        2.390ns  (logic 1.395ns (58.354%)  route 0.995ns (41.646%))
  Logic Levels:           1  (OBUF=1)
  Clock Uncertainty:      0.590ns  ((TSJ^2 + DJ^2)^1/2) / 2 + PE
    Total System Jitter     (TSJ):    0.050ns
    Discrete Jitter          (DJ):    0.474ns
    Phase Error              (PE):    0.352ns

    Location             Delay type                Incr(ns)  Path(ns)    Netlist Resource(s)
  -------------------------------------------------------------------    -------------------
                         (clock clk_out1_design_1_clk_wiz_0_0 rise edge)
                                                      0.000     0.000 r  <hidden>
    K17                                               0.000     0.000 r  sys_clock
                         net (fo=0)                   0.000     0.000    design_1_i/clk_wiz_0/inst/clk_in1
    K17                  IBUF (Prop_ibuf_I_O)         0.259     0.259 r  design_1_i/clk_wiz_0/inst/clkin1_ibufg/O
                         net (fo=1, routed)           0.440     0.700    design_1_i/clk_wiz_0/inst/clk_in1_design_1_clk_wiz_0_0
    MMCME2_ADV_X0Y1      MMCME2_ADV (Prop_mmcme2_adv_CLKIN1_CLKOUT0)
                                                     -2.268    -1.568 r  design_1_i/clk_wiz_0/inst/mmcm_adv_inst/CLKOUT0
                         net (fo=1, routed)           0.482    -1.086    design_1_i/clk_wiz_0/inst/clk_out1_design_1_clk_wiz_0_0
    BUFGCTRL_X0Y16       BUFG (Prop_bufg_I_O)         0.026    -1.060 r  design_1_i/clk_wiz_0/inst/clkout1_buf/O
                         net (fo=300, routed)         0.561    -0.499    design_1_i/i2s_rx_0/inst/mclk
    SLICE_X26Y35         FDRE                                         r  design_1_i/i2s_rx_0/inst/lrc_counter_reg[5]/C
  -------------------------------------------------------------------    -------------------
    SLICE_X26Y35         FDRE (Prop_fdre_C_Q)         0.141    -0.358 r  design_1_i/i2s_rx_0/inst/lrc_counter_reg[5]/Q
                         net (fo=4, routed)           0.995     0.637    ac_reclrc_OBUF
    Y18                  OBUF (Prop_obuf_I_O)         1.254     1.891 r  ac_reclrc_OBUF_inst/O
                         net (fo=0)                   0.000     1.891    ac_reclrc
    Y18                                                               r  ac_reclrc
  -------------------------------------------------------------------    -------------------





--------------------------------------------------------------------------------------
Path Group:  (none)
From Clock:  
  To Clock:  clk_out1_design_1_clk_wiz_0_0

Max Delay             1 Endpoint
Min Delay             1 Endpoint
--------------------------------------------------------------------------------------


Max Delay Paths
--------------------------------------------------------------------------------------
Slack:                    inf
  Source:                 ac_recdat
                            (input port)
  Destination:            design_1_i/i2s_rx_0/inst/sample_out_reg[0]/D
                            (rising edge-triggered cell FDRE clocked by clk_out1_design_1_clk_wiz_0_0  {rise@0.000ns fall@40.690ns period=81.380ns})
  Path Group:             (none)
  Path Type:              Setup (Max at Slow Process Corner)
  Data Path Delay:        3.292ns  (logic 1.451ns (44.075%)  route 1.841ns (55.925%))
  Logic Levels:           1  (IBUF=1)
  Clock Path Skew:        -1.340ns (DCD - SCD + CPR)
    Destination Clock Delay (DCD):    -1.340ns
    Source Clock Delay      (SCD):    0.000ns
    Clock Pessimism Removal (CPR):    0.000ns
  Clock Uncertainty:      0.590ns  ((TSJ^2 + DJ^2)^1/2) / 2 + PE
    Total System Jitter     (TSJ):    0.050ns
    Discrete Jitter          (DJ):    0.474ns
    Phase Error              (PE):    0.352ns

    Location             Delay type                Incr(ns)  Path(ns)    Netlist Resource(s)
  -------------------------------------------------------------------    -------------------
    R16                                               0.000     0.000 r  ac_recdat
                         net (fo=0)                   0.000     0.000    ac_recdat
    R16                  IBUF (Prop_ibuf_I_O)         1.451     1.451 r  ac_recdat_IBUF_inst/O
                         net (fo=1, routed)           1.841     3.292    design_1_i/i2s_rx_0/inst/sda
    SLICE_X30Y30         FDRE                                         r  design_1_i/i2s_rx_0/inst/sample_out_reg[0]/D
  -------------------------------------------------------------------    -------------------

                         (clock clk_out1_design_1_clk_wiz_0_0 rise edge)
                                                      0.000     0.000 r  <hidden>
    K17                                               0.000     0.000 r  sys_clock
                         net (fo=0)                   0.000     0.000    design_1_i/clk_wiz_0/inst/clk_in1
    K17                  IBUF (Prop_ibuf_I_O)         1.421     1.421 r  design_1_i/clk_wiz_0/inst/clkin1_ibufg/O
                         net (fo=1, routed)           1.162     2.583    design_1_i/clk_wiz_0/inst/clk_in1_design_1_clk_wiz_0_0
    MMCME2_ADV_X0Y1      MMCME2_ADV (Prop_mmcme2_adv_CLKIN1_CLKOUT0)
                                                     -7.105    -4.522 r  design_1_i/clk_wiz_0/inst/mmcm_adv_inst/CLKOUT0
                         net (fo=1, routed)           1.599    -2.923    design_1_i/clk_wiz_0/inst/clk_out1_design_1_clk_wiz_0_0
    BUFGCTRL_X0Y16       BUFG (Prop_bufg_I_O)         0.091    -2.832 r  design_1_i/clk_wiz_0/inst/clkout1_buf/O
                         net (fo=300, routed)         1.491    -1.340    design_1_i/i2s_rx_0/inst/mclk
    SLICE_X30Y30         FDRE                                         r  design_1_i/i2s_rx_0/inst/sample_out_reg[0]/C





Min Delay Paths
--------------------------------------------------------------------------------------
Slack:                    inf
  Source:                 ac_recdat
                            (input port)
  Destination:            design_1_i/i2s_rx_0/inst/sample_out_reg[0]/D
                            (rising edge-triggered cell FDRE clocked by clk_out1_design_1_clk_wiz_0_0  {rise@0.000ns fall@40.690ns period=81.380ns})
  Path Group:             (none)
  Path Type:              Hold (Min at Fast Process Corner)
  Data Path Delay:        1.040ns  (logic 0.219ns (21.064%)  route 0.821ns (78.936%))
  Logic Levels:           1  (IBUF=1)
  Clock Path Skew:        -0.740ns (DCD - SCD - CPR)
    Destination Clock Delay (DCD):    -0.740ns
    Source Clock Delay      (SCD):    0.000ns
    Clock Pessimism Removal (CPR):    -0.000ns

    Location             Delay type                Incr(ns)  Path(ns)    Netlist Resource(s)
  -------------------------------------------------------------------    -------------------
    R16                                               0.000     0.000 r  ac_recdat
                         net (fo=0)                   0.000     0.000    ac_recdat
    R16                  IBUF (Prop_ibuf_I_O)         0.219     0.219 r  ac_recdat_IBUF_inst/O
                         net (fo=1, routed)           0.821     1.040    design_1_i/i2s_rx_0/inst/sda
    SLICE_X30Y30         FDRE                                         r  design_1_i/i2s_rx_0/inst/sample_out_reg[0]/D
  -------------------------------------------------------------------    -------------------

                         (clock clk_out1_design_1_clk_wiz_0_0 rise edge)
                                                      0.000     0.000 r  <hidden>
    K17                                               0.000     0.000 r  sys_clock
                         net (fo=0)                   0.000     0.000    design_1_i/clk_wiz_0/inst/clk_in1
    K17                  IBUF (Prop_ibuf_I_O)         0.447     0.447 r  design_1_i/clk_wiz_0/inst/clkin1_ibufg/O
                         net (fo=1, routed)           0.480     0.927    design_1_i/clk_wiz_0/inst/clk_in1_design_1_clk_wiz_0_0
    MMCME2_ADV_X0Y1      MMCME2_ADV (Prop_mmcme2_adv_CLKIN1_CLKOUT0)
                                                     -3.047    -2.120 r  design_1_i/clk_wiz_0/inst/mmcm_adv_inst/CLKOUT0
                         net (fo=1, routed)           0.528    -1.592    design_1_i/clk_wiz_0/inst/clk_out1_design_1_clk_wiz_0_0
    BUFGCTRL_X0Y16       BUFG (Prop_bufg_I_O)         0.029    -1.563 r  design_1_i/clk_wiz_0/inst/clkout1_buf/O
                         net (fo=300, routed)         0.823    -0.740    design_1_i/i2s_rx_0/inst/mclk
    SLICE_X30Y30         FDRE                                         r  design_1_i/i2s_rx_0/inst/sample_out_reg[0]/C





